transaction_amount,transaction_velocity,network_latency,merchant_age_days,geo_distance,device_risk,retry_count,bank_latency,hour_of_day,merchant_risk,fraud_label,routing_failure_label,reliability_failure_label
2971.18,2,352.64,334.27,160.3,0.094,0,131.99,5,0.208,0,1,0
1574.57,2,276.64,112.78,1.11,0.42,1,230.57,20,0.32,0,1,0
3455.38,7,88.56,1673.75,18.37,0.288,0,242.99,3,0.028,0,0,0
8291.86,5,81.38,1991.12,114.8,0.16,0,252.58,14,0.2,0,0,1
1430.6,8,220.17,205.41,1.65,0.151,1,172.13,15,0.106,0,0,0
1430.62,7,168.57,1710.18,157.25,0.076,0,192.55,20,0.29,0,0,0
8771.06,5,329.58,545.86,24.55,0.368,0,152.91,0,0.17,0,0,1
3894.94,4,306.84,35.52,6.1,0.21,0,270.75,8,0.081,0,0,1
1130.62,3,291.37,636.73,17.92,0.663,0,172.53,19,0.536,0,1,0
3110.57,9,181.4,1511.18,82.56,0.168,0,150.93,11,0.348,0,0,0
1137.49,4,267.7,404.21,323.15,0.038,1,200.98,18,0.074,0,0,0
1134.87,8,290.08,640.59,7.18,0.397,1,269.22,17,0.234,0,1,0
2302.99,4,208.81,121.23,50.75,0.279,0,169.71,4,0.792,0,0,0
266.86,2,221.25,1477.13,129.72,0.312,2,107.6,16,0.14,0,1,1
322.17,2,286.4,90.44,114.99,0.369,0,214.0,7,0.436,0,0,0
1030.41,5,118.62,79.35,24.17,0.19,0,103.71,14,0.065,0,0,0
656.66,8,180.6,2169.15,100.41,0.167,1,234.48,10,0.216,0,0,0
2475.62,5,171.02,1653.84,10.63,0.077,1,121.57,15,0.474,0,1,0
729.22,6,368.17,684.3,50.0,0.098,0,115.98,20,0.499,0,1,0
440.41,3,186.13,89.78,45.57,0.404,1,327.57,12,0.298,0,1,0
7829.46,5,253.32,631.7,76.37,0.268,1,290.9,12,0.417,1,1,1
1442.63,8,327.49,2026.03,13.0,0.564,1,127.04,2,0.508,0,1,0
1934.35,4,158.96,758.13,49.56,0.057,0,156.64,19,0.583,0,0,0
434.96,5,355.12,176.75,47.13,0.211,2,173.18,23,0.39,0,1,0
1049.03,1,365.39,1890.13,4.4,0.198,1,259.9,12,0.576,0,0,0
2020.14,5,20.0,1604.69,20.07,0.405,0,192.94,13,0.223,0,0,0
571.92,6,292.77,632.76,11.62,0.255,0,153.67,9,0.629,0,0,1
2632.52,3,374.14,1529.75,390.21,0.329,0,144.23,0,0.071,0,0,0
991.64,6,203.87,46.41,233.35,0.389,0,132.86,5,0.112,0,0,0
1350.6,5,314.81,494.7,14.55,0.409,1,128.77,21,0.545,0,0,0
990.58,5,91.06,156.9,82.65,0.352,1,319.39,14,0.208,0,0,0
11525.05,6,59.84,1453.86,84.77,0.065,1,229.45,13,0.198,0,0,1
1783.8,6,199.11,2837.66,137.37,0.343,0,210.98,15,0.085,0,0,0
627.84,7,132.92,2135.44,6.92,0.058,2,208.07,15,0.335,0,0,0
4115.62,6,292.76,559.89,55.07,0.324,2,159.2,13,0.144,0,0,1
533.34,5,288.88,572.31,11.53,0.042,0,149.67,16,0.197,0,0,0
2228.01,6,461.48,1910.76,53.6,0.291,1,329.33,11,0.182,0,0,0
254.76,6,345.72,1023.38,102.86,0.263,1,168.36,8,0.106,0,0,0
479.05,5,178.27,62.03,4.24,0.332,0,68.68,10,0.592,1,0,0
2201.43,10,255.44,109.88,50.67,0.547,0,190.28,12,0.235,0,0,0
3783.73,4,276.09,2424.63,38.57,0.204,1,109.58,19,0.712,0,0,1
2146.02,8,313.35,364.43,9.65,0.075,1,182.49,10,0.616,0,1,0
1610.58,6,20.0,165.97,13.56,0.211,0,249.24,22,0.563,0,1,0
1337.95,4,195.64,1064.04,36.75,0.679,2,25.45,8,0.398,0,0,0
412.19,5,375.07,1694.14,98.48,0.1,0,123.25,13,0.415,0,0,0
880.21,4,297.36,185.1,56.22,0.109,0,79.64,8,0.127,0,0,1
1140.66,6,254.74,231.68,1.39,0.124,1,156.97,19,0.157,0,0,0
5203.68,2,187.71,1841.6,6.74,0.309,2,168.31,22,0.136,0,0,1
2549.41,2,234.22,10.61,107.13,0.41,2,298.13,10,0.44,0,1,1
310.12,9,255.0,1908.34,52.87,0.321,1,214.67,11,0.117,1,0,0
2500.09,1,140.72,32.04,0.91,0.456,1,176.39,21,0.421,0,0,1
1230.18,3,282.1,80.21,45.34,0.272,1,262.51,11,0.375,0,1,0
918.81,4,258.42,1586.0,9.23,0.072,1,222.58,23,0.695,0,1,0
3333.16,3,199.85,228.46,126.24,0.148,0,141.56,9,0.456,0,0,0
5069.51,2,199.53,203.6,6.53,0.569,0,257.86,21,0.16,0,0,1
4588.37,6,100.51,1486.98,4.0,0.062,1,243.47,9,0.189,0,0,1
781.16,2,383.04,625.05,51.75,0.271,4,174.19,6,0.098,0,0,0
1327.15,7,309.54,345.39,78.69,0.188,1,103.23,1,0.226,0,0,1
2518.11,10,284.51,1002.06,16.0,0.602,2,94.99,5,0.131,0,0,0
4796.04,1,314.55,1327.51,17.93,0.417,0,176.71,21,0.267,0,0,0
1119.71,2,20.0,1588.87,22.06,0.484,2,278.35,15,0.326,0,0,0
1501.68,4,453.53,101.68,72.58,0.065,1,213.53,19,0.092,0,0,0
598.04,4,20.0,698.86,15.19,0.189,0,228.38,8,0.357,0,0,0
546.64,8,356.79,907.11,4.61,0.174,0,101.14,8,0.403,0,0,0
4074.59,6,261.23,99.07,18.49,0.045,0,206.71,1,0.055,0,0,1
7018.05,2,122.21,753.54,169.12,0.111,0,114.94,14,0.35,0,0,1
1682.42,6,262.52,25.97,28.51,0.299,1,245.1,10,0.309,0,0,0
4932.16,8,308.34,334.32,41.05,0.383,0,307.13,2,0.127,0,1,1
2595.76,8,189.5,151.01,71.84,0.639,0,173.5,17,0.463,0,1,0
948.5,2,394.12,658.98,40.88,0.238,1,242.16,14,0.361,0,0,0
2595.14,5,68.83,169.66,53.48,0.377,2,88.5,11,0.493,0,1,0
8417.23,4,122.42,1245.26,106.16,0.368,2,176.34,15,0.72,0,0,1
1744.41,3,98.13,103.31,23.34,0.199,1,294.69,13,0.381,0,0,0
8644.2,8,78.19,1134.49,5.91,0.18,0,140.82,0,0.046,0,0,1
131.66,3,269.95,83.32,4.96,0.506,2,180.62,11,0.473,0,0,0
4112.98,7,442.51,467.28,76.31,0.386,0,202.41,15,0.263,0,0,1
1972.48,2,352.04,959.28,53.2,0.684,1,103.62,13,0.415,0,0,0
1340.76,1,213.3,140.88,41.79,0.197,2,310.52,17,0.165,0,0,0
1981.8,5,416.69,1116.57,132.96,0.105,3,265.99,6,0.246,0,1,0
247.75,4,373.66,2453.12,49.29,0.273,3,248.54,8,0.143,0,0,0
1451.46,4,169.46,373.96,2.44,0.016,1,227.59,15,0.203,0,0,0
2584.05,4,214.7,1.0,31.62,0.093,0,128.75,11,0.513,0,0,0
7925.92,3,284.75,518.28,12.1,0.409,0,270.89,17,0.092,0,1,1
1076.78,0,156.18,1861.84,48.55,0.387,0,177.53,13,0.628,0,0,0
805.53,2,131.08,874.91,10.39,0.385,0,88.38,23,0.234,0,0,0
1094.71,3,338.55,971.99,51.78,0.384,1,138.42,12,0.616,0,1,0
4516.09,4,366.4,1257.97,107.42,0.095,1,107.23,23,0.641,0,0,0
2511.79,2,127.6,1910.55,4.02,0.382,0,302.36,8,0.235,0,0,0
1064.48,6,293.67,106.65,14.99,0.355,0,288.77,17,0.435,0,1,0
3020.77,5,291.7,713.69,55.97,0.286,1,317.88,1,0.752,0,1,0
1992.36,1,117.58,1763.87,62.1,0.318,0,188.1,20,0.243,0,0,0
4763.06,8,288.8,1196.49,44.19,0.121,1,99.68,5,0.122,0,1,1
896.01,6,312.11,229.02,7.49,0.329,1,160.64,13,0.187,0,0,0
1302.89,1,317.8,1661.04,13.9,0.227,0,189.59,13,0.218,0,1,0
1221.57,9,214.68,278.63,118.95,0.115,2,139.84,18,0.158,0,0,0
418.42,3,284.6,423.31,85.53,0.185,2,212.54,18,0.553,0,1,0
2431.15,9,270.48,164.28,149.81,0.464,1,166.39,4,0.07,0,0,0
2347.38,4,258.2,1731.84,26.3,0.218,3,182.54,12,0.534,0,0,0
1817.31,3,354.13,78.1,28.95,0.049,2,128.85,15,0.165,0,1,1
1429.98,7,132.79,4107.45,14.98,0.183,1,184.98,21,0.203,0,0,1
439.06,5,145.89,318.81,37.17,0.242,0,183.92,18,0.15,0,0,0
1187.2,6,119.89,992.53,88.55,0.596,0,155.97,11,0.179,0,0,0
1283.42,3,366.3,110.24,14.23,0.127,1,207.54,16,0.787,0,1,0
810.56,7,245.66,535.33,7.58,0.225,0,66.91,20,0.254,0,0,0
1538.73,5,172.98,32.77,69.42,0.125,1,180.11,3,0.082,0,1,0
2708.23,8,399.45,1685.61,59.11,0.609,0,346.9,12,0.349,0,0,1
11922.54,7,219.21,473.09,88.37,0.115,1,201.15,19,0.194,0,0,1
2152.91,3,20.0,1086.18,69.62,0.068,0,146.71,14,0.296,0,0,0
2339.17,5,169.76,1799.35,27.18,0.424,0,297.06,3,0.3,0,0,0
1678.33,9,258.72,56.85,8.53,0.226,1,119.78,9,0.701,0,0,1
265.4,5,291.71,573.04,62.68,0.329,0,61.94,23,0.41,0,0,0
1760.73,6,165.92,168.12,105.35,0.224,0,264.76,17,0.083,0,0,0
1920.29,4,196.07,57.2,8.29,0.394,0,190.72,12,0.244,0,0,0
21231.52,6,187.86,778.36,36.56,0.156,0,222.53,12,0.301,0,1,1
1491.65,6,322.71,96.92,19.94,0.176,1,131.55,18,0.201,0,0,0
2444.38,5,407.03,541.72,36.64,0.222,1,124.49,7,0.554,0,1,0
1746.36,6,158.41,175.44,1.59,0.275,4,237.62,19,0.222,0,1,0
561.9,4,415.44,176.24,21.81,0.324,0,136.84,22,0.438,1,0,1
5669.31,4,267.88,592.18,33.1,0.284,0,128.64,2,0.204,0,0,1
3835.03,7,227.34,648.45,8.18,0.231,1,203.64,4,0.541,0,1,0
3987.95,7,210.68,2.79,26.17,0.299,1,338.25,16,0.497,0,1,1
728.23,5,129.47,555.75,9.68,0.116,1,159.53,19,0.133,0,0,0
7352.49,3,143.16,886.32,12.15,0.168,0,73.76,20,0.109,0,0,1
445.03,3,125.17,907.84,190.08,0.08,0,185.21,7,0.597,0,0,0
3251.45,3,113.26,1517.06,46.04,0.528,1,271.08,17,0.311,0,0,1
16162.61,2,291.49,1805.33,24.67,0.115,0,161.2,10,0.266,0,0,1
671.47,6,496.09,780.11,36.83,0.649,0,89.06,2,0.31,0,0,0
1026.29,3,153.96,525.96,24.15,0.189,0,235.54,14,0.326,0,0,0
1997.5,3,210.73,182.63,46.04,0.379,2,313.3,20,0.553,0,0,1
1092.83,11,362.51,108.44,0.02,0.046,2,51.01,18,0.459,0,1,0
383.5,4,123.45,751.44,13.47,0.078,1,303.93,19,0.011,0,0,0
1936.36,10,76.38,2343.7,225.13,0.332,1,267.45,14,0.312,0,0,1
624.97,8,20.0,260.82,5.96,0.193,0,145.63,19,0.578,0,0,0
2903.27,3,251.02,83.8,4.11,0.584,1,195.52,9,0.438,1,0,1
720.95,7,168.05,441.13,33.98,0.319,0,165.59,17,0.226,0,0,0
8517.98,5,86.0,1.0,17.18,0.318,2,162.36,5,0.322,0,1,1
826.13,3,163.2,645.19,38.16,0.49,0,117.5,1,0.308,0,0,0
1310.2,5,347.56,40.6,161.86,0.282,2,74.33,8,0.685,0,0,0
4078.63,6,192.1,2138.52,6.74,0.418,0,248.81,3,0.303,0,0,1
528.02,5,342.86,1631.76,28.99,0.28,0,272.37,12,0.28,0,0,0
2269.83,5,294.73,97.65,71.11,0.698,1,183.64,2,0.299,0,0,1
6681.8,2,259.79,127.1,8.76,0.434,1,219.48,19,0.144,0,0,1
362.32,6,239.63,2453.74,62.26,0.377,1,273.52,8,0.574,0,1,1
2174.67,5,321.66,1343.69,25.56,0.658,1,76.94,0,0.328,0,0,1
2344.63,4,275.79,2278.19,48.49,0.613,0,20.0,13,0.462,0,0,0
3951.39,7,263.81,325.78,37.29,0.131,1,214.39,23,0.327,0,1,0
524.82,5,20.0,94.09,29.94,0.288,0,108.91,2,0.22,0,0,0
482.77,6,203.06,764.41,32.6,0.238,2,42.22,9,0.206,0,0,0
3047.09,6,54.5,2721.88,7.96,0.184,1,167.77,23,0.669,0,0,0
2433.25,6,110.68,111.38,28.47,0.523,0,243.05,11,0.121,0,0,0
2322.72,3,361.16,1366.94,69.93,0.313,2,309.4,13,0.593,0,1,1
2556.64,5,221.37,356.55,113.48,0.234,0,20.0,10,0.286,0,0,0
915.96,4,438.36,98.19,49.27,0.161,0,20.0,19,0.117,0,0,0
2280.74,8,326.83,491.52,87.81,0.102,2,87.16,16,0.405,0,0,0
2423.75,3,157.55,536.69,35.42,0.193,1,213.17,21,0.775,0,0,1
885.05,2,190.55,7.3,12.18,0.462,1,271.51,19,0.101,0,0,0
11681.65,1,317.16,514.65,64.36,0.063,0,59.6,8,0.669,0,0,1
2903.97,7,305.11,834.11,60.51,0.424,1,291.64,18,0.632,1,1,1
549.33,3,355.3,1157.38,0.36,0.161,1,298.68,19,0.449,0,0,0
3486.15,2,20.0,83.01,32.65,0.246,1,31.22,21,0.106,0,0,1
682.2,4,51.07,1673.46,138.03,0.172,1,184.41,11,0.378,0,0,0
3972.24,6,167.11,146.89,207.89,0.476,0,143.32,3,0.291,0,0,1
5759.44,2,319.74,859.03,30.53,0.269,0,153.27,18,0.027,0,0,1
795.78,7,335.03,643.5,63.97,0.248,1,299.89,10,0.488,0,1,0
4738.03,4,20.0,1696.27,0.89,0.264,1,289.18,14,0.199,0,0,1
2731.98,10,134.23,31.53,15.6,0.07,1,148.37,8,0.166,0,0,0
4113.63,8,306.97,170.12,63.96,0.102,1,124.62,13,0.343,0,0,1
12049.68,6,117.26,104.06,52.92,0.143,0,277.29,18,0.201,0,0,1
1414.61,7,273.98,317.46,54.02,0.204,0,245.36,18,0.202,0,0,1
850.87,3,296.42,331.02,59.62,0.034,0,197.01,15,0.317,0,1,0
742.84,4,181.96,74.23,28.05,0.644,1,198.84,8,0.245,0,0,0
799.66,8,250.92,577.77,138.95,0.669,1,126.82,20,0.515,1,0,1
1673.88,5,226.17,98.86,22.8,0.291,2,215.0,4,0.596,0,0,0
2543.13,4,303.42,61.81,116.18,0.474,3,61.12,23,0.084,0,0,0
2384.37,4,215.7,26.99,3.11,0.326,0,123.09,23,0.333,0,0,1
4134.75,5,24.32,2117.66,94.59,0.411,0,250.36,8,0.063,0,0,1
1831.7,5,311.26,404.32,18.07,0.026,0,213.61,19,0.188,0,0,0
7735.18,4,240.61,266.91,53.91,0.207,2,186.45,8,0.249,0,0,1
1387.62,3,310.41,526.65,2.83,0.189,0,226.17,6,0.482,0,0,0
27451.31,6,142.99,137.29,4.17,0.577,1,67.68,3,0.403,0,0,1
3380.12,8,212.42,416.91,2.93,0.213,0,349.88,6,0.035,0,0,1
767.27,5,183.77,169.12,33.17,0.356,0,157.1,19,0.124,0,1,1
619.62,5,353.19,290.38,26.91,0.108,1,206.03,10,0.272,0,0,0
2929.16,3,325.39,2063.89,19.22,0.085,0,225.86,1,0.736,0,0,0
1445.97,5,425.56,128.79,29.53,0.194,0,177.02,9,0.237,0,0,0
3692.28,5,231.15,513.73,18.81,0.102,0,163.11,4,0.316,0,0,0
2902.24,10,94.75,865.07,102.59,0.089,0,192.49,2,0.703,0,0,0
1681.05,4,119.82,2000.8,41.37,0.214,1,169.92,3,0.382,0,1,0
775.27,4,354.75,2051.27,18.57,0.412,1,196.15,23,0.452,0,0,0
397.48,9,403.93,227.23,30.32,0.279,0,286.05,8,0.073,0,0,0
1156.88,5,86.38,2293.94,100.93,0.017,2,149.24,19,0.313,0,0,0
4257.34,4,185.03,322.04,26.31,0.11,0,184.93,8,0.669,0,0,0
2239.69,2,111.58,1802.44,27.86,0.291,1,117.33,1,0.183,0,0,0
520.22,4,484.99,78.27,20.6,0.033,1,158.34,18,0.07,0,0,0
2149.91,4,291.61,176.87,15.09,0.382,0,20.0,21,0.356,0,0,0
2657.97,5,140.06,65.83,31.91,0.163,2,222.8,10,0.546,0,0,0
747.06,2,133.53,284.23,66.7,0.267,0,220.26,6,0.396,0,0,0
2108.49,8,419.58,1656.25,22.94,0.289,4,138.39,21,0.279,0,1,1
1916.41,3,322.53,138.79,12.86,0.191,1,299.92,11,0.474,0,0,1
576.53,5,249.35,203.76,53.94,0.118,0,208.65,19,0.339,0,0,0
2585.79,4,193.82,194.87,82.66,0.231,1,169.69,0,0.308,0,0,1
3167.77,5,196.93,256.93,1.1,0.295,0,20.0,14,0.596,0,0,0
5340.38,7,78.9,15.09,50.04,0.137,1,101.12,17,0.248,0,0,1
5186.44,6,160.51,441.11,115.59,0.441,3,254.04,17,0.526,0,0,1
455.93,7,190.58,2993.59,4.63,0.115,1,86.37,4,0.403,0,1,0
707.81,3,229.06,475.49,114.76,0.187,0,254.97,13,0.327,0,0,0
3026.12,8,235.7,1342.77,6.26,0.186,1,140.14,0,0.286,0,0,0
3022.34,3,360.46,677.84,287.74,0.176,0,151.53,20,0.139,0,0,0
3026.15,6,157.86,12.0,35.85,0.672,2,192.05,8,0.454,0,0,1
85197.85,6,413.89,704.56,65.46,0.584,0,168.49,23,0.459,1,0,1
3199.95,6,231.12,2342.66,3.24,0.022,1,201.5,21,0.273,0,0,0
5628.32,3,288.72,645.07,5.41,0.3,0,228.03,9,0.279,0,0,1
4693.82,1,371.44,600.51,165.25,0.716,1,199.58,22,0.092,0,0,1
3468.2,6,310.94,887.48,223.43,0.439,0,190.9,4,0.213,0,0,1
1319.13,5,335.81,1637.66,16.23,0.116,2,107.59,12,0.668,0,1,0
3862.11,2,175.41,665.48,20.92,0.324,3,193.13,1,0.195,0,0,1
834.79,4,227.61,417.29,0.5,0.339,0,148.81,20,0.219,0,0,0
1426.79,10,335.0,30.23,156.2,0.148,1,146.15,18,0.446,0,1,0
1112.8,3,337.73,94.19,124.84,0.37,0,257.52,8,0.183,0,1,0
1962.3,11,268.68,836.94,6.16,0.159,0,125.09,14,0.391,0,1,0
18300.04,2,334.06,771.84,22.71,0.111,1,335.37,17,0.146,0,0,1
279.43,3,149.79,218.53,170.04,0.147,1,338.91,5,0.238,0,0,0
3591.27,3,328.54,1015.3,6.72,0.025,0,287.65,19,0.216,0,0,1
360.43,2,359.34,262.43,103.47,0.506,4,230.39,22,0.229,0,1,0
1127.85,3,249.16,291.05,11.26,0.533,1,193.69,13,0.164,0,0,0
5371.97,6,270.06,50.69,3.54,0.233,0,113.6,11,0.284,0,0,1
1928.08,6,20.0,639.31,7.67,0.366,0,20.0,5,0.61,0,0,0
615.39,7,415.19,271.4,61.87,0.102,2,157.54,3,0.061,0,0,1
884.21,3,290.76,1367.14,7.38,0.351,0,185.43,0,0.18,0,0,0
3567.42,5,319.23,1293.44,0.19,0.098,2,107.52,4,0.674,0,0,1
870.99,2,289.38,109.98,74.74,0.137,1,111.66,0,0.275,0,0,0
2245.0,5,304.68,139.48,53.28,0.152,1,136.81,22,0.699,0,0,1
1892.34,4,296.12,309.7,105.25,0.538,1,170.88,3,0.108,0,0,0
942.37,1,426.65,695.63,43.1,0.21,0,107.71,23,0.423,0,0,0
15428.07,3,546.95,335.47,2.33,0.608,2,329.93,9,0.386,0,1,1
3408.13,3,380.22,344.94,1.09,0.053,0,182.06,16,0.516,0,0,0
238.62,8,399.51,120.71,76.93,0.042,0,188.11,12,0.196,0,1,0
2178.64,10,195.97,327.09,110.33,0.35,0,328.56,18,0.098,0,0,1
932.82,4,223.59,508.52,80.54,0.243,0,202.89,12,0.285,0,0,0
4240.49,5,293.72,3344.93,23.42,0.096,0,225.98,1,0.197,0,1,1
818.5,6,314.28,1455.95,54.25,0.177,0,300.76,12,0.603,0,1,0
1612.05,3,294.9,1259.96,4.05,0.503,0,358.11,11,0.37,0,1,0
2995.86,11,134.27,656.46,63.33,0.238,0,307.58,16,0.28,0,0,1
4297.36,5,199.59,357.14,14.36,0.035,1,51.85,1,0.046,0,0,0
544.41,5,205.86,1555.63,136.14,0.146,3,64.77,2,0.349,0,0,0
1294.01,3,305.46,341.47,20.6,0.374,2,289.87,21,0.1,0,1,0
1124.46,7,211.49,718.75,20.72,0.102,2,73.52,3,0.298,0,0,0
940.74,2,225.6,237.84,16.87,0.086,1,133.59,11,0.553,0,1,0
10566.61,5,218.25,1198.35,50.19,0.271,1,206.18,8,0.082,0,0,1
2710.75,4,325.18,578.12,5.09,0.311,0,398.77,3,0.53,0,0,0
512.41,6,394.18,1804.32,2.75,0.166,0,361.3,14,0.093,0,0,0
4527.21,4,154.17,673.13,59.56,0.145,1,116.39,4,0.39,0,0,0
15095.56,5,341.41,143.59,145.58,0.19,1,90.49,2,0.213,0,0,1
5076.95,3,141.35,3963.52,68.08,0.536,0,314.84,15,0.34,0,1,1
395.69,5,328.15,557.67,14.37,0.096,1,306.5,16,0.234,0,0,0
1114.06,6,98.04,230.9,22.48,0.339,2,50.79,14,0.481,0,0,0
6418.32,3,415.79,319.53,11.37,0.618,1,146.19,19,0.13,0,0,1
890.99,7,217.18,103.39,57.62,0.228,3,136.63,16,0.236,0,1,0
2818.1,4,275.87,61.45,13.55,0.16,3,235.76,10,0.266,0,0,1
3923.09,2,263.68,479.09,42.35,0.385,3,358.87,12,0.314,0,0,1
715.56,12,413.07,2427.13,91.46,0.264,0,148.88,17,0.202,0,1,0
1703.56,4,170.9,104.98,36.33,0.093,0,70.08,6,0.468,0,0,0
70.72,2,243.46,1864.16,45.01,0.475,2,197.24,12,0.573,0,1,0
649.12,7,268.72,1274.59,172.31,0.088,0,292.84,7,0.258,0,0,0
1404.49,1,366.91,1313.68,19.22,0.274,0,122.5,1,0.032,0,0,0
519.16,0,158.75,990.17,79.83,0.388,0,248.38,15,0.198,0,0,0
9250.3,3,20.0,716.87,58.05,0.021,1,158.48,1,0.633,0,0,1
432.62,10,112.27,103.53,6.0,0.551,0,137.32,8,0.34,0,0,0
1164.39,2,336.92,685.76,229.04,0.297,0,163.11,22,0.468,0,0,0
2060.58,9,259.1,347.06,58.49,0.551,1,135.33,20,0.478,0,0,1
7640.92,3,241.63,89.02,0.7,0.208,2,60.52,5,0.17,0,0,1
430.15,6,148.47,1303.01,64.07,0.332,2,261.84,10,0.725,0,1,0
5785.81,5,258.34,632.69,7.19,0.615,0,211.04,18,0.327,0,1,1
1826.64,3,311.09,1093.05,17.36,0.093,0,172.38,9,0.365,0,0,0
677.56,8,235.8,522.39,21.41,0.083,2,268.9,11,0.102,0,0,0
2870.1,4,405.61,641.86,18.54,0.091,1,226.0,3,0.244,0,0,0
2206.27,5,351.28,996.79,68.22,0.144,0,287.25,15,0.373,0,0,0
992.06,4,234.16,226.9,69.97,0.409,0,261.84,4,0.246,0,0,0
1938.76,4,332.86,1502.11,37.59,0.327,1,304.43,4,0.058,0,0,1
1229.9,3,258.27,437.09,41.85,0.442,0,336.72,13,0.336,0,1,0
2025.39,5,286.87,986.14,18.82,0.248,0,20.0,2,0.21,0,0,0
3505.65,3,222.23,315.72,1.17,0.046,0,231.91,12,0.121,0,0,0
8830.94,7,271.48,969.81,21.67,0.465,1,276.73,20,0.523,0,1,1
524.36,2,71.5,35.6,0.47,0.255,0,218.34,23,0.203,0,0,0
15260.66,7,154.28,2119.02,100.05,0.184,1,87.29,9,0.434,1,0,1
256.7,4,391.75,1236.78,51.19,0.493,3,222.61,13,0.161,0,1,0
1553.42,3,211.41,874.44,193.81,0.33,1,258.89,7,0.102,0,1,0
3256.2,3,123.56,313.11,10.1,0.209,0,93.86,16,0.264,0,0,0
2394.65,8,448.9,1479.11,53.62,0.214,1,196.09,23,0.559,1,1,0
970.0,10,214.34,1167.73,10.41,0.32,1,119.18,0,0.153,0,1,0
1468.33,5,314.2,482.77,50.94,0.122,1,105.28,2,0.105,0,1,0
1104.34,8,188.61,175.97,33.84,0.511,0,199.71,0,0.28,0,0,0
1002.88,1,360.88,154.4,54.63,0.059,1,102.82,3,0.068,0,0,0
4228.5,6,250.6,535.85,64.61,0.076,1,131.38,11,0.253,0,1,1
2583.8,2,48.95,1223.79,36.99,0.393,0,217.35,3,0.339,0,0,0
904.24,4,498.87,1002.71,34.04,0.318,1,202.6,7,0.274,0,0,1
4445.29,4,179.9,544.29,3.61,0.304,0,168.35,18,0.332,0,0,1
2458.48,8,212.04,182.95,22.61,0.439,0,285.63,14,0.278,0,0,1
4075.96,7,104.81,218.74,17.97,0.159,1,221.2,10,0.578,0,1,1
3393.54,4,34.35,47.49,49.12,0.22,0,68.56,19,0.788,1,1,1
789.19,7,381.54,155.64,16.15,0.446,1,150.04,18,0.09,0,0,0
1032.58,5,274.96,10.27,13.22,0.245,0,169.59,1,0.308,0,0,0
3817.28,7,20.0,897.9,94.42,0.165,1,257.95,16,0.255,0,0,1
3328.81,3,204.75,709.85,88.14,0.275,1,20.0,16,0.443,0,0,0
1770.64,4,295.36,3535.37,19.92,0.036,0,171.95,23,0.295,0,0,0
2033.12,8,322.39,1150.99,4.48,0.159,3,238.66,11,0.221,0,0,1
6487.71,7,143.79,226.15,34.42,0.491,0,197.24,15,0.278,0,0,1
1000.67,2,188.46,984.51,30.01,0.038,4,46.51,14,0.55,0,1,0
3124.71,2,168.82,9.8,101.95,0.194,0,231.02,10,0.375,0,0,1
1477.06,6,204.92,3424.02,39.59,0.489,0,118.65,10,0.469,0,0,0
1454.36,8,277.0,762.44,143.04,0.167,0,104.8,13,0.139,0,1,0
5425.02,4,347.5,101.97,33.02,0.358,2,190.78,22,0.414,0,0,1
4127.46,6,278.13,552.15,55.02,0.332,1,38.55,2,0.32,0,0,1
4078.6,8,281.92,2258.96,32.67,0.478,2,211.63,4,0.201,0,0,1
6670.69,6,226.88,1516.1,19.37,0.28,0,205.44,16,0.301,0,0,1
1846.42,4,109.37,284.11,1.39,0.566,1,194.33,21,0.38,0,0,1
3575.83,6,232.54,403.54,78.83,0.238,0,216.99,20,0.589,0,0,0
1325.75,6,198.99,1536.9,116.72,0.617,1,240.52,20,0.585,1,1,0
2500.3,4,167.51,1842.16,66.14,0.323,1,315.88,7,0.402,0,0,0
1587.41,4,252.03,1968.3,15.9,0.09,1,88.11,1,0.139,0,0,0
1992.2,5,62.47,2363.51,84.9,0.363,0,112.02,1,0.522,0,0,0
3278.55,9,194.24,555.39,47.45,0.485,0,267.75,10,0.231,0,0,1
797.74,5,167.36,1581.62,57.43,0.27,0,200.52,8,0.064,0,1,0
14652.81,6,149.23,340.91,3.43,0.46,2,177.81,0,0.46,0,0,1
661.15,9,319.54,1456.65,43.59,0.03,0,214.06,1,0.255,0,0,0
536.9,3,264.88,341.51,41.18,0.18,1,322.93,23,0.634,0,0,0
5756.65,10,306.28,749.84,54.19,0.177,1,177.64,6,0.389,0,0,1
3990.46,7,301.37,505.59,73.84,0.179,1,104.0,0,0.368,0,0,1
3374.9,6,131.67,1787.49,25.93,0.356,1,195.79,3,0.176,0,0,0
3389.19,5,381.23,55.07,8.42,0.212,0,149.28,12,0.293,0,1,1
1786.03,5,192.81,2377.51,128.76,0.139,0,140.26,20,0.166,0,0,0
737.12,9,385.52,496.06,74.93,0.281,0,168.36,10,0.524,0,0,0
1950.43,7,204.15,525.29,38.87,0.438,1,218.65,0,0.357,0,1,0
918.59,7,97.24,1407.36,21.89,0.142,0,81.85,9,0.133,0,0,0
4794.0,5,124.05,877.73,206.67,0.319,1,261.68,9,0.568,0,1,0
1560.78,2,363.84,2458.26,4.91,0.349,0,262.54,2,0.177,0,0,0
791.95,5,315.32,632.81,136.37,0.128,0,97.09,12,0.314,0,0,0
1311.09,4,160.38,654.34,25.89,0.468,2,344.98,3,0.172,0,0,1
2732.39,7,276.2,2851.99,5.09,0.326,1,155.21,12,0.34,0,1,0
1028.93,3,366.61,2087.73,23.84,0.221,1,177.76,6,0.194,0,0,0
794.55,3,445.52,187.26,69.25,0.114,0,246.31,14,0.211,0,1,0
2306.96,6,268.3,293.32,27.65,0.226,2,90.42,10,0.058,0,0,0
2309.92,3,288.67,785.39,33.97,0.537,2,304.82,11,0.829,1,0,0
1089.05,5,230.47,2242.44,86.71,0.496,2,218.66,22,0.504,1,0,0
1128.86,3,251.54,662.91,47.79,0.181,0,198.41,12,0.095,0,0,0
2280.27,8,319.0,1055.88,55.14,0.279,0,127.84,2,0.59,0,0,0
424.93,3,119.85,78.97,8.36,0.245,0,237.55,8,0.256,0,0,0
442.54,7,328.0,591.56,14.55,0.56,1,377.78,13,0.223,0,0,1
881.44,5,203.5,127.76,26.49,0.464,0,140.09,15,0.571,1,0,0
1460.53,6,161.41,241.57,5.82,0.688,2,267.11,4,0.385,0,1,0
2467.37,4,161.85,145.51,16.36,0.088,0,254.76,4,0.519,0,0,0
7905.83,6,478.31,145.13,89.63,0.321,1,174.2,9,0.677,0,1,1
4262.71,7,405.69,3833.93,1.12,0.075,5,346.29,4,0.27,0,1,1
1540.81,10,146.39,283.34,2.61,0.264,0,20.0,15,0.122,0,0,0
1773.99,7,282.47,666.82,58.09,0.359,0,125.52,12,0.8,0,0,0
663.46,6,277.59,16.23,24.4,0.409,1,217.93,3,0.282,0,0,0
1774.88,4,458.04,1313.51,74.15,0.049,0,162.72,1,0.303,0,0,0
1354.71,6,197.24,912.12,134.3,0.326,1,150.02,22,0.613,0,0,0
2496.68,2,20.0,207.82,15.51,0.31,2,239.37,7,0.24,0,0,1
790.58,2,235.48,29.38,1.88,0.476,2,131.76,10,0.059,0,0,0
3039.19,3,217.34,256.8,30.43,0.114,0,231.86,19,0.196,0,0,0
8372.76,9,304.79,792.34,166.52,0.228,0,217.18,11,0.502,0,1,1
1621.72,4,353.05,12.26,39.42,0.038,0,166.67,13,0.427,0,1,0
2701.9,7,387.35,62.68,23.7,0.26,2,197.6,2,0.123,0,0,0
3605.24,8,383.45,421.22,40.15,0.326,2,118.69,5,0.114,0,0,1
1210.49,6,327.94,154.87,9.04,0.144,0,193.48,5,0.227,0,0,1
2262.2,3,376.14,799.33,69.58,0.294,1,200.54,3,0.721,0,1,1
1830.95,6,85.98,153.57,57.04,0.133,0,134.95,11,0.436,0,0,0
1993.56,3,219.12,4043.03,64.39,0.091,0,313.19,4,0.222,0,1,1
834.63,7,250.76,457.9,18.0,0.21,1,253.41,3,0.359,0,1,0
1852.91,6,304.62,128.43,83.97,0.085,2,172.41,15,0.122,0,1,0
2975.0,2,174.55,61.36,111.74,0.513,1,169.34,11,0.198,0,0,0
7716.71,1,169.52,436.56,155.65,0.184,2,392.74,14,0.159,0,0,1
4718.62,2,207.46,1324.77,50.88,0.164,1,167.36,3,0.243,0,0,1
15571.26,5,302.28,462.19,21.4,0.254,1,20.0,19,0.15,0,0,1
839.37,4,20.0,121.66,24.51,0.075,0,226.27,13,0.324,0,0,0
4325.66,5,247.74,536.65,41.69,0.519,1,20.0,12,0.247,0,0,0
2171.87,8,163.31,329.23,42.84,0.344,1,251.4,0,0.326,1,1,0
16152.06,4,146.87,557.51,78.61,0.122,0,239.1,20,0.635,0,0,1
805.69,6,289.86,396.93,4.44,0.042,0,210.72,17,0.236,0,1,0
780.77,3,267.27,835.05,41.8,0.326,2,347.26,2,0.218,0,1,0
992.88,4,274.54,1302.18,21.43,0.034,1,242.76,4,0.31,0,0,0
216.18,8,270.33,1740.43,89.77,0.27,1,232.55,7,0.735,0,0,0
1068.75,5,418.02,1081.64,21.7,0.131,2,234.05,11,0.579,0,1,0
846.29,7,391.39,350.83,31.54,0.164,0,135.7,14,0.056,0,0,0
2101.47,2,82.81,476.03,12.92,0.046,1,245.41,11,0.334,0,0,0
2544.67,5,191.4,821.25,17.53,0.016,1,235.29,7,0.428,0,0,0
11803.73,10,205.68,198.59,40.55,0.023,0,128.1,13,0.159,0,0,1
4677.05,4,67.68,967.89,27.75,0.359,1,122.6,22,0.28,0,0,1
1015.46,5,576.96,839.38,11.25,0.245,0,222.4,14,0.702,0,1,0
736.26,3,262.36,854.82,32.11,0.286,2,257.07,3,0.137,0,0,0
2956.97,3,107.8,324.36,9.04,0.443,1,97.98,1,0.367,0,0,0
482.88,8,378.08,736.17,106.74,0.045,1,150.05,7,0.178,0,0,0
11287.59,3,266.02,176.25,128.98,0.258,1,100.76,18,0.286,0,0,1
5880.75,7,158.86,168.28,12.84,0.303,1,127.63,18,0.581,0,0,1
1130.96,8,333.64,1170.61,2.69,0.295,1,107.48,5,0.223,0,0,1
325.99,4,359.99,381.86,130.89,0.07,1,171.04,13,0.331,0,0,0
7001.45,5,333.02,629.26,18.7,0.111,0,128.5,18,0.283,0,1,1
1612.37,6,315.72,277.09,10.41,0.503,1,169.85,5,0.269,0,1,0
6234.27,1,165.22,215.2,125.86,0.226,0,98.74,9,0.203,0,0,1
367.08,2,52.86,1210.82,107.12,0.076,0,248.54,10,0.574,0,0,0
992.9,3,105.68,1264.61,2.73,0.168,1,85.11,21,0.173,0,0,0
1817.55,4,192.91,1447.7,11.64,0.133,1,177.39,9,0.417,0,0,1
1895.01,4,41.9,1541.76,83.72,0.402,1,142.63,16,0.194,0,1,0
1152.78,4,466.28,423.98,15.54,0.362,1,272.21,17,0.306,0,1,0
3370.61,3,130.56,1324.25,55.2,0.49,0,235.45,12,0.682,0,0,0
621.65,5,227.27,339.64,2.04,0.267,1,347.49,18,0.43,1,0,0
1568.1,5,266.36,43.16,92.14,0.055,1,119.88,13,0.388,0,0,0
2039.16,2,382.22,935.24,27.43,0.204,1,175.82,19,0.202,0,1,0
3024.31,6,308.6,177.47,31.75,0.331,0,250.28,18,0.241,0,1,1
3683.49,3,273.62,480.41,82.58,0.304,0,136.44,15,0.513,0,0,1
587.2,4,530.38,143.18,30.27,0.321,0,108.98,18,0.124,0,0,0
389.9,3,443.08,397.45,5.5,0.075,1,125.07,16,0.473,0,0,0
6487.79,6,297.41,1729.33,35.1,0.188,0,201.58,21,0.782,1,0,1
2520.76,4,284.79,759.78,30.51,0.102,1,146.2,18,0.571,0,0,0
855.35,1,234.13,128.27,29.89,0.068,1,375.71,4,0.167,0,0,0
8528.36,9,337.23,1034.25,10.71,0.46,0,208.99,21,0.858,0,0,1
2029.76,7,205.5,1506.28,8.96,0.256,0,121.39,14,0.104,0,0,1
5879.91,5,161.15,145.59,75.23,0.111,3,261.42,3,0.113,0,1,1
1934.33,4,417.22,1090.36,48.27,0.043,0,157.14,17,0.171,0,0,0
14196.46,2,158.25,637.25,0.32,0.257,1,253.77,17,0.357,0,1,1
10460.28,4,245.7,741.61,90.18,0.388,1,186.85,6,0.057,0,0,1
1409.56,5,203.48,2237.83,6.47,0.248,0,231.22,5,0.182,0,0,0
4777.01,4,241.95,29.8,66.91,0.476,1,125.75,23,0.397,0,0,1
3447.4,6,274.22,814.64,5.05,0.555,0,260.1,3,0.229,0,0,1
7105.55,3,250.74,68.0,177.68,0.37,0,126.83,20,0.846,0,0,1
688.89,7,144.85,1246.94,115.39,0.288,2,212.42,4,0.439,0,1,1
3590.52,5,201.0,1811.72,10.11,0.286,0,294.03,22,0.28,0,0,0
5210.47,6,328.5,72.4,0.42,0.078,0,238.45,19,0.135,0,1,1
311.46,7,276.84,20.94,3.08,0.099,1,250.47,7,0.211,0,0,0
553.77,2,297.43,2492.85,82.71,0.562,2,276.92,10,0.664,0,1,0
235.28,6,358.5,2088.66,3.99,0.311,2,279.01,17,0.375,0,1,1
1381.04,4,314.74,2058.96,75.29,0.269,0,120.81,8,0.377,0,0,0
3705.38,6,178.09,2246.54,85.69,0.31,1,230.94,8,0.039,0,0,1
8122.21,3,289.01,554.67,18.33,0.126,0,114.69,16,0.401,0,0,1
1947.1,6,286.07,3014.32,66.42,0.059,1,131.99,12,0.373,0,0,1
9215.26,8,59.59,1782.82,85.82,0.422,0,205.84,3,0.515,1,1,1
454.82,3,49.32,82.21,75.85,0.093,0,150.48,18,0.251,0,0,0
329.18,7,303.4,1340.07,10.63,0.515,1,241.21,16,0.022,0,0,0
1710.35,15,182.47,997.07,29.83,0.225,0,341.91,23,0.269,0,0,0
2654.64,7,194.6,115.19,3.53,0.209,1,137.43,13,0.204,0,0,1
1749.88,6,282.83,1071.29,37.26,0.213,1,111.47,23,0.538,0,0,0
228.73,3,251.82,530.75,29.2,0.407,1,202.64,11,0.447,0,0,0
1653.88,2,243.18,1538.35,116.46,0.562,0,112.48,5,0.555,0,0,0
490.55,5,429.55,1366.51,0.91,0.282,0,209.4,3,0.53,0,0,1
3532.19,6,220.0,2282.43,37.78,0.081,0,217.56,14,0.436,0,0,1
2608.68,6,281.25,62.61,65.9,0.46,0,394.74,21,0.032,0,0,1
706.36,4,179.37,990.98,31.18,0.648,0,222.89,16,0.062,0,0,0
1081.53,1,374.23,378.66,13.6,0.253,1,149.64,0,0.366,0,1,0
626.9,6,290.38,1196.86,47.06,0.269,4,157.29,11,0.301,0,1,1
1698.19,8,461.36,738.17,217.55,0.217,1,151.9,4,0.474,0,1,0
4699.18,2,267.17,547.48,2.09,0.133,0,233.95,4,0.658,0,0,1
674.7,2,287.12,3.39,10.91,0.447,0,20.0,14,0.125,0,0,0
2993.04,2,245.21,747.5,33.73,0.003,0,233.81,15,0.292,0,0,0
1063.95,5,438.73,436.31,45.52,0.031,0,169.35,18,0.056,0,0,0
818.22,7,294.23,323.41,48.93,0.312,2,224.18,5,0.597,0,0,0
1624.52,7,240.18,3591.36,3.1,0.58,0,159.91,1,0.224,0,0,0
642.11,9,142.72,964.16,6.56,0.491,0,233.69,9,0.277,0,0,0
1039.35,4,20.0,621.02,144.73,0.295,1,137.42,21,0.469,0,0,0
545.73,7,261.0,1624.35,3.92,0.023,0,75.06,12,0.405,0,0,1
12896.68,5,213.63,206.08,27.16,0.169,2,185.0,7,0.292,0,1,1
1872.94,7,20.0,773.87,43.05,0.184,1,185.37,1,0.44,0,0,0
898.09,7,200.77,1578.19,18.86,0.252,2,184.82,14,0.197,0,0,0
2239.44,3,125.16,105.53,14.76,0.366,1,29.71,1,0.575,0,1,0
1615.94,5,450.06,215.44,17.14,0.476,0,206.87,13,0.434,0,1,1
1449.58,5,242.47,69.0,16.61,0.343,2,182.56,3,0.195,1,0,0
3341.47,5,398.5,3908.27,23.85,0.342,1,210.47,20,0.319,0,0,1
3856.47,5,304.07,695.74,6.17,0.437,0,169.54,18,0.291,0,0,0
1063.69,8,372.09,537.87,96.05,0.121,4,353.41,19,0.264,0,1,1
1016.56,2,526.11,330.52,71.23,0.129,1,184.44,8,0.271,0,0,0
1373.27,6,348.08,477.47,1.73,0.58,1,249.2,18,0.217,0,1,1
180.92,6,635.14,1196.38,71.62,0.069,1,318.2,15,0.567,0,1,1
397.35,6,324.92,1988.42,88.03,0.109,0,244.15,16,0.375,0,0,0
7093.08,1,396.4,88.7,127.57,0.373,0,200.96,6,0.4,0,1,1
9367.18,10,209.88,284.92,47.46,0.419,1,322.0,21,0.376,0,0,1
1409.46,5,78.74,167.72,95.81,0.447,2,109.24,7,0.217,0,0,0
3218.13,3,20.0,457.43,71.17,0.368,1,246.98,2,0.22,0,0,1
2468.21,0,356.06,604.84,1.29,0.432,1,104.25,17,0.295,0,0,0
39296.11,7,191.68,1022.04,83.31,0.415,0,202.15,18,0.172,0,0,1
5539.03,4,209.22,1667.78,43.5,0.343,0,119.17,0,0.197,0,0,1
1590.94,6,207.41,624.94,52.57,0.14,1,48.72,21,0.457,0,0,0
695.38,4,169.99,536.75,108.11,0.403,0,59.01,16,0.255,1,0,0
362.69,2,448.86,685.95,0.52,0.441,1,307.66,7,0.428,0,0,0
2216.01,4,144.15,1754.34,5.71,0.258,0,108.87,22,0.396,0,0,0
848.65,9,308.68,836.54,42.64,0.303,0,169.12,15,0.355,0,0,0
436.05,4,308.67,1238.57,26.35,0.233,0,134.65,10,0.645,0,0,0
947.12,5,71.88,1016.93,27.07,0.219,1,281.09,1,0.699,0,0,0
613.05,8,319.21,2056.46,18.71,0.319,0,62.01,12,0.377,0,1,0
9770.68,2,112.02,1358.34,85.34,0.388,0,127.84,1,0.633,0,0,1
4366.16,2,239.17,333.87,5.47,0.124,0,454.32,4,0.165,0,0,1
1793.68,5,203.98,1541.34,38.07,0.055,0,295.32,13,0.402,0,0,0
7942.19,4,256.41,504.06,30.64,0.511,2,111.11,3,0.171,1,0,1
1953.48,8,322.26,1503.02,40.07,0.515,2,276.63,14,0.407,0,0,1
764.11,6,144.31,1889.41,2.59,0.171,0,157.38,1,0.38,0,0,1
8292.64,9,179.98,924.83,56.01,0.181,0,230.52,12,0.265,0,0,1
3099.23,7,54.83,1015.19,0.68,0.51,2,98.76,15,0.33,1,0,1
640.82,2,119.49,121.69,37.52,0.242,1,171.74,11,0.243,0,1,0
1494.67,8,341.23,313.07,15.43,0.391,0,231.52,1,0.179,0,1,0
753.24,3,205.5,652.67,18.77,0.34,1,102.41,16,0.286,0,0,0
453.59,5,359.23,2.82,67.05,0.528,3,162.35,3,0.465,0,1,0
4565.02,4,135.9,1503.31,213.03,0.173,1,204.38,8,0.265,0,0,1
12202.75,5,157.51,368.97,32.25,0.239,1,241.8,17,0.192,0,0,1
446.5,4,382.45,1028.14,55.36,0.281,3,213.82,14,0.518,1,1,1
3174.7,8,277.5,1173.3,14.28,0.119,1,238.24,15,0.581,0,1,1
943.27,0,71.06,635.41,40.37,0.248,0,26.97,15,0.389,0,0,0
1110.84,7,182.08,1249.38,5.27,0.304,0,20.0,3,0.751,1,0,0
999.85,4,353.34,917.59,94.93,0.297,0,172.96,4,0.646,0,1,0
762.05,5,229.8,356.84,30.41,0.045,2,275.34,1,0.415,0,1,0
1897.93,2,396.08,1354.93,22.43,0.299,2,147.76,15,0.459,0,1,1
787.65,3,94.81,808.6,36.02,0.56,1,101.22,0,0.114,0,0,0
2369.55,3,395.61,139.68,122.06,0.371,0,20.0,21,0.456,0,0,0
1719.45,1,108.14,1185.62,74.91,0.499,0,185.66,19,0.313,0,0,0
1423.75,3,279.41,902.07,8.29,0.382,1,59.11,2,0.423,0,0,0
729.56,4,363.69,267.99,73.05,0.251,2,122.54,21,0.445,0,1,0
1015.59,4,265.57,1476.02,24.95,0.463,1,132.03,15,0.265,0,0,0
3848.32,7,318.62,374.73,25.13,0.082,0,20.0,10,0.476,0,1,1
2983.69,9,372.96,643.69,70.9,0.237,0,155.15,12,0.097,0,0,1
680.24,1,306.96,336.25,30.78,0.213,1,331.25,12,0.433,0,0,0
1996.86,3,212.53,1030.95,3.76,0.091,0,359.5,18,0.423,0,0,0
3832.94,5,222.66,696.24,14.17,0.439,2,309.11,17,0.785,1,1,1
340.56,1,148.53,508.35,112.51,0.699,1,98.97,13,0.431,0,1,0
3113.06,3,104.0,16.42,44.82,0.245,0,330.12,9,0.423,0,0,1
932.04,5,407.98,747.53,99.1,0.328,0,153.55,3,0.227,0,0,1
3199.02,7,323.61,779.03,18.2,0.307,2,95.52,14,0.112,0,0,1
842.81,4,423.63,159.97,58.39,0.356,1,146.21,7,0.421,0,1,0
297.41,6,323.01,323.14,76.92,0.05,0,239.66,19,0.601,1,0,0
355.12,4,207.46,1688.17,10.1,0.229,1,115.33,12,0.352,0,1,0
1897.11,3,110.01,637.32,1.18,0.429,1,191.08,15,0.131,0,0,0
2344.25,5,188.3,456.86,50.31,0.221,1,116.27,20,0.178,0,0,0
731.93,4,330.94,2198.62,43.01,0.188,2,304.33,15,0.591,0,1,0
3424.09,4,164.43,1336.82,2.03,0.727,0,221.36,16,0.428,0,0,1
343.26,4,408.16,82.04,26.45,0.389,0,133.63,20,0.47,0,0,0
1692.43,5,206.64,1566.78,41.44,0.037,0,112.61,20,0.262,0,0,0
538.61,4,105.38,129.77,11.92,0.442,3,249.92,6,0.348,0,1,0
942.15,8,212.26,153.71,5.08,0.399,1,225.66,3,0.351,0,1,0
1895.8,3,277.7,62.67,80.8,0.08,0,128.52,19,0.203,0,0,0
764.78,5,454.06,525.22,129.53,0.034,2,118.41,12,0.531,1,1,0
1230.83,4,263.61,827.81,29.66,0.331,1,20.0,21,0.325,0,0,0
4945.79,3,175.36,1121.01,7.19,0.448,0,187.92,5,0.458,0,0,1
1015.47,5,420.06,21.67,27.35,0.159,2,210.77,22,0.142,0,0,1
4170.09,5,387.91,156.68,16.36,0.277,0,110.89,11,0.389,0,0,1
584.23,5,237.03,776.65,33.72,0.252,0,128.39,5,0.14,0,0,0
3071.14,2,55.77,596.54,0.45,0.192,1,297.5,11,0.585,0,0,1
7643.18,4,180.14,42.18,100.86,0.098,1,175.83,12,0.516,0,0,1
152.68,4,337.17,2191.76,2.99,0.045,0,187.44,18,0.141,0,0,0
814.93,7,399.83,1136.74,28.09,0.265,0,81.48,14,0.665,0,1,0
3219.79,2,267.1,355.53,54.11,0.204,1,122.68,4,0.669,0,0,1
1475.8,3,239.85,614.98,52.66,0.49,1,205.24,16,0.284,0,0,1
2620.57,4,188.45,375.05,17.71,0.096,0,234.3,22,0.65,0,0,0
988.33,5,339.55,486.0,34.61,0.157,2,216.54,12,0.543,0,1,0
1971.58,7,127.95,725.44,34.35,0.279,0,119.25,14,0.125,0,0,0
1547.39,5,184.22,406.62,7.04,0.256,1,213.4,3,0.172,0,0,0
5812.59,3,414.65,775.58,23.29,0.077,1,118.23,14,0.785,0,1,1
2331.86,2,366.7,500.61,6.35,0.317,0,131.66,10,0.3,0,0,0
2534.12,5,428.22,856.63,2.94,0.619,0,205.13,21,0.208,0,0,0
1197.66,7,171.75,243.29,2.86,0.196,2,243.74,13,0.076,0,1,0
1110.31,5,99.86,150.21,28.54,0.424,0,346.96,7,0.554,0,0,0
1173.14,5,427.66,10.94,65.39,0.2,2,393.93,17,0.086,0,1,0
2682.36,7,338.49,737.0,208.5,0.461,0,143.5,7,0.528,1,1,0
1186.8,7,373.23,3161.49,42.34,0.186,3,296.77,13,0.515,0,1,0
2415.77,10,340.22,436.32,17.79,0.375,0,231.64,2,0.201,0,0,1
14406.01,4,472.7,191.24,11.6,0.283,0,76.04,23,0.619,0,0,1
4320.49,4,335.01,10.56,59.34,0.482,1,173.3,13,0.118,0,0,1
1305.02,0,275.11,575.24,2.66,0.289,0,267.6,15,0.266,0,0,0
6010.2,3,288.98,3936.41,15.21,0.284,0,187.36,20,0.186,0,0,1
1202.22,3,277.85,3296.98,58.33,0.424,0,264.82,13,0.438,0,0,0
235.54,2,439.45,85.49,29.44,0.379,3,170.15,15,0.585,0,1,0
659.78,9,400.72,1356.03,34.68,0.115,0,149.07,6,0.094,0,0,0
278.44,8,440.64,152.27,185.42,0.357,2,135.3,3,0.121,0,1,0
1272.18,8,20.0,1325.86,25.93,0.616,1,65.5,22,0.089,0,0,0
1841.65,4,222.31,1536.85,45.21,0.164,1,320.74,21,0.666,0,0,0
9666.65,10,143.03,6.21,328.99,0.406,0,84.7,21,0.694,1,0,1
2507.21,3,475.5,216.67,57.98,0.528,1,291.41,4,0.175,0,0,1
1452.29,2,163.4,46.57,36.12,0.169,2,245.92,3,0.38,0,0,0
4143.95,2,324.89,552.78,19.57,0.324,2,190.7,12,0.417,0,0,1
198.12,2,491.39,21.66,187.44,0.064,2,262.96,4,0.366,0,1,1
2288.41,6,292.76,786.98,17.39,0.311,0,212.78,2,0.387,0,0,1
3908.33,2,209.13,653.75,6.16,0.172,2,162.73,2,0.424,0,0,0
412.16,9,277.89,381.65,130.09,0.297,0,153.98,20,0.526,0,1,0
5674.59,8,90.49,495.62,19.21,0.226,0,271.94,0,0.351,0,0,0
2536.39,4,73.34,3691.77,44.44,0.315,2,58.57,0,0.492,0,0,0
1193.58,4,319.52,146.8,51.91,0.095,1,20.0,7,0.499,0,0,0
3404.26,3,20.0,1050.55,15.12,0.089,0,232.24,13,0.695,0,0,1
17512.9,9,244.65,829.21,27.53,0.094,1,168.35,1,0.272,0,0,1
2168.66,10,236.23,871.8,8.45,0.315,0,230.74,2,0.794,0,0,0
2317.45,5,487.68,339.37,107.94,0.321,2,96.19,22,0.353,0,1,1
1142.12,5,315.74,195.16,43.92,0.326,0,136.3,8,0.089,0,0,1
772.9,9,218.22,841.74,110.49,0.212,2,263.04,13,0.03,0,0,0
4147.81,2,365.38,1950.95,14.86,0.115,1,165.37,10,0.15,0,0,1
768.1,5,274.24,2983.34,50.25,0.105,1,118.48,20,0.32,0,0,0
1942.18,5,121.01,524.54,12.29,0.267,1,20.0,6,0.07,0,0,1
1121.41,8,287.35,443.56,17.06,0.165,1,286.9,14,0.058,0,0,1
2918.95,6,270.59,343.33,22.4,0.14,0,200.12,22,0.057,0,0,1
2524.16,6,262.21,1328.48,39.86,0.321,0,222.48,3,0.121,0,0,0
5102.78,7,305.99,235.93,40.57,0.259,1,252.28,9,0.321,0,0,1
1085.7,5,380.06,575.64,11.18,0.489,0,80.17,11,0.37,0,0,0
1380.4,5,295.99,338.56,2.36,0.02,1,137.92,9,0.152,0,1,0
679.42,7,98.56,1668.05,73.94,0.275,0,104.64,23,0.104,0,0,0
1159.46,4,70.12,265.78,37.33,0.233,1,164.6,5,0.664,0,1,1
2636.75,4,206.14,927.93,18.79,0.24,1,20.87,1,0.448,0,0,0
3854.47,6,197.81,710.84,2.71,0.143,1,90.97,14,0.117,0,0,0
718.98,6,294.55,318.44,5.52,0.551,0,291.87,16,0.266,0,0,1
4313.94,4,410.96,235.26,27.55,0.594,0,80.27,23,0.085,0,0,1
7013.82,3,439.42,1302.85,33.07,0.287,3,145.54,14,0.256,0,1,1
2733.76,3,173.96,571.5,23.7,0.378,0,229.1,16,0.187,0,0,0
11811.11,10,38.97,756.29,41.79,0.299,0,262.94,4,0.356,0,1,1
833.98,6,258.18,2617.98,84.12,0.068,1,269.67,15,0.063,0,0,0
520.79,6,382.82,406.02,56.52,0.338,0,219.75,9,0.582,0,1,0
305.3,4,198.6,1346.81,100.88,0.105,0,132.3,15,0.342,0,0,0
8071.09,1,257.5,814.58,47.83,0.196,1,138.07,20,0.127,0,0,1
3478.53,5,230.71,720.21,5.55,0.415,0,175.49,22,0.366,0,1,1
1710.29,7,440.79,44.89,8.12,0.242,1,251.67,5,0.282,0,1,0
2392.2,4,527.04,1947.59,24.76,0.179,0,89.47,10,0.595,0,1,0
586.7,3,330.41,207.64,16.7,0.27,1,259.45,8,0.358,0,1,0
20863.41,5,333.17,512.73,52.81,0.203,1,52.99,17,0.42,0,1,1
2057.45,7,83.02,1115.5,49.15,0.196,1,179.9,18,0.376,0,0,1
2017.06,9,199.74,591.06,31.05,0.088,0,91.61,2,0.272,0,0,0
3735.98,2,356.31,3.48,51.59,0.215,0,207.5,4,0.22,0,1,1
2924.88,6,298.85,2381.34,121.05,0.068,1,215.81,8,0.198,0,0,1
2261.73,2,311.54,16.56,33.84,0.32,2,111.89,20,0.229,0,1,0
820.18,3,45.09,75.37,21.33,0.16,0,263.15,16,0.303,0,0,0
2897.11,5,20.0,203.02,32.34,0.126,0,156.85,10,0.383,0,0,0
11873.03,3,484.77,730.96,7.84,0.264,2,80.26,6,0.146,0,0,1
6942.52,4,232.17,2836.17,5.12,0.321,0,68.22,15,0.297,0,0,1
8894.48,5,49.89,2047.62,26.43,0.449,1,231.74,8,0.204,0,0,1
1084.4,4,235.32,842.92,128.46,0.297,3,130.79,4,0.614,0,0,0
672.09,5,77.93,1082.87,99.35,0.472,0,166.85,17,0.447,0,0,0
1594.34,2,111.85,995.51,56.7,0.208,1,224.49,23,0.658,0,1,0
1911.66,4,160.76,929.11,63.45,0.14,0,35.98,13,0.421,0,0,0
5400.2,5,77.79,1338.73,98.5,0.247,2,125.37,21,0.259,0,1,1
332.8,6,20.0,332.28,123.51,0.478,0,216.12,12,0.262,0,0,0
8346.11,10,341.16,199.92,53.86,0.322,0,168.49,5,0.692,0,1,1
1543.78,5,179.83,341.73,24.38,0.822,0,209.59,18,0.159,0,0,0
1179.82,6,364.08,39.86,7.98,0.336,0,133.12,19,0.676,0,1,0
657.14,7,254.46,2729.88,0.35,0.227,2,201.95,7,0.32,0,1,1
345.55,4,31.46,1076.14,52.2,0.24,0,237.66,13,0.439,0,0,0
4118.2,7,246.48,192.06,25.36,0.535,1,44.47,5,0.245,0,0,1
1945.58,6,419.73,236.35,4.15,0.165,1,301.48,8,0.162,0,1,1
497.72,2,238.06,3925.94,16.33,0.267,3,340.0,10,0.66,0,1,1
495.18,3,163.15,1169.18,31.62,0.071,1,107.5,17,0.184,0,0,0
1292.35,4,76.96,443.63,76.53,0.223,1,203.7,23,0.449,0,1,0
9595.23,4,180.65,185.19,18.9,0.119,0,178.17,23,0.154,0,0,1
1394.66,5,110.47,33.01,53.39,0.168,2,256.17,20,0.084,0,0,0
402.16,7,192.74,885.27,2.21,0.391,2,172.43,1,0.119,0,1,0
1414.11,3,20.0,1211.22,164.01,0.06,2,247.47,5,0.096,0,0,0
1376.47,3,103.99,91.2,178.22,0.056,2,82.94,16,0.164,0,0,0
121.89,6,321.63,1.91,37.57,0.155,2,73.29,13,0.667,0,0,0
1712.49,3,267.42,353.82,53.58,0.423,0,66.18,19,0.042,0,0,0
1435.21,9,210.04,880.77,72.32,0.137,0,188.95,15,0.347,0,0,0
3627.16,7,97.74,2059.47,175.97,0.195,2,43.71,15,0.339,0,0,1
11486.83,5,447.17,1693.13,39.33,0.235,1,123.31,18,0.305,0,0,1
5577.89,6,511.07,933.15,70.4,0.285,3,198.55,12,0.387,0,1,1
1381.76,6,101.17,1345.83,10.68,0.232,0,69.68,7,0.557,0,0,0
597.93,3,353.47,351.88,8.36,0.133,1,305.05,13,0.337,0,1,0
23703.07,8,107.76,224.94,62.33,0.206,2,203.39,10,0.522,0,0,1
1918.35,10,314.04,106.11,128.81,0.347,0,204.25,10,0.22,0,0,0
1833.4,6,20.0,160.35,41.92,0.61,1,276.31,1,0.794,1,0,0
1764.95,7,175.97,2635.97,38.23,0.456,1,67.32,15,0.57,0,0,0
2204.12,2,272.85,2126.92,42.33,0.41,3,316.85,17,0.098,0,0,0
1565.0,5,296.68,38.44,105.82,0.129,1,70.6,0,0.208,0,0,0
1018.76,8,127.64,507.81,80.48,0.223,0,237.56,1,0.304,0,0,0
1046.43,6,320.89,373.87,80.89,0.307,0,141.56,5,0.725,1,0,0
1749.78,2,239.76,843.94,5.63,0.317,0,233.43,2,0.716,0,1,0
1050.03,3,73.85,318.47,71.3,0.334,0,337.56,15,0.215,0,0,0
886.39,10,114.35,263.48,73.12,0.412,1,124.27,8,0.451,0,0,0
2011.09,3,447.28,1325.1,7.09,0.251,1,200.26,0,0.283,0,1,1
1401.11,4,272.03,2351.72,31.88,0.334,0,263.69,0,0.119,0,0,1
8135.5,9,197.56,181.32,5.15,0.302,1,182.92,7,0.337,0,0,1
127.62,2,67.64,214.61,25.29,0.145,0,72.0,16,0.435,0,0,0
5385.72,5,181.24,434.56,51.22,0.439,0,204.8,11,0.463,0,0,1
6286.03,1,273.45,980.17,12.31,0.575,2,118.58,8,0.434,0,1,1
227.38,5,296.41,146.24,7.09,0.731,0,269.71,4,0.215,1,0,0
1283.46,9,265.03,504.79,50.85,0.631,1,130.05,0,0.326,1,0,0
1247.08,2,168.1,1470.32,87.65,0.322,2,378.61,14,0.526,0,1,1
442.52,5,21.42,213.33,8.38,0.761,1,206.5,16,0.248,0,0,0
830.63,6,238.55,39.07,117.3,0.302,2,265.06,14,0.095,0,0,0
595.51,7,245.42,1898.64,66.79,0.302,0,165.68,15,0.534,0,0,0
10428.22,3,144.75,1239.17,56.67,0.606,0,335.78,5,0.113,1,0,1
4608.6,7,224.39,960.0,6.45,0.443,2,198.82,4,0.558,0,1,1
6448.19,7,261.95,73.1,132.78,0.157,2,344.22,17,0.041,0,0,1
3720.72,6,289.27,1836.75,32.07,0.299,2,159.24,12,0.218,0,1,1
584.61,4,348.09,291.38,38.35,0.039,0,212.36,19,0.744,0,1,0
1070.07,10,20.0,190.09,35.94,0.301,1,111.39,23,0.105,0,0,0
2949.45,6,305.17,534.76,37.86,0.35,0,190.46,19,0.498,0,0,1
532.65,8,55.19,2049.08,86.54,0.089,0,145.5,7,0.285,0,0,0
3688.59,3,123.58,4170.36,5.2,0.579,1,81.96,15,0.23,0,0,1
1421.79,6,380.01,761.76,33.06,0.213,2,361.41,15,0.181,0,1,0
1242.87,9,101.23,2489.96,47.59,0.305,0,299.86,22,0.139,0,0,0
3681.07,3,355.47,483.13,6.26,0.345,3,152.59,22,0.402,0,0,1
2819.35,7,178.53,24.09,43.5,0.355,2,206.07,6,0.691,0,1,1
1260.21,4,430.37,257.99,35.58,0.111,0,234.88,22,0.157,0,0,0
5763.67,3,85.42,287.43,12.6,0.186,1,195.78,11,0.086,0,0,1
613.35,9,239.19,1221.21,14.88,0.143,0,95.73,19,0.402,0,1,0
3347.39,4,20.0,106.13,4.51,0.183,0,203.46,0,0.357,0,0,0
3271.82,4,261.07,153.8,61.11,0.58,1,175.41,20,0.477,0,1,0
1326.7,3,50.62,762.09,8.03,0.171,3,173.82,2,0.566,0,1,0
2505.22,2,219.32,111.97,77.78,0.388,0,98.87,7,0.124,0,0,1
517.44,3,144.51,547.38,110.22,0.304,0,73.47,1,0.271,0,0,0
4555.21,6,466.42,28.56,13.79,0.287,1,351.34,6,0.401,0,1,1
1502.82,12,195.15,884.22,15.08,0.066,2,195.57,17,0.243,0,1,1
1072.0,7,450.41,1912.03,6.57,0.378,1,194.88,22,0.367,0,0,0
5161.64,4,129.13,1662.9,38.92,0.345,1,81.21,3,0.34,0,1,1
893.96,7,20.0,61.17,166.51,0.427,0,84.85,20,0.335,0,0,0
442.1,5,341.12,715.24,13.97,0.421,1,312.44,2,0.182,0,0,0
381.22,8,103.17,87.71,8.71,0.331,1,314.09,11,0.572,0,0,0
3314.33,4,383.68,44.01,46.59,0.073,0,168.77,14,0.094,0,0,0
502.49,7,232.8,754.08,97.08,0.355,1,152.77,6,0.281,0,1,0
10454.57,5,321.95,679.76,102.11,0.201,0,280.04,11,0.093,0,0,1
225.44,2,357.04,78.83,21.19,0.374,2,196.01,20,0.384,0,1,0
9862.12,4,516.18,356.85,77.28,0.466,2,40.69,11,0.233,0,0,1
2232.81,6,377.72,304.6,44.87,0.317,1,386.01,10,0.264,0,1,0
1641.37,6,272.95,335.4,66.01,0.049,1,171.53,23,0.201,0,0,0
1048.46,4,354.05,324.2,56.48,0.084,2,268.54,11,0.452,0,1,0
2694.95,3,341.15,1392.81,6.83,0.402,2,140.52,2,0.27,0,0,0
1741.26,4,310.23,349.08,22.12,0.181,2,318.2,3,0.382,0,1,1
5449.62,5,493.13,320.9,72.01,0.435,2,337.0,10,0.456,0,1,1
2026.83,7,222.78,24.05,71.34,0.121,0,177.76,2,0.083,0,1,0
2101.28,10,268.35,1250.07,6.51,0.454,0,47.65,20,0.535,0,0,0
1256.88,7,180.46,862.76,31.0,0.063,1,189.25,8,0.39,0,0,0
1707.96,5,581.88,334.15,101.62,0.46,1,250.24,5,0.275,0,0,0
2459.72,3,212.56,480.95,78.41,0.396,0,184.39,16,0.188,0,0,0
326.96,4,292.45,1264.19,43.49,0.204,1,99.56,20,0.162,0,1,0
469.57,4,135.1,337.54,11.56,0.326,0,317.57,17,0.298,0,0,0
3801.93,8,200.27,513.0,19.62,0.064,0,197.88,9,0.116,0,0,0
2144.94,8,372.06,15.99,53.02,0.487,0,169.03,12,0.431,1,1,1
1504.2,4,234.55,2003.93,76.03,0.228,1,128.93,7,0.133,0,0,0
1841.68,4,391.71,371.21,47.55,0.311,0,106.73,10,0.452,0,0,0
2559.54,8,348.8,281.27,25.16,0.06,1,198.23,20,0.255,0,0,0
1053.89,4,237.43,751.48,42.98,0.21,2,184.69,17,0.256,0,0,0
830.22,6,143.48,598.42,0.19,0.374,0,99.21,1,0.211,0,0,0
2199.19,6,285.84,409.89,66.52,0.535,1,150.05,21,0.342,0,0,1
679.68,1,285.97,2044.46,92.88,0.221,1,216.31,5,0.169,0,0,0
2719.63,5,251.93,360.77,2.36,0.103,0,179.54,5,0.54,0,0,0
329.45,3,286.21,5000.0,25.5,0.27,1,241.03,2,0.454,0,0,0
5060.17,9,165.78,1245.2,94.44,0.49,2,183.62,12,0.095,0,0,1
2900.38,4,329.49,1869.15,45.46,0.494,2,86.3,10,0.203,1,1,1
2335.61,8,301.0,265.87,33.02,0.287,0,289.28,22,0.339,0,1,0
4830.43,8,158.36,58.26,4.55,0.216,0,304.02,14,0.141,0,0,1
9561.26,2,193.08,434.67,66.82,0.456,0,268.34,17,0.195,0,0,1
4985.9,6,243.43,300.79,58.44,0.292,1,58.54,9,0.668,0,1,1
286.9,9,194.15,50.07,44.55,0.226,2,183.03,12,0.214,0,0,0
502.92,4,156.85,59.33,3.12,0.177,1,121.32,14,0.437,0,0,0
967.95,4,374.72,153.19,51.47,0.266,0,176.4,23,0.41,0,0,0
1855.84,6,357.09,379.59,2.65,0.127,1,214.11,8,0.805,0,0,0
3034.07,13,322.89,2189.67,86.34,0.458,1,134.05,22,0.283,0,0,0
875.03,6,109.18,857.82,101.73,0.03,1,289.41,5,0.348,0,0,0
2179.32,8,472.24,406.55,37.85,0.257,2,170.09,19,0.458,0,1,0
849.47,8,288.17,1285.15,94.34,0.553,0,219.41,8,0.072,0,0,0
980.91,1,235.01,672.38,25.61,0.153,1,224.05,4,0.172,0,0,1
442.9,8,349.77,432.27,17.13,0.393,0,228.24,4,0.317,0,0,0
718.21,4,236.04,124.73,33.09,0.33,0,193.84,9,0.115,0,1,0
467.93,4,20.0,2094.28,40.91,0.148,0,166.07,23,0.178,0,0,0
681.38,2,281.72,782.29,72.72,0.258,0,112.19,22,0.717,0,0,0
5185.61,6,381.05,462.8,46.07,0.116,0,222.38,17,0.237,0,1,1
699.66,6,295.88,461.41,96.85,0.294,1,117.8,12,0.424,0,0,0
25144.19,3,26.61,1158.66,137.31,0.582,1,85.04,23,0.016,0,0,1
2961.11,5,352.25,158.23,36.91,0.323,0,182.04,1,0.265,0,0,0
2175.11,8,282.75,432.4,63.23,0.383,1,169.14,15,0.442,0,1,0
766.35,9,290.95,52.07,32.84,0.219,0,93.34,10,0.246,0,0,0
3642.08,3,67.12,66.63,118.26,0.329,0,295.02,9,0.249,0,0,1
1016.75,2,183.5,597.74,1.55,0.221,2,274.2,16,0.188,0,0,0
2042.66,7,117.83,383.47,63.4,0.339,1,111.07,5,0.301,0,0,0
23390.48,6,358.43,1016.98,34.29,0.502,0,130.21,5,0.445,0,0,1
1642.44,6,306.61,3457.86,3.15,0.119,0,158.03,9,0.118,0,0,0
5706.0,6,174.25,1569.61,68.46,0.007,0,295.05,3,0.557,0,0,1
895.0,4,160.04,466.57,24.95,0.081,0,197.9,14,0.539,0,0,0
1745.88,6,212.24,379.67,37.46,0.435,0,309.38,7,0.123,0,0,0
10623.25,10,284.71,703.71,62.38,0.354,0,241.49,6,0.547,0,1,1
965.87,4,356.61,76.9,14.52,0.432,1,160.77,22,0.508,0,1,0
11075.03,3,140.59,3515.94,17.01,0.073,0,285.93,14,0.165,0,0,1
3669.28,0,293.24,3170.35,22.05,0.589,2,79.5,0,0.325,0,0,1
1030.23,8,206.0,2050.68,68.84,0.13,1,138.89,5,0.134,0,0,0
3402.98,3,20.0,868.24,200.36,0.314,0,88.84,11,0.205,0,0,1
4781.71,4,186.08,559.53,22.55,0.123,0,308.44,20,0.338,0,1,0
3367.11,5,298.23,981.22,47.18,0.19,1,232.96,14,0.298,0,0,1
376.07,3,152.09,301.96,19.58,0.225,2,236.75,5,0.308,0,0,0
873.81,2,291.9,1529.67,104.69,0.535,2,20.0,21,0.661,0,0,0
1411.6,8,333.76,115.67,137.06,0.277,1,116.47,19,0.453,0,0,0
1678.35,4,388.45,1301.57,10.51,0.127,2,197.78,0,0.247,0,1,0
3363.28,3,122.47,1616.82,53.08,0.189,0,113.86,6,0.126,0,0,0
2159.65,8,391.05,149.22,118.2,0.47,0,170.04,21,0.322,0,1,1
475.64,5,253.96,520.95,32.22,0.392,1,20.0,14,0.681,1,0,0
2644.4,6,61.42,1777.93,20.42,0.353,0,394.09,21,0.431,0,0,0
3329.53,7,221.03,2561.06,118.04,0.107,0,309.81,8,0.335,0,1,0
3164.63,10,214.48,1334.35,14.91,0.484,2,59.1,2,0.397,0,0,1
5328.26,7,185.31,2262.97,11.6,0.306,1,60.75,1,0.388,0,0,1
4162.71,3,101.43,2211.68,106.24,0.267,2,160.28,13,0.141,0,0,0
2861.73,3,278.61,3118.48,50.2,0.477,3,117.06,10,0.109,0,1,1
1685.53,7,242.66,426.73,10.23,0.45,0,127.71,21,0.478,0,1,0
343.45,3,183.93,270.55,51.48,0.06,1,266.48,20,0.064,0,0,0
2778.37,3,135.34,801.79,104.46,0.125,4,27.55,10,0.225,0,0,0
2225.39,3,30.25,167.44,4.68,0.526,2,20.0,8,0.137,0,0,0
2372.21,8,435.66,651.38,14.83,0.31,0,128.15,13,0.564,0,1,0
504.34,2,218.0,692.64,46.34,0.121,0,283.77,13,0.538,0,0,0
613.35,5,345.25,1313.72,6.11,0.564,1,157.7,4,0.181,0,1,0
5183.07,4,383.91,359.27,117.93,0.448,0,304.69,17,0.533,0,1,1
1737.92,2,374.6,736.69,44.94,0.144,1,27.93,22,0.187,0,0,0
3574.21,3,330.52,1868.71,43.97,0.144,0,132.48,7,0.191,0,0,1
1859.98,2,276.93,438.2,2.88,0.197,0,88.67,11,0.282,0,0,0
1862.65,6,45.91,678.39,27.35,0.383,0,161.1,23,0.343,0,0,0
4620.62,3,439.16,1238.58,10.84,0.359,1,44.83,2,0.546,0,0,1
1079.18,6,113.06,229.76,82.65,0.369,3,66.68,4,0.098,0,0,0
1990.46,5,429.1,87.29,20.48,0.279,1,74.58,8,0.517,0,0,1
1138.79,4,214.63,916.06,25.79,0.021,0,194.42,12,0.487,0,0,0
1170.87,6,368.46,370.24,51.17,0.265,0,226.68,13,0.173,0,0,0
1327.2,6,352.32,384.5,63.19,0.427,2,164.73,4,0.402,0,0,1
2257.77,6,293.37,2128.47,78.03,0.161,1,187.41,21,0.538,0,1,0
1120.19,7,292.67,419.23,9.61,0.421,0,135.6,23,0.626,0,1,0
6347.12,10,228.56,2457.71,15.23,0.403,0,191.8,1,0.333,0,0,1
739.07,12,255.5,89.97,4.85,0.291,2,268.56,8,0.285,0,1,0
1499.86,5,254.62,336.03,97.05,0.269,1,33.92,19,0.148,0,0,0
1164.76,7,269.58,944.58,18.95,0.334,2,195.75,6,0.452,0,0,0
7684.63,10,234.06,107.74,6.74,0.497,2,134.16,6,0.237,0,1,1
2200.75,2,90.23,391.57,18.65,0.346,3,87.56,9,0.086,0,0,0
5073.8,4,199.82,1527.06,2.94,0.306,1,168.84,11,0.207,0,0,1
409.3,6,301.23,1147.59,90.57,0.639,1,192.57,22,0.691,1,0,0
2361.5,4,234.03,265.14,16.92,0.23,0,224.11,6,0.266,0,0,0
4401.19,5,251.18,352.61,21.54,0.313,0,321.78,14,0.462,0,1,1
1963.11,3,177.18,562.69,140.95,0.07,1,348.41,16,0.692,0,0,0
5247.36,3,318.78,1051.29,10.49,0.269,1,247.55,16,0.353,0,1,1
1077.84,3,324.93,131.78,11.41,0.132,2,293.09,13,0.2,0,0,0
7400.83,6,20.0,600.03,41.1,0.192,1,65.36,20,0.051,0,0,1
18013.88,5,62.88,60.95,179.27,0.204,2,192.59,12,0.357,0,1,1
1257.85,9,228.24,405.76,115.72,0.172,0,310.63,4,0.328,0,1,0
1158.06,1,310.28,169.56,44.93,0.616,0,114.9,5,0.121,0,0,0
7734.02,5,285.95,295.74,83.63,0.239,0,171.58,15,0.609,0,0,1
8774.21,6,233.32,322.16,33.43,0.135,1,121.73,23,0.298,0,0,1
1071.85,5,349.94,1176.18,28.51,0.254,0,204.86,16,0.382,0,0,0
1187.75,8,322.72,246.48,25.58,0.397,1,178.91,20,0.037,0,0,0
1364.05,4,226.19,871.95,30.31,0.101,2,261.82,8,0.548,0,1,0
471.33,6,233.2,609.62,61.37,0.16,1,69.77,15,0.616,0,0,0
721.51,5,93.0,1304.63,86.15,0.472,1,20.0,16,0.271,0,0,0
662.39,7,262.06,310.38,42.9,0.191,0,202.78,14,0.047,0,0,0
838.99,4,317.42,4185.61,101.61,0.109,0,211.87,11,0.368,0,0,0
1746.41,7,163.42,280.52,50.9,0.479,2,145.79,5,0.413,0,0,0
2285.21,4,254.63,693.14,81.16,0.742,0,78.43,16,0.395,0,0,0
8522.8,5,290.39,800.21,58.5,0.442,0,63.81,2,0.077,0,1,1
666.24,5,354.56,618.04,74.31,0.34,0,215.42,10,0.423,0,0,0
4838.32,5,213.06,1566.29,0.96,0.444,3,189.71,21,0.524,0,1,1
1459.74,6,146.65,95.91,100.95,0.334,1,42.46,10,0.173,0,0,0
1720.79,5,209.56,727.59,108.55,0.181,1,42.26,19,0.712,1,0,0
3550.41,3,285.01,564.71,92.04,0.412,1,275.72,16,0.186,0,1,1
588.32,3,278.34,431.95,65.5,0.022,3,272.89,11,0.171,0,0,0
2650.25,5,65.41,339.99,77.45,0.246,0,123.73,0,0.21,0,0,0
2135.49,4,209.42,132.73,10.0,0.172,0,110.66,17,0.299,0,0,1
2958.54,5,127.16,839.8,2.44,0.562,2,201.84,8,0.824,1,1,1
2414.31,2,253.91,100.19,17.11,0.881,1,175.03,10,0.309,0,0,1
21063.57,8,292.94,1414.25,29.21,0.338,1,33.93,7,0.304,0,1,1
955.52,4,372.4,474.97,15.79,0.147,0,20.0,1,0.606,0,1,0
1063.16,1,401.07,743.94,102.27,0.457,0,103.66,22,0.342,0,0,0
969.58,3,309.58,64.8,166.78,0.164,0,124.03,22,0.631,0,0,0
1037.45,6,200.38,78.44,73.66,0.251,0,165.36,15,0.389,0,0,0
955.86,7,188.62,215.25,32.37,0.588,0,181.24,20,0.276,0,0,0
5937.34,5,305.58,1210.36,7.88,0.108,0,371.63,13,0.454,0,1,1
7483.86,3,341.84,532.16,102.8,0.069,0,114.79,11,0.106,0,0,1
1021.73,5,104.17,297.85,92.26,0.277,1,111.17,15,0.357,0,0,0
786.54,4,536.26,1514.84,8.85,0.303,1,136.27,13,0.382,0,1,0
2896.96,4,301.27,170.47,2.5,0.37,0,162.28,17,0.228,0,0,0
1040.83,2,350.73,240.33,114.61,0.603,0,88.09,17,0.047,0,0,0
3404.77,3,305.58,1199.5,86.28,0.239,0,258.79,6,0.375,0,0,0
2214.81,4,124.28,21.93,136.1,0.251,0,163.49,22,0.176,0,0,0
397.13,6,197.01,199.09,22.15,0.092,2,225.1,17,0.512,0,0,0
8497.31,8,156.97,589.4,53.64,0.272,1,137.46,10,0.352,1,1,1
10893.02,5,47.33,1972.42,99.83,0.409,0,229.58,15,0.573,0,0,1
979.67,2,103.11,247.26,20.88,0.152,1,263.3,7,0.444,0,0,0
1226.96,3,461.16,191.72,32.17,0.125,2,191.19,3,0.484,0,1,0
2406.35,6,224.05,2948.43,37.93,0.704,0,88.44,18,0.621,0,1,0
2526.16,6,354.3,594.74,1.49,0.608,0,152.24,1,0.151,0,0,0
3493.1,9,182.12,51.64,88.12,0.205,0,208.37,2,0.176,0,0,1
13496.75,5,164.06,258.91,143.94,0.167,1,345.42,9,0.369,0,0,1
1514.82,3,428.81,610.28,26.99,0.438,0,144.11,4,0.578,0,0,0
813.79,6,227.95,59.76,47.23,0.063,1,140.39,8,0.233,0,0,0
455.17,4,223.1,943.56,39.0,0.126,0,20.0,22,0.132,0,0,0
870.5,5,281.57,591.33,21.38,0.351,0,340.92,13,0.333,0,0,0
1749.13,4,325.96,989.53,4.3,0.234,0,174.05,2,0.078,0,0,1
10878.65,7,185.82,334.53,36.71,0.369,0,68.86,15,0.387,0,0,1
1077.49,9,20.0,435.74,13.99,0.322,0,20.0,8,0.661,0,0,0
2261.51,6,388.78,2106.36,52.83,0.15,1,142.94,11,0.089,0,1,0
1778.59,5,301.59,189.27,38.53,0.45,0,159.35,14,0.109,0,0,0
5933.64,2,144.07,32.25,44.64,0.25,3,191.56,22,0.199,0,0,1
22627.75,7,230.57,3223.41,46.03,0.399,0,191.47,4,0.434,1,0,1
1063.3,2,408.85,5.96,108.44,0.337,0,199.77,5,0.232,1,0,0
1108.28,5,439.45,1753.17,7.97,0.249,1,97.14,14,0.7,0,1,0
5136.67,5,210.19,1398.84,81.91,0.312,0,211.13,19,0.274,0,0,1
3575.61,4,429.6,534.97,154.75,0.073,0,171.07,8,0.095,0,0,1
11461.02,2,250.07,977.55,63.88,0.329,0,23.52,8,0.429,0,0,1
3241.94,11,161.87,88.81,7.49,0.613,0,122.83,14,0.121,0,0,1
1262.32,5,186.61,1154.0,94.94,0.206,0,231.77,19,0.047,0,0,0
3263.82,8,463.09,1225.09,78.46,0.208,0,214.36,19,0.388,0,1,1
5479.14,10,319.54,42.17,99.3,0.419,0,218.31,10,0.124,0,1,1
4107.14,10,136.19,550.12,33.31,0.157,0,302.09,2,0.263,0,0,0
3002.72,5,373.68,2367.49,85.81,0.173,0,261.54,3,0.11,0,1,1
5253.63,2,378.39,2415.07,8.36,0.125,2,124.11,2,0.516,0,0,1
5821.4,7,200.17,3334.29,42.98,0.093,0,108.29,3,0.251,0,0,1
7202.32,7,306.04,855.24,40.12,0.111,1,154.29,15,0.553,0,0,1
3458.91,10,420.15,121.7,113.52,0.22,0,191.54,23,0.115,0,0,1
1529.78,3,110.74,426.03,99.36,0.549,0,20.0,17,0.344,0,0,0
2093.75,7,32.64,1038.44,62.95,0.268,1,20.0,16,0.492,0,0,0
6042.11,6,169.13,267.07,9.61,0.365,1,120.7,6,0.204,0,0,1
798.76,2,38.99,1329.19,82.19,0.508,0,33.68,0,0.493,0,0,0
2614.1,2,100.56,1580.71,47.63,0.061,0,112.38,20,0.244,0,0,0
1220.07,3,387.11,1153.61,84.8,0.287,0,188.32,7,0.394,0,0,0
1860.77,4,148.45,334.97,139.32,0.258,1,20.0,8,0.381,0,0,0
6492.82,2,241.86,1082.2,29.9,0.216,1,118.83,16,0.442,0,1,1
2188.78,9,337.0,60.02,68.23,0.112,1,184.07,20,0.189,0,0,0
1893.98,7,392.23,326.64,180.51,0.461,0,189.44,19,0.475,0,0,0
464.12,8,291.81,1160.59,12.02,0.258,1,234.33,7,0.2,0,0,0
3813.31,3,20.0,1267.1,93.87,0.407,1,267.17,20,0.411,0,0,1
3447.77,7,243.75,307.1,7.65,0.053,0,97.79,15,0.275,0,0,0
15728.89,3,342.12,2581.38,0.86,0.206,2,155.65,6,0.425,0,1,1
1329.05,10,270.08,255.37,93.87,0.165,2,20.0,17,0.723,0,1,0
2251.05,4,315.74,863.07,160.79,0.167,0,142.15,1,0.05,0,0,0
2320.14,7,169.26,1689.33,1.64,0.351,2,166.39,7,0.582,0,0,1
8755.64,2,261.34,641.3,93.03,0.219,2,128.99,8,0.495,0,1,1
1643.7,2,329.31,425.49,60.1,0.504,2,350.77,20,0.24,0,1,1
2389.94,5,421.03,190.0,60.16,0.128,1,305.76,5,0.376,0,1,1
3320.59,10,173.42,174.96,30.77,0.104,2,252.52,7,0.716,0,0,1
2178.97,6,170.79,138.46,26.99,0.28,1,55.65,19,0.268,0,0,0
1156.98,4,439.94,468.18,23.34,0.345,1,149.98,6,0.038,0,0,0
2195.34,1,209.5,635.12,24.05,0.301,0,192.06,16,0.38,0,0,0
5290.31,8,276.73,1461.31,138.36,0.242,1,200.42,1,0.557,0,1,1
647.74,5,281.49,196.05,84.58,0.292,0,165.33,1,0.586,0,0,0
2065.17,3,249.44,1125.88,18.82,0.458,0,196.38,23,0.659,0,0,0
897.74,4,483.09,947.63,67.46,0.18,0,246.74,0,0.321,0,0,0
5973.25,3,222.5,805.23,53.43,0.296,3,81.82,12,0.106,0,0,1
394.18,3,344.9,331.62,93.54,0.187,1,108.76,19,0.368,0,1,0
1033.88,4,199.9,306.17,4.82,0.078,0,193.81,12,0.115,0,0,0
2636.51,4,473.84,1138.16,60.22,0.789,1,110.93,22,0.187,0,0,1
8651.81,5,151.45,256.75,14.05,0.511,0,99.88,0,0.364,0,0,1
1692.99,3,324.2,320.05,13.83,0.149,1,376.47,18,0.59,0,1,0
1037.74,6,20.0,2686.32,61.16,0.385,0,186.21,23,0.311,0,0,0
11862.73,4,214.77,5000.0,112.66,0.378,1,252.15,15,0.179,0,0,1
424.96,6,316.81,1.37,36.29,0.208,0,179.1,14,0.449,0,1,0
200.58,6,75.68,928.64,31.32,0.326,1,180.09,16,0.344,0,0,0
2807.4,5,205.22,613.44,84.4,0.614,2,76.25,5,0.757,0,1,1
1094.38,7,634.21,493.2,1.29,0.402,2,163.53,12,0.264,0,1,1
651.17,5,121.75,257.99,61.39,0.31,3,373.31,14,0.584,0,1,0
3671.5,6,282.68,566.04,2.89,0.545,2,211.28,1,0.021,0,0,0
2307.22,4,74.06,487.89,14.01,0.154,0,268.34,7,0.089,0,0,0
1028.57,8,120.09,410.41,54.99,0.158,1,273.77,16,0.106,0,1,0
502.55,11,301.35,1516.72,23.92,0.661,2,195.89,14,0.563,1,1,1
4326.25,6,223.23,252.48,17.49,0.194,2,35.61,12,0.539,0,1,1
3464.08,3,152.37,728.0,35.09,0.126,1,271.94,1,0.271,0,0,0
1637.33,4,194.0,1597.35,94.81,0.503,0,199.5,17,0.534,0,1,0
11460.22,8,383.03,3090.65,27.76,0.221,1,111.13,8,0.562,0,0,1
620.12,6,222.42,738.55,38.06,0.457,1,142.28,12,0.193,0,1,0
393.26,5,319.17,587.24,8.6,0.178,0,273.79,1,0.362,0,0,0
905.14,6,40.4,1468.64,29.41,0.449,0,238.67,7,0.433,0,0,0
1727.47,4,184.61,167.04,0.83,0.044,0,176.76,10,0.386,0,0,0
2306.16,5,198.8,795.44,91.05,0.381,1,224.28,12,0.494,0,1,1
1420.5,14,161.1,53.06,11.59,0.148,2,182.63,16,0.597,0,0,0
2571.01,4,234.62,863.09,126.22,0.124,0,318.26,20,0.164,0,0,0
517.22,6,213.22,1270.96,22.13,0.191,1,153.63,5,0.091,0,0,0
7659.98,2,337.45,52.07,90.36,0.328,0,187.05,11,0.136,0,0,1
1665.45,5,382.8,1509.32,24.68,0.081,1,57.99,11,0.671,0,1,0
5526.42,5,175.38,105.33,8.29,0.324,2,157.09,16,0.11,0,1,1
2547.14,4,394.1,154.71,35.03,0.537,0,174.8,3,0.288,0,1,1
2854.79,3,162.49,1448.28,15.1,0.194,0,260.24,19,0.089,0,0,0
3196.36,6,264.52,106.55,19.5,0.116,1,24.25,18,0.219,0,0,0
2829.08,5,90.37,896.33,19.0,0.296,1,148.47,16,0.613,0,0,0
3438.27,7,215.77,279.44,21.22,0.502,1,27.31,22,0.16,0,0,1
6830.5,8,433.45,228.4,34.47,0.385,2,230.04,11,0.385,0,1,1
2200.68,6,267.05,840.21,6.83,0.247,0,72.61,5,0.23,0,0,0
3673.88,5,219.19,90.32,14.9,0.598,0,199.82,13,0.259,0,0,1
1652.86,8,20.0,683.82,50.03,0.17,0,328.07,19,0.389,0,0,0
7632.09,9,242.23,2067.14,70.47,0.261,1,220.25,22,0.475,0,0,1
919.3,3,261.53,1525.24,13.97,0.435,4,278.5,18,0.519,0,1,0
10948.31,5,193.09,1523.67,15.19,0.268,1,290.32,5,0.042,0,0,1
1736.87,2,209.93,288.69,32.51,0.137,0,190.61,10,0.358,0,1,0
432.35,6,237.4,966.61,198.42,0.102,0,85.34,22,0.423,0,0,0
2055.15,9,253.71,1211.7,39.95,0.15,1,327.89,15,0.137,0,0,1
915.02,5,228.35,1853.38,83.97,0.335,0,240.43,9,0.738,1,0,1
4190.79,7,390.48,245.36,125.47,0.152,0,229.65,19,0.433,0,1,1
941.41,7,125.72,1144.57,50.65,0.19,1,174.71,23,0.573,0,1,0
1157.27,3,435.49,211.46,36.61,0.529,1,208.21,21,0.699,0,0,0
273.27,5,218.28,22.55,72.31,0.19,1,20.0,8,0.576,0,0,0
1150.2,5,314.24,525.97,19.2,0.308,1,330.97,15,0.206,0,1,0
160.15,4,377.92,1161.58,179.88,0.438,2,248.9,19,0.125,0,0,0
370.96,5,272.96,193.01,32.25,0.17,0,182.0,7,0.518,0,1,0
3867.7,4,246.14,39.85,131.76,0.422,2,150.06,21,0.417,0,1,1
3967.14,8,267.57,374.46,71.31,0.453,1,129.35,9,0.359,0,0,1
2766.83,7,20.0,181.4,11.88,0.304,0,252.63,23,0.224,0,0,0
687.47,6,20.0,385.13,12.47,0.48,1,178.37,19,0.455,0,0,0
1723.8,7,340.68,2028.95,21.53,0.192,4,20.0,21,0.203,0,0,1
1801.54,10,210.53,1089.75,23.26,0.309,0,95.94,8,0.267,0,0,0
567.72,4,147.69,373.38,0.76,0.206,0,141.03,18,0.069,0,0,0
8130.67,9,276.46,314.49,96.83,0.657,0,216.8,20,0.299,1,1,1
4347.53,9,231.15,2032.62,13.75,0.366,0,190.37,6,0.24,0,0,1
1449.59,9,94.79,1757.46,87.08,0.388,0,146.37,20,0.081,0,0,0
1857.31,3,363.65,741.25,32.97,0.252,1,20.0,10,0.307,0,1,0
2226.94,3,385.65,354.02,44.83,0.184,0,163.91,23,0.191,0,0,0
234.69,8,275.24,1257.46,38.44,0.04,0,125.64,0,0.178,0,1,0
1412.09,6,269.74,871.88,144.73,0.085,0,57.13,7,0.535,0,0,0
914.17,9,248.7,665.32,27.06,0.242,3,180.72,2,0.419,0,1,0
664.06,2,264.38,1073.22,24.61,0.355,1,200.91,2,0.409,0,0,0
1364.99,6,291.9,115.53,47.71,0.141,1,262.23,11,0.265,0,0,0
10912.74,2,193.63,2129.11,24.05,0.59,3,60.45,5,0.492,0,0,1
3431.81,9,346.32,2887.19,46.75,0.317,0,89.03,19,0.266,0,0,1
1021.29,6,270.43,350.12,42.48,0.116,0,275.91,19,0.449,0,1,1
3205.37,1,342.8,2346.96,74.59,0.447,0,173.95,10,0.075,0,0,0
7327.25,3,401.36,1271.05,230.0,0.045,0,202.06,2,0.13,0,0,1
4557.97,4,254.36,2264.58,189.31,0.382,0,289.45,0,0.237,0,0,1
1919.14,4,289.94,1995.56,6.61,0.352,0,118.62,15,0.416,0,0,1
946.78,6,327.3,179.42,30.08,0.314,1,61.95,13,0.549,0,1,0
3634.49,8,258.45,240.91,27.44,0.391,0,175.94,6,0.756,0,1,1
2679.77,5,208.7,241.53,10.58,0.252,0,184.56,4,0.133,0,0,1
4425.74,11,271.97,79.24,68.08,0.352,1,222.12,15,0.653,0,1,1
3412.4,9,406.08,405.58,172.96,0.238,1,253.03,5,0.062,0,0,1
5164.44,5,20.0,360.31,8.28,0.172,3,224.55,2,0.495,0,0,1
1058.67,4,339.6,337.23,15.89,0.103,0,301.51,9,0.168,0,1,0
6750.65,3,268.67,343.33,96.56,0.194,1,335.59,12,0.102,0,0,1
2203.05,12,187.37,51.26,18.21,0.12,1,162.42,13,0.09,0,1,0
14403.99,5,354.02,164.61,29.1,0.168,1,134.11,9,0.373,0,0,1
907.61,12,105.49,280.68,67.42,0.598,0,229.29,4,0.221,1,0,0
10259.55,4,201.89,1758.42,6.73,0.551,0,199.95,13,0.069,0,0,1
2203.74,5,407.4,2088.7,37.45,0.071,1,175.16,22,0.547,0,1,0
942.54,3,22.76,268.61,5.81,0.201,1,433.81,7,0.276,0,0,0
1114.45,3,310.13,947.75,18.22,0.285,1,257.44,7,0.414,0,0,0
1312.45,5,422.62,1521.02,13.52,0.076,1,105.1,18,0.382,0,1,0
2763.26,3,382.44,564.46,65.51,0.034,2,264.27,4,0.543,0,1,1
3049.81,8,297.82,1126.97,8.17,0.13,1,133.76,5,0.097,0,0,0
1018.72,6,134.85,2979.33,54.23,0.502,0,278.02,20,0.574,0,0,0
1764.54,4,357.24,141.59,42.85,0.333,0,205.64,4,0.459,0,1,0
15402.27,2,174.66,58.42,56.32,0.081,1,108.1,7,0.74,0,0,1
10173.52,8,231.37,817.37,104.61,0.411,4,20.0,21,0.648,0,1,1
2797.06,7,243.79,568.2,38.19,0.328,0,267.1,11,0.051,0,0,1
1878.08,3,102.3,281.47,63.76,0.457,0,240.8,0,0.207,0,1,0
2038.63,3,405.25,1987.16,81.62,0.391,0,113.95,6,0.131,0,0,0
3339.3,8,239.0,1495.75,59.48,0.168,0,206.04,2,0.333,0,1,1
650.15,5,241.33,245.66,19.21,0.168,2,183.18,19,0.33,0,0,0
1397.76,6,176.58,1190.46,162.81,0.146,0,148.78,6,0.058,0,0,0
340.84,9,165.0,1410.09,3.13,0.124,3,223.18,21,0.323,0,1,0
2695.19,4,324.04,314.82,23.29,0.242,1,348.06,7,0.161,0,1,1
3453.68,5,327.17,83.53,86.11,0.211,2,365.27,8,0.29,0,1,1
1115.23,6,606.67,1519.93,21.53,0.454,0,205.88,18,0.588,0,0,1
8725.34,7,212.64,81.44,39.47,0.474,3,150.77,23,0.212,0,0,1
530.72,3,199.18,521.0,7.22,0.178,1,109.02,13,0.667,0,0,0
418.06,4,382.85,172.9,97.2,0.223,1,147.53,17,0.526,0,0,1
2263.01,4,350.98,2098.91,133.8,0.325,3,150.87,5,0.137,0,0,0
5151.78,1,215.26,90.64,206.82,0.464,3,183.87,8,0.191,0,0,1
9739.33,5,292.36,99.45,4.01,0.089,1,213.37,12,0.645,0,1,1
1142.66,4,437.28,967.8,11.1,0.138,0,181.91,5,0.147,0,0,0
5317.09,1,107.1,184.09,34.16,0.404,2,161.95,15,0.085,0,0,1
1739.74,3,160.93,113.58,15.91,0.101,0,118.51,20,0.124,0,0,1
1521.38,7,301.48,147.32,51.45,0.736,0,93.09,4,0.548,0,1,0
4374.99,0,168.87,724.87,93.36,0.33,0,154.88,21,0.201,0,0,0
3471.43,9,174.82,201.47,6.8,0.121,1,104.99,2,0.209,0,0,0
373.76,5,397.32,378.87,0.16,0.043,1,165.95,16,0.585,0,1,0
7915.2,4,299.59,1516.28,253.6,0.283,0,215.98,20,0.234,0,0,1
7187.45,0,243.43,154.55,29.93,0.098,2,196.38,23,0.294,0,0,1
967.23,6,156.74,1400.24,3.55,0.248,1,209.27,1,0.607,0,1,0
2685.99,6,293.99,1194.75,44.4,0.304,0,174.66,23,0.083,0,0,1
2963.22,2,390.67,1423.12,69.96,0.156,0,139.9,1,0.37,0,0,0
2346.49,3,95.0,340.96,80.78,0.418,1,184.86,9,0.305,0,0,1
1042.83,5,103.45,511.48,42.12,0.194,2,262.92,4,0.515,0,0,0
923.69,7,331.61,982.08,56.9,0.119,2,253.62,5,0.555,0,1,0
1762.42,5,182.97,30.52,32.34,0.296,0,272.96,9,0.193,1,0,0
5841.42,5,152.97,871.95,48.35,0.087,0,151.44,19,0.167,0,0,1
3113.8,6,168.31,102.35,151.4,0.479,0,151.22,3,0.003,0,0,1
1248.11,3,340.79,271.83,219.19,0.364,2,225.6,7,0.235,0,0,0
3911.59,5,337.11,1327.68,49.38,0.488,2,207.93,8,0.301,0,1,1
104.74,4,297.51,807.13,43.84,0.297,1,212.22,17,0.481,0,1,0
5703.1,3,198.6,777.99,21.19,0.277,0,39.45,6,0.474,0,0,1
317.44,7,152.15,205.89,19.6,0.129,3,80.64,0,0.218,0,0,0
1258.35,4,177.61,881.8,129.18,0.254,2,174.99,12,0.336,0,0,0
590.12,7,143.37,112.98,54.7,0.162,0,207.32,7,0.412,0,1,0
495.38,6,202.88,2677.24,30.68,0.299,1,246.22,23,0.449,0,1,0
5772.31,4,254.33,233.03,54.82,0.381,0,54.68,20,0.624,0,0,1
1132.63,4,338.63,1402.41,6.44,0.182,0,204.29,3,0.427,0,0,0
2556.78,3,254.54,2022.1,143.62,0.183,1,254.08,17,0.358,0,0,0
1725.17,5,229.76,150.79,36.94,0.495,2,192.79,11,0.462,0,0,1
2913.3,4,454.16,7.84,20.33,0.548,0,196.47,9,0.043,0,0,0
1952.41,10,20.0,1659.05,0.67,0.671,1,199.17,1,0.281,0,0,0
501.2,8,327.06,1155.09,56.53,0.024,0,206.87,7,0.357,0,1,0
4896.46,2,312.65,134.04,174.62,0.389,1,131.86,7,0.411,0,1,1
1103.5,3,314.19,1419.34,40.88,0.572,0,191.04,7,0.462,0,0,1
381.24,7,361.52,1330.57,20.22,0.494,0,142.78,11,0.05,0,0,0
1178.37,4,107.56,494.84,27.09,0.353,1,168.43,0,0.665,0,0,0
8109.24,6,364.51,2347.31,42.05,0.352,0,209.77,5,0.236,0,0,1
4231.12,4,296.05,698.03,58.36,0.341,1,96.62,18,0.199,0,0,1
1275.82,5,202.48,467.98,10.13,0.689,1,187.2,0,0.127,0,0,0
1275.05,5,325.59,10.66,136.76,0.28,1,210.54,7,0.069,0,0,0
1310.76,9,271.37,2442.31,26.75,0.279,0,254.09,0,0.41,1,1,0
14425.43,4,136.9,109.91,48.97,0.272,1,20.03,5,0.269,0,0,1
2648.99,1,20.0,281.0,121.2,0.181,0,100.67,6,0.389,0,0,0
2779.54,4,92.58,1045.8,43.18,0.438,0,193.56,20,0.543,0,0,0
5065.88,6,164.29,4.29,57.53,0.374,1,327.79,22,0.367,0,1,1
2295.69,3,297.4,625.74,50.15,0.343,0,240.59,13,0.199,0,0,1
1395.43,4,77.27,138.44,14.25,0.395,0,111.44,14,0.498,0,0,0
1485.71,10,299.25,18.24,164.77,0.437,1,181.33,8,0.243,0,0,1
1683.11,9,287.49,821.03,31.97,0.294,0,172.73,18,0.473,0,0,0
1741.98,6,496.86,739.01,5.18,0.37,0,42.36,20,0.127,0,0,0
3742.95,7,293.3,1060.29,310.39,0.118,0,126.51,17,0.507,0,0,0
1904.44,0,20.0,770.33,52.49,0.18,1,20.0,21,0.064,0,0,0
3761.75,6,387.48,466.7,46.89,0.504,3,227.55,10,0.612,1,1,1
1667.84,2,140.52,521.02,124.19,0.448,0,407.91,4,0.179,0,0,1
1955.96,3,134.14,198.9,39.03,0.593,0,141.65,20,0.084,0,0,0
245.13,13,226.62,69.95,22.35,0.725,0,148.92,8,0.624,0,0,0
4520.27,5,316.12,1577.77,9.6,0.209,0,143.89,11,0.596,0,0,1
2556.74,2,217.08,940.34,83.19,0.155,0,90.27,18,0.278,0,0,0
4905.0,6,251.2,104.92,20.1,0.443,1,257.33,11,0.096,0,1,1
99.86,6,140.39,245.48,36.32,0.54,0,279.48,1,0.544,0,1,0
14594.13,4,109.85,1591.56,35.55,0.005,2,89.3,14,0.444,0,0,1
1572.48,8,274.18,2571.74,67.43,0.113,1,209.09,0,0.383,0,0,0
5476.29,10,67.03,1252.88,57.63,0.522,2,228.66,6,0.88,0,0,1
639.12,9,164.41,675.09,27.55,0.133,1,229.62,15,0.399,0,0,0
3336.82,4,210.32,1626.95,27.76,0.096,0,232.58,22,0.088,0,0,1
630.54,3,278.15,788.53,15.76,0.283,1,203.79,13,0.187,0,0,0
968.97,6,218.75,961.61,20.85,0.328,2,191.05,7,0.164,0,0,0
12259.19,7,211.91,1403.34,62.15,0.186,1,146.58,20,0.507,0,1,1
1494.16,5,102.35,349.54,41.32,0.307,0,186.61,0,0.571,0,0,0
2247.18,4,200.3,1227.98,2.62,0.182,1,284.14,15,0.572,0,1,0
4315.93,6,220.04,185.5,35.48,0.116,1,317.3,20,0.676,0,1,1
2968.11,5,299.98,172.79,155.1,0.31,0,113.69,19,0.311,0,0,1
2101.53,5,153.99,1334.24,5.79,0.173,0,259.8,2,0.072,0,0,0
2604.41,1,142.72,663.72,5.54,0.153,1,274.04,6,0.262,0,0,0
19998.56,6,104.52,427.41,55.09,0.458,0,208.95,11,0.242,1,0,1
1706.81,4,268.21,592.95,158.21,0.598,0,188.05,12,0.308,1,1,0
2210.78,4,207.97,3050.47,1.35,0.064,1,107.99,16,0.138,0,0,0
5170.14,2,233.9,1796.76,21.12,0.306,2,273.3,4,0.234,0,0,1
5461.76,5,193.13,566.73,3.47,0.524,1,128.86,1,0.09,0,0,1
5925.56,4,197.9,633.83,15.45,0.302,0,256.42,20,0.356,0,0,1
3424.57,9,177.09,762.01,40.43,0.369,0,254.53,11,0.503,1,1,1
576.51,4,310.1,1251.67,29.18,0.11,2,96.09,19,0.184,0,1,0
9259.74,0,254.94,1655.93,22.57,0.106,0,179.97,4,0.374,0,0,1
574.59,11,426.14,126.75,11.83,0.104,1,125.3,22,0.203,0,0,0
2447.04,8,213.59,791.49,48.31,0.309,0,311.59,10,0.091,0,0,0
850.41,7,439.13,206.18,42.87,0.495,0,188.36,11,0.487,1,0,0
1695.72,6,215.88,777.82,54.4,0.291,0,263.82,5,0.23,0,0,1
2511.82,3,311.23,150.33,78.8,0.243,1,293.86,8,0.235,0,1,1
2493.29,5,176.68,1320.06,65.37,0.347,0,137.65,16,0.085,0,0,0
2757.06,6,308.12,865.25,157.65,0.129,5,43.58,10,0.543,0,1,1
9078.93,3,20.0,1607.91,9.28,0.221,1,47.97,11,0.225,0,0,1
2845.61,5,100.31,2312.2,151.21,0.08,1,301.09,2,0.056,0,0,0
1416.36,8,132.46,2173.6,9.45,0.057,2,97.21,13,0.268,0,1,0
4741.4,6,496.35,125.48,92.52,0.147,0,181.97,22,0.263,0,1,1
5940.04,7,376.45,378.34,77.66,0.645,0,231.87,11,0.192,0,0,1
529.74,4,281.11,527.92,54.84,0.124,1,249.43,4,0.166,0,0,0
3285.91,3,200.11,1244.52,61.25,0.27,0,60.61,11,0.419,0,0,1
3645.22,8,180.19,11.94,58.81,0.343,0,79.14,1,0.503,0,0,0
1342.7,1,177.26,2076.98,37.74,0.17,1,337.79,3,0.36,0,0,0
7156.0,5,331.01,418.36,1.66,0.167,1,321.55,9,0.408,0,0,1
1556.11,6,260.85,797.8,43.32,0.524,0,288.75,11,0.144,0,0,0
2049.96,5,357.87,3154.56,24.64,0.466,1,332.35,23,0.502,0,1,1
1520.7,5,317.29,1714.13,15.9,0.255,0,102.77,0,0.345,0,0,1
1836.43,5,299.65,359.76,33.68,0.253,0,136.1,19,0.178,0,0,0
604.09,5,155.89,530.11,94.23,0.254,0,140.21,7,0.124,0,0,0
428.35,6,155.56,1175.55,43.18,0.546,0,221.72,6,0.303,0,0,0
8906.22,5,265.69,1088.68,167.28,0.107,0,179.93,20,0.138,0,0,1
775.14,5,295.61,976.08,27.29,0.632,0,229.92,8,0.382,0,0,0
670.89,8,226.9,8.6,9.21,0.026,1,228.88,17,0.156,0,0,0
209.9,3,100.65,177.53,18.89,0.526,1,161.1,15,0.285,0,0,0
954.36,5,276.81,200.49,7.81,0.328,0,209.5,3,0.245,0,0,0
481.5,3,340.8,230.8,57.74,0.402,2,20.0,21,0.643,1,0,0
9339.57,3,117.62,80.9,8.69,0.583,0,231.1,13,0.048,0,0,1
4963.26,7,214.9,1314.42,36.52,0.02,3,241.95,5,0.275,0,1,1
908.55,4,136.42,333.99,128.47,0.361,2,158.31,23,0.713,0,0,0
17196.06,4,364.78,1195.42,28.45,0.513,0,244.67,20,0.029,0,0,1
4825.96,2,489.57,2145.02,25.77,0.131,0,155.57,20,0.28,0,1,1
1306.58,6,407.68,300.36,11.35,0.219,0,69.5,19,0.398,0,1,0
148.5,3,60.13,483.77,70.08,0.205,1,89.35,12,0.129,0,0,0
17871.14,7,291.53,73.26,18.14,0.538,1,249.69,13,0.353,0,1,1
450.53,7,316.01,279.47,232.31,0.401,0,104.43,5,0.141,0,0,0
348.84,8,458.15,632.15,9.12,0.085,2,220.65,16,0.281,0,1,0
5026.96,6,180.59,158.94,0.11,0.169,1,181.27,3,0.245,0,1,1
20738.61,7,235.07,616.03,38.76,0.183,1,192.98,19,0.134,0,0,1
7217.56,4,108.49,300.2,3.56,0.205,0,283.82,3,0.171,0,0,1
3177.69,7,88.18,3687.99,23.07,0.072,1,350.25,15,0.399,0,0,0
3277.23,2,258.13,376.91,30.04,0.325,0,321.24,12,0.493,0,0,1
4244.65,5,426.12,31.87,14.27,0.145,0,64.7,21,0.341,0,0,1
3861.95,3,253.44,512.37,191.12,0.155,0,248.56,14,0.265,0,0,1
2395.13,7,255.93,325.2,21.14,0.304,2,135.88,10,0.589,0,0,0
2006.61,5,98.15,369.66,7.82,0.581,1,243.73,15,0.567,0,0,0
1698.34,7,267.43,370.31,1.9,0.539,1,110.11,2,0.334,0,1,1
850.68,9,183.51,1704.05,18.51,0.086,0,33.77,19,0.144,0,0,0
1365.57,6,195.44,551.75,86.04,0.251,1,252.73,11,0.206,0,0,0
332.63,5,454.99,233.18,14.11,0.426,0,210.29,12,0.571,0,1,0
1638.7,7,197.35,1258.11,45.65,0.151,2,130.36,4,0.374,0,0,1
672.77,1,209.14,468.79,226.02,0.208,0,340.88,9,0.504,0,0,0
599.69,3,276.24,125.66,21.05,0.387,2,83.02,2,0.526,0,0,0
2164.39,3,20.0,5000.0,47.85,0.455,1,328.09,3,0.307,0,0,0
7273.57,11,156.62,22.19,45.76,0.468,2,137.71,11,0.469,1,1,1
4529.27,4,35.14,988.19,45.11,0.641,1,244.92,8,0.233,0,0,1
375.97,2,183.94,1504.77,153.3,0.231,1,128.75,6,0.378,0,1,0
672.08,5,478.72,349.33,77.07,0.094,0,209.78,3,0.392,0,0,0
4632.13,7,20.0,136.96,0.44,0.219,1,175.42,19,0.16,0,0,1
676.89,2,50.15,458.95,1.41,0.301,1,222.1,10,0.319,0,1,0
1444.28,5,412.47,526.96,2.04,0.306,2,285.46,3,0.495,0,1,0
3133.96,2,230.89,5000.0,22.68,0.164,0,110.33,3,0.592,0,0,1
686.53,1,302.78,15.73,28.96,0.204,0,108.37,1,0.313,0,0,0
2008.97,6,261.65,853.42,82.31,0.229,1,255.33,17,0.33,0,0,1
476.27,4,265.27,1305.55,50.57,0.096,0,145.38,5,0.399,0,0,0
990.92,7,208.66,769.67,531.82,0.674,0,231.83,3,0.22,0,0,0
2489.36,7,20.0,795.25,79.0,0.29,0,245.84,10,0.554,0,0,1
367.6,6,247.41,1665.55,103.37,0.329,0,20.0,7,0.144,0,0,0
2808.69,6,381.71,666.24,10.04,0.228,1,214.84,11,0.218,0,1,0
1772.88,6,370.22,1706.85,51.28,0.341,0,111.48,21,0.525,0,1,0
3141.61,7,319.72,188.77,8.07,0.211,0,276.56,7,0.41,0,0,1
2261.8,4,237.44,580.74,56.19,0.468,1,136.86,17,0.265,0,0,0
7073.71,9,268.18,27.34,82.95,0.571,0,214.16,19,0.35,0,1,1
2049.24,4,352.82,1301.61,17.85,0.512,2,116.59,3,0.275,0,1,0
1176.85,6,66.79,1201.49,9.15,0.677,2,199.83,2,0.192,0,0,1
2043.25,7,466.51,619.56,13.55,0.291,2,107.43,12,0.387,0,0,0
3112.86,4,370.9,403.11,83.28,0.336,1,190.24,3,0.284,0,0,1
1898.58,6,471.85,369.77,39.6,0.135,0,162.89,10,0.445,0,0,0
1882.94,2,287.5,179.62,38.44,0.241,1,250.19,18,0.06,0,0,0
896.06,6,187.07,446.74,42.99,0.322,0,65.56,7,0.423,0,0,0
931.78,4,305.6,289.82,33.89,0.21,1,277.05,14,0.512,0,1,0
444.7,3,340.65,689.58,99.53,0.19,1,320.73,0,0.597,0,1,0
10400.16,3,481.15,1235.23,35.41,0.212,0,207.88,9,0.2,0,1,1
521.2,5,214.82,947.69,45.31,0.366,1,88.99,8,0.206,0,1,0
904.24,3,200.43,577.16,195.1,0.285,3,129.92,8,0.183,0,0,0
881.47,4,377.14,2374.55,30.38,0.212,0,120.37,1,0.121,0,0,0
4424.55,3,221.92,175.84,10.36,0.168,0,211.13,7,0.412,0,1,1
1346.21,6,177.81,817.26,41.39,0.279,1,197.66,2,0.035,0,0,0
6296.46,9,185.57,73.73,60.97,0.029,2,281.87,21,0.347,0,1,1
921.97,5,20.0,894.27,6.69,0.411,0,171.21,8,0.271,0,0,0
2389.87,6,164.78,1033.76,8.84,0.499,1,87.69,18,0.214,0,1,0
784.19,4,300.63,1220.88,1.23,0.142,0,99.53,17,0.347,0,0,0
15446.68,3,249.38,871.94,68.2,0.156,0,146.32,5,0.177,0,1,1
551.37,9,306.31,104.65,11.29,0.117,1,175.04,6,0.204,0,0,0
2464.69,3,409.14,36.24,115.67,0.719,0,136.61,11,0.426,0,0,1
3407.65,9,536.58,1002.14,36.23,0.029,2,243.69,18,0.667,0,1,1
2734.76,4,217.32,1280.51,155.32,0.196,0,204.87,3,0.409,0,0,1
1502.24,8,113.42,26.55,24.15,0.272,1,80.79,5,0.242,0,0,0
1587.92,3,197.35,129.95,155.97,0.116,1,95.29,9,0.207,0,0,0
1889.02,3,342.67,1249.61,189.99,0.128,0,382.97,13,0.473,0,0,1
1560.87,5,546.04,2749.33,6.97,0.229,0,268.22,7,0.512,0,0,0
4740.41,8,269.36,588.07,6.67,0.657,1,213.01,6,0.444,0,1,1
16490.22,3,307.43,133.14,27.54,0.022,0,86.9,16,0.155,0,0,1
1035.36,4,222.5,310.02,26.71,0.125,0,115.69,22,0.423,0,0,1
459.53,8,268.46,1216.49,52.48,0.418,0,162.71,9,0.58,0,0,0
1655.27,3,399.04,626.85,5.98,0.543,0,227.28,5,0.434,0,1,0
23854.05,3,346.96,47.63,70.6,0.303,0,279.31,9,0.34,0,1,1
809.43,2,243.13,295.02,12.74,0.127,2,139.46,13,0.243,0,1,0
9312.54,7,280.3,1118.02,8.16,0.208,1,249.96,14,0.105,0,0,1
9678.87,2,205.83,315.36,79.12,0.159,1,319.32,2,0.453,0,0,1
1039.41,6,392.74,452.97,4.19,0.132,0,225.72,16,0.482,0,0,0
3193.85,5,472.88,1883.52,62.17,0.129,1,100.96,23,0.186,0,0,1
9213.24,6,145.66,3340.95,5.89,0.48,1,160.11,4,0.135,1,0,1
1237.53,2,155.02,1132.42,67.37,0.113,1,151.86,11,0.271,0,0,0
1475.01,10,207.0,219.68,78.16,0.323,1,228.18,9,0.24,0,0,1
1010.62,3,352.74,222.87,43.93,0.316,1,129.27,8,0.142,0,0,0
655.4,6,198.78,290.23,21.68,0.243,2,370.34,16,0.315,0,0,0
944.56,5,362.65,140.01,13.47,0.658,1,57.39,7,0.429,1,0,1
531.69,7,61.77,157.62,82.75,0.418,1,137.17,9,0.651,0,0,0
1870.73,6,241.18,236.56,5.65,0.346,0,197.69,21,0.346,0,0,0
837.17,7,266.0,862.78,183.39,0.073,0,45.36,7,0.034,0,0,0
2284.23,4,138.01,758.37,75.51,0.431,1,190.97,0,0.194,0,0,0
381.5,7,233.12,333.51,58.62,0.401,1,51.76,17,0.095,0,0,0
2517.14,2,383.18,175.19,223.84,0.273,2,225.84,22,0.071,0,1,0
4161.08,6,233.04,782.58,58.35,0.197,0,233.14,21,0.106,0,0,1
246.23,7,300.15,112.21,5.49,0.251,1,179.19,14,0.657,1,1,0
2628.21,5,420.32,126.49,19.47,0.218,2,118.35,7,0.133,0,0,1
6171.33,4,140.73,386.78,44.03,0.379,1,143.8,18,0.504,0,0,1
539.35,5,281.11,670.3,42.83,0.127,0,339.31,20,0.536,0,0,0
9629.36,2,20.0,1042.41,0.51,0.189,0,91.52,1,0.641,0,0,1
2749.07,8,83.04,929.19,15.05,0.28,0,198.2,23,0.407,0,0,0
893.36,5,339.79,380.43,66.65,0.102,1,97.93,6,0.134,0,0,0
1709.97,6,186.07,850.56,53.88,0.281,0,162.91,19,0.32,0,0,0
3160.0,5,284.63,189.94,113.91,0.34,1,20.0,1,0.171,0,0,0
1950.82,6,68.66,544.57,161.2,0.268,2,187.12,21,0.154,0,0,0
3098.76,8,20.0,764.19,101.83,0.171,0,247.34,22,0.367,0,0,0
720.05,7,165.65,1091.33,40.28,0.141,0,57.07,4,0.233,0,0,0
2141.71,0,180.92,66.35,39.15,0.392,0,256.66,0,0.487,0,0,0
439.78,4,207.53,85.3,23.06,0.219,2,346.78,20,0.425,0,1,0
1617.72,7,426.08,61.38,114.53,0.064,1,213.87,14,0.337,0,1,0
732.23,7,20.0,632.55,88.79,0.668,0,229.21,15,0.334,0,0,0
866.51,2,162.32,675.28,75.48,0.113,2,195.79,11,0.621,0,1,0
6223.53,3,206.04,8.86,75.35,0.21,0,218.5,22,0.423,0,1,1
5384.66,9,232.92,855.32,94.48,0.459,0,216.8,13,0.265,1,0,0
3324.71,7,369.02,1152.85,125.6,0.109,0,50.59,22,0.389,0,0,1
606.49,8,242.83,99.19,86.03,0.427,2,231.83,10,0.491,0,1,1
1317.63,4,345.51,329.18,84.38,0.638,1,221.1,4,0.451,0,1,0
6082.05,2,392.46,1517.55,53.99,0.437,0,170.79,11,0.315,0,0,1
2083.32,6,83.1,929.75,30.63,0.249,0,111.14,17,0.518,0,0,0
18385.72,2,385.15,290.66,40.02,0.125,0,230.42,4,0.501,0,0,1
2679.32,4,226.51,1084.59,38.32,0.341,1,138.77,22,0.183,0,0,1
2190.86,9,255.69,1746.19,86.92,0.275,1,164.5,10,0.053,0,0,0
1327.28,4,267.58,296.06,15.46,0.147,0,131.18,6,0.425,0,1,0
2066.35,3,299.98,922.33,22.56,0.108,0,207.18,14,0.049,0,0,0
1552.36,4,72.83,78.46,40.73,0.03,0,115.64,6,0.101,0,0,0
3670.59,2,62.2,48.38,209.82,0.485,0,20.0,6,0.195,0,0,0
4706.51,7,188.64,706.01,33.61,0.333,0,213.88,6,0.351,1,1,1
823.87,7,322.98,542.49,6.76,0.181,2,62.78,15,0.396,0,1,1
477.6,2,404.1,1328.96,56.05,0.681,1,95.27,5,0.505,0,0,0
288.24,4,168.27,1212.33,47.9,0.288,0,203.61,10,0.129,0,0,0
3004.88,4,352.86,270.28,93.73,0.245,1,170.03,11,0.264,0,1,0
599.82,5,224.36,574.38,96.51,0.55,1,110.85,9,0.103,0,0,0
210.0,6,289.63,1127.74,15.0,0.081,1,173.33,23,0.056,0,0,0
2666.65,6,177.9,252.81,2.32,0.097,2,319.18,6,0.211,0,1,0
21872.81,8,266.58,359.49,76.86,0.114,2,158.25,5,0.654,0,0,1
1797.1,4,139.35,49.38,52.83,0.115,2,274.27,12,0.511,0,0,0
4181.77,1,261.3,111.86,7.62,0.21,0,202.01,20,0.227,0,0,0
1962.22,4,354.05,753.74,211.81,0.096,1,250.25,18,0.361,0,1,1
1637.8,6,201.6,549.34,130.14,0.357,4,157.31,0,0.306,0,1,0
4532.72,3,280.08,147.71,64.21,0.429,0,224.46,12,0.061,0,0,1
1352.52,4,294.29,5.85,2.76,0.521,1,335.41,2,0.529,0,1,0
2362.3,1,383.2,148.13,12.0,0.29,1,158.24,8,0.648,0,1,0
2494.14,7,26.15,1107.88,19.62,0.264,2,193.03,16,0.085,0,0,0
926.96,2,334.38,78.69,2.88,0.483,1,123.85,13,0.382,0,0,1
4875.81,9,119.41,411.93,87.83,0.055,1,70.05,11,0.094,0,0,1
1517.83,6,108.35,218.28,3.99,0.535,0,92.82,10,0.397,0,0,0
849.17,5,172.53,637.73,11.5,0.284,0,208.93,5,0.301,1,0,0
3091.8,10,137.64,573.22,19.2,0.403,0,254.28,13,0.658,0,0,0
736.22,7,274.59,3257.45,20.17,0.317,2,168.04,16,0.31,0,1,0
1859.72,5,134.09,1185.82,15.4,0.322,4,154.18,14,0.188,0,0,0
1791.63,4,319.14,2228.76,192.22,0.455,0,253.52,7,0.439,0,0,0
5355.59,11,20.0,690.12,161.98,0.122,1,134.17,0,0.364,0,0,1
2906.48,4,377.65,1070.86,48.42,0.323,2,184.36,12,0.173,0,0,1
1763.35,3,63.6,1803.62,6.68,0.136,1,377.17,0,0.441,0,1,0
4096.0,1,298.61,33.55,61.32,0.568,1,406.66,10,0.426,0,0,1
7260.53,7,153.46,1976.33,185.32,0.49,0,273.9,6,0.05,0,0,1
3158.37,5,199.11,190.37,319.91,0.163,2,209.99,21,0.101,0,0,0
1826.86,7,144.99,976.67,47.93,0.373,2,293.04,20,0.218,0,0,0
486.95,5,20.0,1187.45,10.45,0.23,2,20.0,9,0.131,0,0,0
623.21,2,194.48,92.62,89.09,0.594,2,139.04,3,0.273,0,1,0
1332.45,5,103.09,2447.79,48.74,0.288,0,194.62,9,0.324,0,0,0
982.88,9,78.9,2089.02,30.09,0.405,0,57.54,21,0.189,0,0,0
1499.71,11,199.16,850.33,8.12,0.185,0,159.41,15,0.558,0,0,0
1913.42,6,216.28,135.05,13.71,0.535,0,141.56,11,0.196,0,0,0
3070.8,6,260.01,667.86,43.22,0.117,0,207.07,7,0.259,0,1,0
1684.97,3,309.38,337.45,15.1,0.131,0,203.18,2,0.137,0,1,0
2940.99,8,105.25,2136.19,32.49,0.407,0,62.89,2,0.267,0,0,0
1928.45,3,83.04,417.58,62.87,0.49,1,186.52,6,0.08,0,0,1
250.77,8,340.71,946.68,218.55,0.518,0,392.58,23,0.106,0,0,0
706.74,7,211.09,810.72,2.25,0.405,0,256.23,9,0.56,0,0,0
1565.42,6,485.78,252.88,79.67,0.468,3,121.65,12,0.572,0,1,0
539.32,6,20.0,613.43,6.84,0.248,0,83.22,11,0.083,0,0,0
3294.23,3,290.09,422.08,143.71,0.468,0,190.44,14,0.207,0,0,0
8356.13,7,152.32,375.53,73.48,0.693,0,131.6,23,0.483,0,1,1
6116.6,4,156.72,1596.11,25.36,0.164,1,174.02,21,0.689,0,0,1
1460.53,4,184.33,120.43,35.93,0.196,1,224.95,22,0.264,0,0,0
8028.28,10,410.79,422.64,56.46,0.38,2,94.42,23,0.302,0,0,1
2097.85,6,48.84,5.42,41.17,0.408,1,192.93,22,0.245,0,0,0
1290.67,2,47.06,242.93,195.72,0.384,1,81.76,19,0.255,0,0,0
979.06,4,323.93,777.75,329.49,0.298,0,101.29,6,0.656,0,0,0
1336.13,3,454.53,73.27,2.94,0.486,1,187.97,19,0.325,0,0,0
1226.38,9,162.17,253.06,65.08,0.469,0,193.9,10,0.055,0,0,0
2143.97,6,380.18,1697.74,68.68,0.435,0,229.74,17,0.375,0,0,0
2122.98,3,354.73,941.7,78.06,0.141,0,191.64,18,0.765,0,1,0
1813.56,7,283.74,58.3,124.49,0.07,2,285.24,21,0.357,0,1,1
2798.78,5,271.92,3901.56,44.99,0.128,2,197.66,14,0.316,0,1,0
5947.02,7,204.71,2322.4,14.69,0.36,1,309.8,15,0.655,0,1,1
4672.99,7,358.63,122.23,55.69,0.308,0,75.28,20,0.253,0,0,1
409.57,2,329.76,2039.49,19.5,0.125,1,182.95,14,0.795,0,1,0
140.62,7,181.21,638.71,20.97,0.434,0,222.96,19,0.286,0,0,0
4602.34,3,59.68,2120.37,47.46,0.118,1,97.14,19,0.358,0,0,1
460.87,7,156.04,2754.89,17.06,0.192,2,157.94,11,0.618,0,0,0
1444.09,5,122.24,946.2,59.29,0.264,0,161.58,1,0.475,0,0,0
561.09,8,243.32,275.46,95.91,0.402,0,144.94,20,0.309,0,1,0
298.28,3,307.6,2068.57,211.61,0.301,1,243.95,9,0.307,0,0,0
3107.15,7,296.73,681.67,9.22,0.33,2,207.77,9,0.41,0,1,1
3862.83,4,305.24,334.28,30.38,0.688,1,212.59,17,0.089,0,0,1
1015.86,3,273.19,493.01,67.48,0.588,1,144.62,6,0.044,0,0,0
135.5,3,247.39,416.97,43.07,0.368,1,215.37,17,0.252,0,0,0
1047.07,2,242.48,2190.27,3.34,0.276,1,76.66,11,0.76,0,0,0
2675.27,9,398.16,1371.1,21.39,0.313,0,172.56,1,0.254,0,0,1
412.03,10,191.34,25.5,78.93,0.341,0,228.02,1,0.123,0,0,0
2171.9,7,223.72,7.92,33.94,0.287,0,146.27,13,0.038,0,0,0
1780.57,7,20.0,57.52,59.27,0.39,0,153.33,20,0.083,0,0,0
3226.95,4,184.77,754.08,51.15,0.028,1,119.1,16,0.267,0,0,1
2037.71,4,213.89,1347.67,143.54,0.309,1,139.14,10,0.084,0,0,1
683.3,5,393.56,578.8,97.65,0.204,1,240.88,17,0.35,0,1,0
5982.37,3,89.64,612.09,21.06,0.268,1,49.67,14,0.377,0,0,1
1542.98,7,234.7,219.99,34.43,0.386,1,210.96,11,0.585,0,1,0
1759.34,4,232.21,491.9,32.35,0.348,0,166.15,8,0.337,0,0,0
711.04,4,326.58,237.48,16.35,0.14,3,141.77,19,0.23,0,0,0
1160.63,4,194.08,256.18,48.52,0.137,0,207.95,21,0.366,0,0,0
746.35,8,323.0,396.96,15.09,0.135,3,94.54,20,0.308,0,0,0
1520.89,5,280.74,38.97,8.7,0.061,3,203.03,10,0.22,0,1,1
10013.69,3,158.69,2480.13,5.84,0.249,1,143.54,0,0.531,0,0,1
458.56,11,116.67,1965.17,16.88,0.099,1,118.96,22,0.288,0,0,0
360.12,7,500.9,1272.75,32.05,0.092,0,166.13,22,0.132,0,0,0
7872.81,5,185.01,672.41,6.15,0.247,0,220.4,2,0.146,0,0,1
1466.56,6,46.87,1341.43,56.32,0.289,0,198.38,16,0.196,0,0,0
926.05,2,195.37,2923.97,102.1,0.479,0,152.81,4,0.424,1,0,0
5114.86,1,169.45,266.8,27.85,0.165,0,157.72,19,0.45,0,0,0
986.72,3,109.88,362.39,103.28,0.014,0,115.14,19,0.432,0,0,0
11226.25,5,245.02,1044.64,8.18,0.454,0,141.55,22,0.228,0,0,1
3561.46,7,272.59,823.71,4.03,0.29,0,149.76,4,0.185,0,0,1
1109.97,3,20.0,1393.55,84.06,0.339,0,76.88,23,0.026,0,0,0
15635.64,4,265.09,340.92,183.98,0.054,0,20.0,3,0.295,0,0,1
986.62,2,338.14,297.49,20.82,0.127,1,99.07,10,0.208,0,0,0
3797.49,5,134.12,704.39,53.55,0.501,0,246.17,15,0.117,0,0,1
2438.88,2,89.21,126.13,53.14,0.22,1,242.34,2,0.378,0,1,1
6645.81,5,125.99,32.3,57.84,0.298,1,273.75,23,0.497,0,0,1
8617.16,7,187.6,223.91,42.46,0.7,0,184.7,16,0.075,0,0,1
1866.84,3,242.37,137.89,14.81,0.067,0,233.76,9,0.093,0,0,0
851.14,6,110.15,5.36,4.21,0.185,0,174.03,21,0.253,0,0,0
2863.99,3,196.54,1204.09,0.69,0.471,1,20.0,15,0.462,0,0,1
918.08,10,219.91,626.83,9.94,0.151,0,228.78,13,0.442,1,1,0
13539.78,5,263.15,884.4,6.39,0.281,0,77.35,2,0.381,0,0,1
2072.55,3,70.14,142.39,1.95,0.392,0,110.79,5,0.122,0,0,1
1254.73,7,148.1,237.32,4.74,0.207,1,298.66,3,0.215,0,0,0
2174.77,3,155.54,49.6,2.5,0.604,0,66.62,17,0.783,0,1,0
470.07,5,431.09,4784.83,39.72,0.256,0,22.31,11,0.333,0,0,0
684.29,4,365.35,87.04,2.94,0.236,2,261.9,5,0.237,1,1,0
6005.4,7,229.24,75.77,278.51,0.23,0,21.52,6,0.097,0,0,1
937.4,4,57.18,761.88,34.83,0.396,0,20.0,11,0.166,0,0,0
634.66,4,341.64,322.63,115.69,0.365,1,66.08,19,0.591,0,0,0
3092.25,3,377.66,1748.41,33.45,0.075,0,186.73,3,0.348,0,0,1
5917.71,6,226.67,1424.74,7.3,0.277,1,217.2,13,0.375,0,0,1
3710.62,10,178.18,1620.89,91.83,0.147,1,219.83,14,0.133,0,0,1
4895.38,3,152.17,1062.81,13.57,0.388,0,235.95,14,0.314,0,0,1
848.28,5,318.14,113.06,2.06,0.267,0,139.3,2,0.674,0,0,0
436.24,4,310.71,52.58,10.6,0.5,0,276.67,17,0.196,0,1,0
8113.9,5,108.18,53.45,45.75,0.147,0,252.54,6,0.418,0,0,1
1309.39,2,134.18,1294.7,28.52,0.18,0,121.61,3,0.359,0,0,0
1406.93,3,107.89,856.29,8.81,0.06,0,172.95,23,0.446,0,0,0
6823.95,4,448.06,3169.99,38.07,0.562,1,338.51,17,0.314,0,1,1
3153.38,6,268.03,825.16,152.94,0.18,0,205.63,17,0.554,0,0,0
2852.32,7,367.5,229.36,64.84,0.316,0,377.38,5,0.295,0,0,1
15756.41,4,249.49,75.02,3.59,0.208,2,20.0,17,0.348,0,0,1
950.02,7,283.32,364.06,19.27,0.414,0,130.24,14,0.038,0,0,0
4572.61,4,198.43,178.21,58.95,0.028,1,116.21,10,0.224,0,0,1
1914.12,5,409.01,791.94,7.55,0.403,3,77.29,22,0.182,0,0,1
2365.14,6,271.91,80.71,38.68,0.322,0,89.28,11,0.343,0,0,0
8337.08,9,226.75,1184.52,39.5,0.062,1,202.25,13,0.209,1,0,1
3004.41,3,20.0,954.03,4.63,0.43,0,135.02,4,0.246,0,0,1
3097.33,9,297.33,1066.53,46.59,0.293,1,187.14,13,0.701,1,1,1
5284.36,6,296.16,2692.9,115.17,0.309,0,117.8,19,0.485,0,0,1
1255.2,2,386.31,841.14,52.74,0.461,1,139.59,6,0.058,0,0,0
781.17,9,197.53,1243.02,123.54,0.125,1,20.0,14,0.518,0,0,0
636.0,4,148.84,71.33,47.54,0.241,0,249.87,9,0.477,0,0,0
253.06,5,453.73,2293.04,69.68,0.109,2,311.57,13,0.1,0,1,0
14132.14,5,67.2,197.31,111.57,0.08,1,177.3,15,0.228,0,0,1
599.92,4,138.89,543.48,31.12,0.167,1,202.28,1,0.135,0,0,0
1449.17,3,421.21,2519.0,8.6,0.034,0,94.65,11,0.222,0,0,0
1370.85,5,351.18,158.14,6.35,0.331,1,26.94,1,0.38,0,0,0
2458.75,4,206.81,28.92,153.42,0.17,0,158.29,4,0.236,0,0,0
4087.7,3,211.03,281.99,39.58,0.28,1,66.71,3,0.339,0,0,1
4274.72,5,218.87,136.04,57.46,0.192,1,295.45,5,0.17,0,0,1
1009.21,6,342.77,882.17,47.31,0.53,0,257.08,3,0.21,0,0,0
1529.78,9,344.61,261.0,41.61,0.03,1,257.7,21,0.346,0,1,0
2398.45,3,315.34,51.92,40.98,0.559,1,93.42,20,0.415,0,0,0
1409.95,5,336.05,1788.12,32.03,0.251,0,151.89,6,0.385,0,0,0
9021.32,7,311.75,40.59,107.89,0.477,2,287.06,22,0.14,0,1,1
2954.18,5,20.0,253.16,6.44,0.553,1,123.64,15,0.322,0,0,0
3770.18,2,288.91,219.86,62.91,0.206,1,138.55,22,0.368,0,0,1
3508.28,5,203.94,19.03,57.09,0.025,2,256.52,13,0.291,0,1,0
5845.77,7,506.61,144.48,3.22,0.204,1,154.19,23,0.23,0,1,1
2166.83,8,72.09,1349.27,12.23,0.079,1,101.79,8,0.224,0,0,0
494.31,2,102.36,30.6,77.49,0.11,1,205.02,13,0.199,0,0,0
2696.44,3,262.6,18.8,13.31,0.159,3,275.12,17,0.066,0,0,1
942.6,6,103.41,804.14,43.11,0.29,0,214.76,22,0.544,0,0,0
1065.7,3,554.16,74.5,4.37,0.084,1,229.94,9,0.125,0,1,0
3249.85,6,316.5,371.64,12.61,0.46,2,215.63,0,0.385,0,1,1
6237.18,10,179.11,1.72,110.76,0.198,1,264.73,13,0.328,0,0,1
1846.91,2,296.5,360.01,22.45,0.126,2,261.29,20,0.39,0,0,1
2462.26,6,276.54,306.23,81.96,0.541,3,58.78,20,0.31,0,1,0
9919.07,5,171.88,758.85,32.55,0.129,0,186.89,6,0.085,0,0,1
2300.2,3,95.57,553.07,19.45,0.147,2,138.01,15,0.341,0,0,0
24384.02,4,114.74,907.87,41.8,0.246,1,174.28,16,0.406,0,0,1
3182.78,5,196.3,2197.3,38.18,0.283,2,312.45,7,0.791,0,1,1
310.83,5,367.91,1268.47,209.25,0.495,0,264.49,0,0.55,1,1,1
3840.44,9,323.69,2169.05,21.11,0.223,1,47.4,15,0.391,0,0,1
2646.94,6,512.72,44.6,53.02,0.114,1,102.92,4,0.264,0,1,0
6566.61,4,147.67,3711.73,58.49,0.251,0,140.63,13,0.278,0,0,1
3544.6,3,105.93,310.96,49.22,0.348,1,223.37,14,0.395,0,0,1
1574.27,4,230.35,259.16,32.62,0.554,0,218.86,18,0.525,0,0,1
531.5,2,301.64,413.37,76.5,0.123,1,275.12,8,0.346,0,0,0
1467.0,5,304.81,1223.4,73.09,0.376,0,244.28,23,0.278,0,0,0
772.38,4,293.09,2468.26,159.75,0.237,1,100.17,1,0.259,0,1,0
1011.79,2,274.97,646.37,188.53,0.154,0,145.54,2,0.394,0,0,1
3257.05,5,184.32,134.16,12.12,0.335,0,232.91,23,0.057,0,0,0
9603.71,11,200.02,192.69,53.13,0.114,3,240.84,19,0.092,0,0,1
2682.95,4,438.81,415.85,97.06,0.206,0,304.3,12,0.198,0,0,0
546.82,6,106.91,364.26,163.92,0.319,0,392.18,7,0.187,0,0,0
2820.31,2,279.33,217.73,7.7,0.231,0,195.07,10,0.6,0,0,0
5982.73,4,389.38,1518.91,148.88,0.319,3,232.69,16,0.088,0,0,1
982.61,9,128.18,262.93,12.77,0.051,1,308.27,17,0.278,0,1,0
1581.27,2,127.72,718.67,42.48,0.444,1,170.99,20,0.664,0,0,0
1834.8,5,284.49,522.07,53.11,0.207,0,194.11,10,0.379,0,1,0
824.77,4,301.58,2055.96,105.81,0.613,0,74.63,5,0.384,0,0,0
3457.43,5,212.06,793.07,81.4,0.399,0,228.49,23,0.293,0,0,1
1602.07,3,304.08,322.89,136.31,0.267,0,172.36,12,0.182,0,0,0
2750.48,4,52.47,814.42,77.41,0.192,0,199.9,15,0.361,0,0,0
744.35,5,173.05,307.24,20.68,0.45,0,175.84,9,0.198,0,0,0
1167.41,7,389.2,76.21,9.85,0.038,0,20.0,7,0.149,0,0,0
3723.36,6,28.21,531.19,8.46,0.39,1,183.05,22,0.121,0,0,1
1245.34,5,496.37,1574.02,4.58,0.435,2,153.41,23,0.398,0,1,0
10167.62,7,234.2,1919.11,134.71,0.573,1,20.0,0,0.437,1,0,1
1212.41,5,442.82,627.76,33.3,0.296,1,168.73,14,0.188,0,0,0
2263.54,9,389.6,961.91,168.15,0.255,1,98.26,23,0.096,0,1,0
4594.39,5,277.03,754.71,74.56,0.192,1,140.04,14,0.142,0,0,1
437.74,5,281.46,1332.07,153.72,0.02,1,86.34,18,0.681,0,1,0
310.81,8,477.23,87.16,101.46,0.328,0,240.81,21,0.386,0,0,1
393.21,4,122.1,410.49,43.77,0.269,2,83.1,0,0.223,0,0,0
6390.6,2,236.74,233.44,12.8,0.506,0,174.05,6,0.5,0,1,1
1041.21,5,178.77,5.28,14.65,0.202,2,255.54,5,0.175,0,0,0
23346.43,3,149.93,1417.19,23.21,0.15,0,119.22,18,0.216,0,0,1
1028.39,2,387.84,115.27,1.23,0.423,0,137.61,18,0.094,0,0,1
2174.49,5,296.64,312.51,54.96,0.593,2,118.47,0,0.224,0,1,1
8451.59,8,292.94,1613.18,40.5,0.314,0,74.43,18,0.693,0,1,1
13441.37,3,293.4,1022.15,5.33,0.184,1,130.99,12,0.514,0,0,1
14207.19,4,343.67,670.93,87.12,0.371,3,281.53,8,0.136,0,0,1
6053.34,11,227.32,297.16,86.49,0.367,0,257.14,18,0.082,0,0,1
5034.46,4,379.58,579.42,6.31,0.292,0,76.8,4,0.351,0,0,1
3269.94,7,238.6,46.3,11.4,0.039,1,249.08,8,0.326,0,1,0
3937.74,1,250.41,1039.5,14.41,0.08,0,170.18,1,0.392,0,0,1
1041.91,3,204.52,216.73,37.29,0.291,1,167.47,20,0.449,0,0,0
797.75,2,229.56,521.91,144.95,0.634,2,280.23,4,0.51,1,1,0
1801.95,6,286.18,79.39,54.72,0.484,2,212.94,8,0.201,0,0,0
1525.1,3,244.56,992.48,57.14,0.188,3,151.1,13,0.261,0,0,1
1149.14,5,151.11,1809.4,17.22,0.094,0,106.52,16,0.33,0,0,0
3627.82,8,222.15,486.95,48.93,0.154,0,120.8,1,0.334,0,0,1
4699.94,8,210.05,69.51,11.87,0.245,1,135.26,13,0.415,0,0,1
1975.16,2,229.28,2321.43,62.07,0.327,2,20.0,18,0.415,0,0,0
7923.04,6,23.28,473.99,13.38,0.013,0,171.89,19,0.071,0,0,1
577.27,7,335.89,67.0,0.7,0.349,1,179.33,4,0.249,0,0,0
1489.72,3,227.72,167.02,37.08,0.485,0,346.58,3,0.166,0,0,0
882.87,4,288.02,102.13,17.69,0.339,0,263.9,5,0.069,0,0,0
279.63,8,309.17,176.04,49.57,0.254,0,73.26,16,0.343,0,0,0
1664.57,6,116.72,135.48,68.53,0.251,2,271.07,20,0.378,0,1,1
1600.79,5,321.82,2049.89,84.04,0.313,0,312.55,18,0.378,0,0,1
8212.8,2,121.95,187.64,199.44,0.099,1,116.16,19,0.251,0,0,1
3397.56,6,286.94,466.67,40.55,0.084,0,194.53,4,0.112,0,0,1
649.25,5,30.25,1047.11,32.93,0.077,0,189.95,9,0.235,0,0,0
11545.98,8,20.0,904.02,14.09,0.358,0,241.83,10,0.279,1,0,1
6130.51,3,356.72,2507.37,68.69,0.242,0,280.06,19,0.196,0,0,1
3236.01,5,310.42,2705.81,32.96,0.263,2,151.43,0,0.326,0,0,0
1441.61,4,222.86,676.47,19.8,0.461,1,249.64,0,0.162,0,1,0
692.67,7,239.38,1116.44,28.29,0.648,2,43.53,6,0.218,0,0,0
1246.12,9,51.84,390.27,23.14,0.433,1,192.78,23,0.143,0,0,1
5370.89,6,239.25,448.64,192.0,0.385,0,201.97,7,0.477,0,0,1
11903.48,13,253.75,88.18,12.83,0.467,1,274.24,18,0.406,1,1,1
8461.18,3,188.99,895.26,26.77,0.138,1,134.79,0,0.067,0,0,1
1108.93,7,220.95,252.44,18.36,0.549,1,170.11,14,0.087,0,0,0
590.15,5,122.93,66.58,9.42,0.118,0,232.45,13,0.248,0,0,0
2081.59,6,62.66,82.72,17.8,0.316,1,178.71,16,0.576,0,1,0
308.45,11,261.12,1025.19,33.6,0.035,0,188.24,12,0.084,1,0,0
2497.81,7,91.26,207.98,49.93,0.238,0,144.15,22,0.634,1,0,1
1559.93,4,295.32,1175.69,47.97,0.016,0,232.94,4,0.299,0,0,0
1134.52,8,281.29,1890.89,74.07,0.324,0,252.77,7,0.42,0,0,0
366.98,6,364.05,333.44,3.7,0.374,1,150.39,6,0.624,0,1,0
3021.78,4,279.31,1263.42,18.87,0.172,0,204.76,4,0.476,0,0,1
1061.35,4,603.01,447.94,21.74,0.148,1,316.37,9,0.23,0,1,1
561.2,7,202.0,1183.49,58.92,0.252,1,31.17,19,0.304,0,0,0
102.28,8,284.82,293.06,11.63,0.242,0,240.58,12,0.543,1,0,0
1758.97,3,164.07,2144.59,12.06,0.48,1,31.98,8,0.137,0,0,0
10638.68,8,362.82,3487.06,5.0,0.245,1,230.71,15,0.649,0,0,1
9521.04,6,257.64,390.41,38.1,0.334,0,241.14,13,0.574,1,0,1
1144.71,8,27.2,177.44,64.87,0.405,0,59.26,5,0.687,1,0,0
990.08,3,139.08,924.99,59.81,0.26,0,230.41,20,0.559,0,0,0
2889.31,3,218.75,700.88,67.89,0.321,0,97.2,4,0.65,0,0,1
666.22,7,87.37,3811.13,9.29,0.298,0,348.86,9,0.237,0,0,0
2444.98,6,302.9,1335.33,44.16,0.203,1,123.11,19,0.082,0,0,0
3889.67,6,68.07,1441.96,4.9,0.163,0,290.1,12,0.36,0,0,1
6166.79,4,212.45,1037.11,170.08,0.249,2,155.86,1,0.116,0,0,1
1635.73,3,201.29,345.6,5.55,0.093,0,173.56,14,0.222,0,0,0
1474.87,7,357.53,2197.13,105.03,0.367,2,195.54,10,0.468,0,1,0
751.46,7,210.31,501.39,1.96,0.243,1,250.0,13,0.429,0,0,0
790.86,7,338.45,407.92,37.87,0.359,1,95.86,21,0.344,0,0,0
1441.62,5,286.04,172.77,95.78,0.297,0,111.41,7,0.156,0,0,1
2610.68,4,99.28,289.88,50.34,0.385,2,227.22,17,0.348,0,1,1
4507.89,4,501.93,1.81,34.04,0.43,0,196.76,12,0.39,0,1,1
809.83,7,366.82,862.82,6.81,0.363,1,160.56,10,0.176,0,1,0
8044.05,5,122.26,744.04,53.83,0.639,0,164.92,11,0.087,0,0,1
1378.67,4,109.61,412.71,46.11,0.183,2,204.31,0,0.148,0,0,0
1769.82,3,382.83,2731.6,30.69,0.161,0,220.65,12,0.35,0,0,0
856.44,3,344.84,945.0,13.39,0.241,1,111.18,5,0.285,0,0,0
160.09,3,318.05,222.41,12.43,0.704,2,277.97,12,0.384,0,0,0
4376.68,6,121.19,380.76,175.35,0.074,1,277.22,11,0.458,0,1,1
3777.6,5,163.58,580.21,167.7,0.046,1,257.55,11,0.299,0,1,1
1364.68,5,394.08,630.59,138.2,0.134,1,253.43,19,0.573,0,1,0
1933.31,4,308.14,257.97,36.28,0.192,1,173.48,17,0.435,0,0,1
3028.85,8,148.98,229.55,222.3,0.288,0,211.75,15,0.172,0,0,1
378.97,7,404.73,284.68,17.65,0.455,2,73.81,18,0.326,0,1,0
1065.23,4,477.42,2645.14,27.83,0.097,2,125.52,2,0.178,0,1,0
4000.86,3,180.74,356.44,9.58,0.208,0,184.97,3,0.538,0,1,1
515.8,4,157.43,374.91,31.19,0.086,2,56.64,22,0.227,0,0,0
2424.93,7,418.27,1019.07,10.23,0.156,0,56.43,16,0.162,0,0,0
465.64,9,435.01,142.11,3.43,0.118,0,185.21,4,0.226,0,0,0
2882.55,8,432.56,824.38,0.5,0.186,1,399.87,20,0.452,0,1,1
1744.74,3,287.26,877.6,23.78,0.182,0,73.24,4,0.505,0,0,0
359.56,5,179.29,53.35,113.94,0.097,0,282.21,3,0.496,0,0,0
5794.93,6,349.56,168.52,28.76,0.167,0,120.81,11,0.643,0,1,1
867.32,7,201.23,502.62,51.87,0.434,0,135.09,9,0.139,0,0,0
804.12,6,194.12,1443.47,85.16,0.197,2,218.42,7,0.525,0,1,0
2209.61,5,262.58,1054.44,40.25,0.175,1,294.54,9,0.099,0,0,0
5702.37,8,243.86,1653.7,41.41,0.479,0,264.38,20,0.239,0,1,1
654.7,7,180.41,1523.08,37.13,0.061,1,206.23,22,0.577,0,0,0
1923.07,4,113.79,573.14,6.68,0.272,1,217.85,15,0.797,0,0,0
2776.14,6,217.39,778.89,50.48,0.289,1,20.0,12,0.535,0,1,0
3615.93,9,166.05,2028.61,64.22,0.479,1,319.97,11,0.288,1,1,1
2156.93,6,79.07,1080.97,0.01,0.69,2,277.39,10,0.236,0,0,0
1252.59,5,263.54,354.38,4.35,0.307,2,153.53,0,0.828,0,0,0
790.3,4,266.62,345.07,39.01,0.44,1,289.6,10,0.704,0,1,0
1970.7,3,333.23,365.35,91.3,0.514,0,87.56,1,0.339,0,0,0
618.85,0,262.25,546.88,38.08,0.424,1,107.6,11,0.436,0,0,0
97.38,6,237.4,360.15,28.51,0.266,2,152.75,17,0.26,0,1,0
2797.72,3,331.88,166.12,138.06,0.252,1,250.95,2,0.373,0,0,1
4464.6,4,262.69,722.93,3.97,0.241,0,192.41,2,0.179,0,1,1
170.22,4,279.23,1627.33,7.44,0.662,1,20.0,13,0.147,0,0,0
658.7,8,311.24,542.68,57.78,0.366,1,253.51,17,0.115,0,0,0
3358.18,3,176.73,197.9,5.76,0.628,2,65.87,17,0.419,0,0,1
14150.36,4,360.33,1341.53,7.26,0.182,0,188.15,19,0.314,0,1,1
1846.03,2,249.38,1127.63,102.76,0.274,1,216.73,18,0.216,0,1,0
873.05,5,232.12,963.76,11.8,0.075,1,211.19,7,0.074,0,0,0
1505.84,7,358.89,898.47,48.7,0.46,1,198.85,13,0.311,0,1,0
7150.06,9,187.79,1219.62,25.27,0.339,3,214.95,5,0.457,1,1,1
947.7,8,197.14,1418.8,7.35,0.291,1,290.18,2,0.524,0,1,0
813.06,10,304.49,1827.82,24.4,0.4,0,223.8,4,0.169,0,0,0
1115.72,6,271.42,753.15,26.91,0.128,0,253.57,14,0.13,0,0,0
696.92,14,644.82,400.16,49.53,0.235,1,249.39,19,0.319,0,1,0
2044.01,3,370.32,75.36,8.33,0.234,0,141.67,0,0.454,0,1,0
9179.05,6,20.0,1025.31,1.9,0.046,0,143.61,12,0.224,0,0,1
2497.58,8,283.68,121.78,46.57,0.118,0,167.89,4,0.185,0,0,1
1404.79,4,28.77,1623.12,3.38,0.307,0,228.75,22,0.365,0,0,0
1350.44,6,200.21,416.53,8.35,0.305,0,177.69,7,0.127,0,0,0
378.72,8,271.12,1670.86,199.42,0.069,0,163.5,12,0.59,0,1,0
4372.59,9,194.71,584.64,1.15,0.133,0,283.66,1,0.297,0,1,1
1672.65,6,20.0,483.35,51.4,0.369,2,308.22,21,0.444,0,0,0
1509.48,9,257.11,361.5,7.47,0.089,2,170.48,0,0.634,0,0,0
44051.19,1,182.49,50.65,86.07,0.219,2,61.91,19,0.127,0,0,1
2437.56,6,327.0,9.28,43.59,0.238,2,48.94,17,0.197,0,1,0
852.53,6,22.37,568.54,31.98,0.136,1,201.85,3,0.501,0,0,0
1180.44,7,162.71,1850.98,30.85,0.331,0,260.39,4,0.193,0,1,0
5701.28,4,347.76,705.72,55.58,0.242,0,59.19,0,0.376,0,0,1
2024.89,13,20.0,1586.59,91.22,0.291,1,52.13,18,0.156,1,0,0
429.11,3,307.17,5000.0,0.35,0.414,1,175.65,3,0.595,0,0,0
4533.41,5,156.5,157.41,1.02,0.03,0,202.35,4,0.521,0,0,1
926.91,4,221.93,862.05,15.9,0.077,0,268.67,3,0.56,0,0,0
11769.87,4,112.71,431.53,67.02,0.494,0,177.84,8,0.112,0,0,1
5324.36,8,212.3,187.37,10.77,0.354,0,196.93,3,0.305,0,0,1
1155.95,3,124.46,220.5,26.11,0.274,1,104.99,3,0.374,0,0,0
6509.49,2,103.0,224.46,35.42,0.148,1,189.45,23,0.249,0,0,1
1934.99,4,347.05,1046.44,23.34,0.093,2,229.52,4,0.618,0,0,0
4241.93,5,233.84,350.81,31.24,0.097,0,159.18,19,0.238,0,0,0
2935.79,5,278.98,236.29,80.16,0.466,0,149.58,10,0.31,0,0,1
775.6,6,258.0,1736.97,13.02,0.371,2,193.96,20,0.237,0,1,0
949.99,7,404.43,27.96,19.78,0.157,2,152.69,7,0.403,0,0,0
5064.25,6,295.83,1064.29,37.39,0.103,1,323.64,13,0.321,0,1,1
1293.65,4,311.88,2586.31,100.16,0.363,0,201.94,16,0.148,0,0,0
1207.55,10,336.52,786.04,11.49,0.177,1,278.76,15,0.399,0,1,0
695.67,7,146.94,635.55,37.2,0.24,0,107.53,2,0.387,0,0,0
2761.69,5,463.32,50.73,104.28,0.192,1,276.25,3,0.438,0,0,0
14221.71,2,89.89,559.27,5.97,0.135,1,270.48,15,0.353,0,0,1
621.71,5,285.17,358.79,63.91,0.18,1,178.1,5,0.555,0,0,0
1852.37,4,284.5,1204.42,12.66,0.518,0,359.27,0,0.36,0,0,1
7422.12,3,535.38,1336.1,9.53,0.215,0,225.05,4,0.613,0,1,1
1669.63,2,298.14,146.76,13.48,0.086,0,237.7,16,0.422,0,0,1
2842.31,2,157.41,590.92,34.94,0.637,3,242.9,13,0.4,0,1,1
624.91,6,173.82,1572.53,46.24,0.234,2,204.55,4,0.522,0,1,0
2774.73,12,196.39,783.65,10.8,0.227,1,278.49,6,0.439,0,1,0
1499.45,7,263.07,524.64,5.94,0.226,1,258.92,20,0.146,0,0,1
4845.13,1,272.42,1826.71,30.13,0.223,1,189.48,12,0.318,0,0,1
5927.67,8,297.82,2716.68,2.96,0.399,0,126.84,14,0.138,0,1,1
24090.28,4,253.17,214.59,38.71,0.264,0,173.99,11,0.322,0,1,1
3228.05,3,313.54,161.49,57.42,0.17,1,147.06,6,0.196,0,0,1
2504.38,10,112.99,1600.98,145.75,0.25,0,125.97,2,0.766,1,1,0
2195.98,2,57.1,222.66,7.71,0.318,0,249.43,6,0.757,0,0,0
1270.08,7,382.25,1506.25,28.4,0.169,0,48.04,22,0.552,0,0,0
2536.36,3,59.07,286.7,14.83,0.188,0,127.16,10,0.307,0,0,0
1345.6,5,239.45,15.5,12.29,0.244,0,183.71,13,0.11,0,0,0
2139.79,5,152.41,438.46,36.65,0.467,0,150.97,15,0.691,0,0,1
6752.02,9,461.4,32.96,7.74,0.594,0,220.37,9,0.019,0,0,1
660.8,2,476.22,186.55,0.78,0.542,0,140.4,7,0.221,0,0,1
5652.64,7,251.56,522.16,8.84,0.269,1,285.17,13,0.147,0,0,1
6748.77,5,212.79,31.4,20.44,0.131,0,176.69,17,0.231,0,0,1
1606.69,6,219.74,27.02,0.55,0.607,1,254.1,10,0.16,0,0,1
216.62,4,273.19,134.87,97.29,0.253,0,176.4,17,0.069,0,0,0
984.54,5,352.63,497.04,43.8,0.233,0,186.2,10,0.165,0,0,0
6614.34,6,654.14,2920.25,1.38,0.349,1,26.04,5,0.309,0,1,1
1767.17,10,122.95,78.46,12.98,0.215,1,229.06,0,0.225,0,1,0
665.61,7,279.04,778.2,54.58,0.256,2,118.2,19,0.655,0,1,0
1091.41,2,231.44,549.85,1.52,0.259,0,178.34,13,0.099,0,0,0
4190.69,7,187.53,49.63,23.66,0.273,0,330.0,15,0.591,0,0,1
3123.58,5,197.81,27.79,5.08,0.137,2,47.12,4,0.502,0,0,0
1423.78,9,236.7,200.65,24.85,0.215,0,216.53,4,0.227,0,0,0
1252.85,4,273.6,923.51,172.13,0.25,1,345.89,18,0.134,0,1,0
1222.0,7,295.06,2624.35,30.35,0.359,4,177.28,0,0.531,0,1,0
718.8,3,309.94,649.68,47.56,0.201,2,165.79,7,0.195,0,0,0
9094.05,7,81.61,37.48,26.25,0.396,1,238.55,16,0.454,0,0,1
1309.87,6,169.19,238.7,18.92,0.289,0,188.7,9,0.329,0,0,0
6106.8,3,315.09,2282.31,47.16,0.637,1,37.15,6,0.158,0,0,1
8277.66,5,422.71,10.08,48.48,0.433,0,293.96,22,0.469,0,1,1
4906.47,4,307.25,737.55,47.77,0.267,1,329.3,4,0.314,0,0,0
1174.24,7,213.98,157.71,1.36,0.541,0,236.56,3,0.363,0,0,0
2707.36,6,306.78,54.8,59.62,0.679,2,184.95,20,0.708,0,1,1
1764.82,3,280.66,234.89,56.33,0.214,0,201.16,7,0.157,0,0,0
732.38,3,124.25,2211.55,3.64,0.021,0,159.2,6,0.106,0,0,0
2500.78,2,228.85,1147.58,10.55,0.237,0,305.59,5,0.44,0,0,0
556.11,6,270.65,150.24,36.74,0.364,0,254.68,16,0.226,0,0,0
5929.41,5,336.36,54.37,22.38,0.282,0,208.82,3,0.202,0,0,1
1136.13,6,420.61,543.63,42.9,0.319,2,198.95,8,0.627,0,1,1
2210.91,5,464.74,43.28,71.44,0.533,0,265.77,9,0.545,0,1,1
2400.15,6,49.44,414.09,39.71,0.051,1,177.61,2,0.396,0,0,0
1395.62,3,227.4,1288.56,30.71,0.093,0,198.8,7,0.144,0,0,0
3250.92,5,429.5,555.58,15.3,0.386,0,144.68,17,0.203,0,1,0
1124.5,8,342.8,1817.18,47.79,0.243,0,32.36,2,0.153,0,0,0
4321.24,6,348.65,1253.32,87.79,0.29,1,248.06,16,0.399,0,0,1
470.61,4,162.54,648.23,15.22,0.603,0,180.4,6,0.116,0,0,0
2051.61,4,167.25,1250.06,77.59,0.289,1,181.36,18,0.222,0,0,0
12568.25,2,329.07,79.74,27.03,0.348,1,122.64,2,0.131,0,0,1
664.92,6,192.59,179.88,5.93,0.105,1,176.8,4,0.01,0,0,0
918.05,10,113.77,964.3,120.75,0.056,0,258.36,21,0.402,0,0,0
3022.71,5,262.22,4.59,57.23,0.142,0,174.75,18,0.146,0,0,0
2163.71,3,226.82,3.75,91.95,0.11,1,122.82,22,0.423,0,0,0
2567.35,7,354.25,382.87,53.2,0.17,1,117.65,19,0.42,0,1,0
2948.9,6,299.35,1614.39,6.59,0.356,0,207.37,19,0.433,0,1,1
3410.87,5,482.13,3164.36,39.0,0.065,1,165.28,8,0.305,0,1,1
5484.6,6,131.25,839.48,50.21,0.423,1,281.1,14,0.158,0,0,1
2723.9,1,255.21,2401.01,15.14,0.263,1,99.27,4,0.551,0,0,1
1420.47,5,317.88,1505.38,49.83,0.414,0,279.34,12,0.356,0,0,0
3542.45,4,313.39,180.0,41.83,0.359,0,166.71,9,0.58,0,0,1
12086.95,9,280.79,413.95,1.09,0.152,3,181.79,17,0.221,0,1,1
1583.46,9,40.93,782.05,107.09,0.436,0,190.26,15,0.23,0,0,0
682.3,6,20.0,131.25,38.16,0.297,1,288.26,20,0.306,0,1,0
5470.26,9,121.02,300.46,43.9,0.067,0,343.52,21,0.217,0,0,0
1602.98,7,309.57,1129.74,8.2,0.451,2,172.11,15,0.524,0,1,1
205.89,2,22.1,338.08,81.48,0.492,2,36.1,10,0.571,0,0,0
4219.29,3,329.3,2082.23,37.91,0.322,0,184.06,14,0.477,0,0,1
1058.57,4,213.65,417.75,4.64,0.168,1,227.08,12,0.106,0,0,0
1651.55,5,209.69,198.52,60.35,0.062,2,123.35,19,0.15,0,0,0
2519.91,8,483.14,188.7,33.56,0.337,0,181.89,1,0.058,0,0,1
2187.47,4,464.57,929.79,20.37,0.29,0,302.14,18,0.12,0,0,0
3675.53,4,169.17,367.28,127.28,0.37,1,41.84,5,0.297,0,0,1
1169.71,4,342.99,216.66,86.1,0.568,1,100.14,11,0.089,0,0,0
3020.28,3,254.59,946.99,2.19,0.202,1,263.43,3,0.558,0,0,1
1394.73,2,352.66,437.71,59.97,0.099,0,327.97,19,0.438,0,0,1
3785.04,5,203.05,1496.6,9.45,0.442,1,295.92,3,0.394,0,0,1
3345.49,9,89.84,636.99,0.84,0.407,2,120.55,2,0.456,0,0,1
709.5,6,244.98,2865.5,12.34,0.309,2,97.15,20,0.197,0,0,0
5356.05,3,347.38,375.3,2.45,0.368,0,146.8,0,0.748,0,0,1
1057.9,4,233.4,265.14,50.84,0.317,0,242.1,20,0.314,0,1,1
4056.43,3,349.02,827.5,70.83,0.382,2,107.17,5,0.124,0,0,1
2610.47,4,402.83,985.8,9.81,0.231,2,248.93,22,0.4,0,1,1
11363.75,3,391.44,13.69,11.75,0.278,1,262.54,16,0.275,0,0,1
1445.97,5,306.41,885.44,7.2,0.309,0,258.44,5,0.133,0,0,0
1274.98,6,91.73,159.76,41.32,0.214,2,160.51,20,0.417,0,1,0
1773.27,8,20.0,2552.68,33.6,0.232,0,190.74,15,0.364,0,1,0
1335.18,2,320.69,686.43,0.31,0.018,0,177.15,11,0.199,0,1,0
4023.64,6,343.79,108.33,23.07,0.299,0,71.24,0,0.341,0,0,0
359.13,4,251.23,43.33,4.61,0.406,0,199.87,4,0.438,0,0,0
630.38,5,281.57,1693.57,43.25,0.311,1,93.83,8,0.458,0,0,0
621.54,5,238.61,1521.03,32.1,0.313,1,191.92,17,0.115,0,0,0
4676.51,7,258.27,455.46,30.71,0.192,3,107.46,21,0.604,0,1,1
10002.73,7,295.76,73.25,66.43,0.378,1,68.61,11,0.38,0,1,1
1628.72,6,358.5,395.41,30.75,0.28,0,84.54,14,0.18,0,0,0
1527.18,5,263.46,1143.46,33.29,0.211,0,249.36,4,0.31,0,0,0
1939.24,2,252.18,866.57,50.07,0.14,0,85.74,21,0.281,0,0,0
5778.38,0,232.72,1602.96,17.93,0.215,1,217.66,7,0.384,0,1,1
715.26,4,277.79,1112.86,138.55,0.132,0,137.46,9,0.267,0,0,0
2294.73,4,20.0,320.54,16.53,0.285,1,157.27,7,0.201,0,0,0
4794.37,2,359.62,333.79,122.54,0.166,2,223.92,2,0.294,0,1,1
2984.22,5,227.04,834.74,84.01,0.174,2,298.82,7,0.08,0,1,1
2185.46,8,155.99,297.05,118.35,0.665,1,131.57,23,0.366,0,0,0
4919.91,5,415.25,1617.91,10.12,0.398,1,252.78,12,0.602,0,1,1
121.12,7,217.09,317.64,13.15,0.197,0,223.15,22,0.393,0,0,0
3561.28,7,124.39,537.0,94.13,0.129,2,134.11,20,0.223,0,0,1
940.04,6,339.06,35.35,157.53,0.431,1,145.56,2,0.251,0,0,0
289.85,6,192.73,100.53,69.96,0.107,0,317.35,2,0.125,0,0,0
3014.54,5,204.95,113.15,50.81,0.15,3,116.59,3,0.44,0,0,0
7141.36,5,352.87,337.43,82.88,0.224,0,154.2,14,0.118,0,0,1
1575.85,4,368.16,99.21,2.12,0.304,3,84.75,10,0.442,0,0,0
4688.53,10,88.48,488.68,96.32,0.09,2,77.73,1,0.136,0,0,1
9065.93,2,240.38,250.84,16.5,0.608,1,98.67,2,0.164,0,0,1
6733.93,8,76.09,254.46,2.92,0.076,0,312.65,6,0.259,0,0,1
9320.43,2,198.37,471.75,57.22,0.109,0,241.48,5,0.404,0,1,1
3797.61,4,155.15,1538.44,69.87,0.471,0,315.21,12,0.119,0,0,1
1949.71,7,376.31,1147.48,49.33,0.306,1,100.3,4,0.218,1,0,0
364.32,3,118.76,1721.44,21.55,0.221,0,194.02,18,0.13,0,0,0
1413.66,6,315.36,3698.31,6.23,0.224,0,217.11,16,0.504,0,1,0
778.02,10,214.29,8.93,73.26,0.228,0,138.58,8,0.437,0,0,0
15850.28,5,58.41,943.45,2.43,0.092,0,123.54,1,0.273,0,0,1
1516.43,4,151.04,102.11,71.29,0.416,0,218.04,3,0.058,0,0,1
2045.11,4,94.21,2209.46,157.85,0.22,0,328.21,9,0.056,0,0,0
3138.45,7,151.73,205.82,287.45,0.023,0,44.05,20,0.628,0,0,0
1888.62,4,128.96,344.57,25.23,0.235,1,77.95,1,0.29,0,0,0
9848.27,1,210.39,3092.61,5.75,0.471,3,78.22,10,0.364,0,0,1
970.05,4,365.02,1615.08,4.97,0.094,1,289.69,8,0.233,0,0,0
2196.47,2,147.81,38.69,33.82,0.161,2,90.46,18,0.334,0,0,0
860.51,12,114.11,38.4,78.45,0.252,2,172.21,2,0.182,0,0,0
482.98,4,177.46,1366.7,2.45,0.306,0,87.07,15,0.686,0,0,0
980.66,7,213.74,58.38,9.22,0.274,0,267.3,3,0.308,0,0,0
1742.3,8,156.59,1527.0,44.41,0.348,3,255.87,18,0.475,0,1,0
1176.97,6,94.61,2068.18,4.47,0.325,1,159.75,5,0.339,0,0,0
904.68,8,340.33,19.3,105.36,0.027,0,162.69,11,0.465,0,0,0
443.05,4,319.19,198.78,34.97,0.408,1,153.28,22,0.549,0,1,0
1663.86,1,238.14,18.77,24.46,0.314,0,249.87,20,0.624,0,1,0
401.53,3,431.03,60.5,0.67,0.56,0,265.98,23,0.416,0,1,0
3866.31,4,546.8,610.98,5.99,0.309,2,116.84,18,0.009,0,0,1
1963.41,4,409.3,1047.95,87.9,0.495,2,380.84,21,0.428,0,1,1
420.92,5,20.0,522.33,60.03,0.315,1,221.57,2,0.071,0,0,0
1327.15,6,287.41,390.14,1.03,0.213,2,332.17,5,0.428,0,1,0
852.22,7,155.94,185.26,182.43,0.236,0,207.68,22,0.161,0,0,0
2487.85,7,207.04,215.95,21.79,0.136,2,179.8,2,0.063,0,0,0
6908.1,2,57.78,698.58,46.62,0.469,1,107.09,12,0.163,0,0,1
277.22,6,281.52,1549.05,64.12,0.383,0,74.39,2,0.257,0,0,0
2028.45,6,457.76,414.78,156.77,0.147,0,122.48,10,0.143,0,1,1
1540.51,4,242.19,2245.78,110.56,0.351,2,226.63,14,0.116,0,0,0
3538.08,6,371.9,42.82,45.49,0.363,3,171.54,13,0.268,0,1,1
2237.68,8,291.27,1413.86,7.5,0.598,0,277.48,11,0.2,0,0,0
852.38,6,341.57,330.81,93.22,0.428,0,129.89,8,0.533,0,0,0
1314.15,2,20.0,1624.63,84.85,0.472,0,262.29,2,0.334,0,0,0
815.64,3,301.79,2014.77,50.96,0.422,0,144.6,11,0.458,0,0,0
5302.89,9,351.82,964.27,226.55,0.561,1,83.26,20,0.255,1,1,1
1846.99,6,454.43,350.87,37.57,0.215,2,185.3,1,0.134,0,1,0
12102.78,8,77.24,488.42,12.02,0.268,0,193.11,1,0.063,0,0,1
1701.63,3,446.93,641.97,14.64,0.406,0,31.11,6,0.158,0,0,0
890.33,5,210.36,496.04,26.1,0.325,0,244.34,5,0.535,0,1,0
397.93,9,272.66,1252.93,27.47,0.203,1,210.64,2,0.777,0,1,0
297.93,5,363.26,1181.07,88.94,0.232,2,243.9,14,0.579,1,0,0
370.87,2,361.0,10.19,108.99,0.077,2,171.39,17,0.162,0,0,0
2361.68,7,43.25,131.58,24.12,0.087,0,215.51,2,0.175,0,0,0
3007.08,2,263.93,361.48,145.3,0.163,2,223.45,4,0.11,0,0,1
371.97,2,122.88,892.83,131.61,0.317,3,192.19,0,0.639,0,1,0
4425.06,6,256.5,208.78,26.43,0.417,0,88.6,1,0.306,0,0,0
1115.37,5,177.02,311.82,101.27,0.608,0,144.75,17,0.121,0,0,0
2093.92,7,50.75,496.04,5.99,0.362,1,315.28,11,0.397,0,0,0
9065.4,6,128.42,712.41,35.79,0.294,0,214.32,16,0.309,0,0,1
4433.03,5,317.33,1856.57,62.36,0.097,1,263.43,7,0.291,0,1,1
1382.25,7,291.65,1306.3,21.2,0.399,1,170.48,9,0.647,0,0,0
741.6,5,117.94,356.05,1.17,0.536,0,154.06,19,0.162,1,0,0
210.23,5,181.07,1168.76,2.85,0.12,1,90.94,13,0.358,0,0,0
880.81,9,279.72,1430.17,112.48,0.201,1,97.33,11,0.729,0,0,0
1463.92,7,284.94,591.08,36.54,0.413,0,195.35,17,0.313,0,0,0
673.72,3,331.17,280.83,8.26,0.624,0,257.21,7,0.562,0,1,0
1585.64,7,277.75,2292.78,116.2,0.132,2,126.01,12,0.437,0,0,1
1952.47,6,320.93,2621.47,142.52,0.196,1,105.27,13,0.065,0,0,0
1443.96,7,242.13,203.49,19.73,0.07,0,202.13,5,0.181,0,0,0
943.88,3,309.97,1229.94,44.09,0.155,0,123.65,6,0.505,0,0,0
2140.2,4,442.57,34.12,19.71,0.543,0,158.96,20,0.65,0,0,0
2812.81,7,438.6,1.91,64.6,0.383,0,79.96,22,0.256,0,0,0
607.65,8,254.41,346.57,147.76,0.204,0,123.95,21,0.417,0,1,0
7412.57,5,109.56,496.72,1.41,0.195,0,339.52,11,0.568,0,0,1
1638.3,5,411.32,632.32,31.83,0.294,1,250.52,18,0.311,0,0,0
1842.45,5,20.0,380.19,80.24,0.361,0,172.02,15,0.272,0,0,0
3670.98,4,312.42,110.31,58.43,0.082,0,140.5,17,0.337,0,0,1
2282.93,5,308.21,338.24,10.06,0.449,0,274.79,16,0.158,0,0,0
4689.76,5,255.74,1379.99,24.89,0.249,0,66.76,0,0.168,0,0,1
2409.38,3,297.56,327.23,31.58,0.003,0,329.61,6,0.246,0,0,0
980.01,3,91.55,717.79,68.32,0.287,0,238.56,8,0.395,0,0,0
2595.42,3,123.9,913.74,30.73,0.238,0,199.82,15,0.447,0,0,0
576.1,3,96.38,1054.72,18.84,0.461,1,91.78,17,0.066,0,0,0
2015.37,6,111.13,535.52,26.81,0.313,2,196.27,20,0.414,0,0,0
1748.95,6,165.61,107.48,170.4,0.16,0,219.69,16,0.188,0,0,1
1468.33,6,228.74,1846.14,2.39,0.653,0,238.26,6,0.067,0,1,0
1589.96,5,369.7,241.22,20.31,0.098,0,215.16,7,0.171,0,0,0
275.38,3,484.74,331.15,11.03,0.203,0,89.58,12,0.027,0,0,0
1044.48,6,150.62,1188.99,25.58,0.193,1,190.41,11,0.585,0,1,1
1983.95,6,240.98,1153.53,44.06,0.332,0,60.94,7,0.657,0,0,0
2121.45,5,261.83,1813.67,10.8,0.242,2,134.01,3,0.201,0,0,0
646.99,4,143.27,27.46,27.8,0.246,2,166.7,4,0.445,0,0,0
6410.6,5,194.5,1660.43,87.97,0.283,1,150.08,16,0.448,0,0,1
760.39,6,453.08,1257.04,51.38,0.196,0,117.37,14,0.598,0,0,0
4766.93,4,393.66,595.71,56.85,0.432,1,153.84,19,0.201,0,0,1
2771.64,4,408.45,138.99,140.97,0.321,1,225.96,0,0.266,0,0,0
947.45,4,316.38,629.96,26.29,0.13,0,114.75,10,0.13,0,1,0
10671.28,6,351.8,172.48,310.98,0.149,0,268.9,5,0.382,0,0,1
548.05,4,293.62,2680.95,24.07,0.205,1,266.41,16,0.151,0,1,0
4533.07,3,441.81,987.03,10.09,0.22,0,211.09,6,0.585,0,1,1
4917.63,4,20.0,725.54,82.38,0.293,1,149.76,6,0.318,1,0,1
924.62,6,118.65,1342.87,35.66,0.038,1,60.52,9,0.453,0,0,0
7276.94,4,72.59,608.19,21.15,0.41,0,20.0,8,0.122,0,0,1
1408.04,3,168.12,49.72,14.14,0.243,0,158.08,22,0.468,0,0,0
2413.16,6,256.34,239.84,86.16,0.466,3,264.9,23,0.42,0,1,0
2345.66,6,232.71,3200.14,41.51,0.559,0,146.04,23,0.364,0,0,0
1580.81,3,147.59,1522.04,48.96,0.139,0,241.55,2,0.389,0,0,0
4067.6,3,270.33,2098.73,31.02,0.313,4,282.24,6,0.127,0,1,1
3997.76,2,291.51,82.36,12.07,0.086,0,248.74,9,0.473,0,1,0
314.65,3,313.45,228.01,20.59,0.532,2,243.83,22,0.198,0,0,0
6663.1,5,341.43,52.26,6.89,0.381,2,55.73,1,0.099,0,1,1
342.92,7,175.12,1381.52,20.87,0.068,0,247.77,18,0.725,0,1,0
5077.36,3,370.18,152.83,121.92,0.1,3,253.71,19,0.222,0,0,1
5578.67,3,241.32,422.18,42.77,0.169,2,116.65,11,0.077,0,0,1
607.31,6,340.36,251.22,2.37,0.563,0,207.88,10,0.274,1,1,0
1198.93,7,174.21,2131.5,72.23,0.31,0,155.1,16,0.141,0,0,0
598.42,3,455.96,749.97,72.98,0.043,0,122.68,13,0.494,0,0,0
1458.38,6,310.52,1285.57,71.25,0.697,2,92.15,16,0.428,0,1,0
1328.71,8,263.51,737.33,47.93,0.037,0,230.0,7,0.383,0,0,0
3942.86,3,104.47,758.54,1.6,0.284,0,68.35,18,0.62,0,0,0
6702.99,3,380.41,386.2,24.12,0.313,1,335.26,22,0.437,0,0,1
7300.4,5,119.81,218.5,19.67,0.272,0,127.56,17,0.178,0,0,1
1030.53,5,516.06,342.64,1.07,0.11,1,206.32,5,0.402,0,0,0
1466.71,7,337.93,279.49,4.48,0.291,0,97.78,2,0.385,0,1,0
335.82,9,93.46,940.12,27.27,0.098,1,158.38,18,0.195,0,0,0
807.65,4,275.58,439.33,106.33,0.236,1,173.16,3,0.323,0,0,0
4745.02,6,486.05,639.1,163.17,0.382,2,175.6,21,0.253,0,1,1
9095.93,6,248.37,1179.02,68.02,0.003,0,122.93,0,0.408,0,0,1
526.18,5,207.01,248.0,12.79,0.019,1,251.87,12,0.353,0,1,0
999.78,6,287.3,440.83,127.37,0.542,0,171.75,20,0.08,0,0,0
1760.92,10,159.44,586.32,190.79,0.064,0,116.45,2,0.159,0,0,0
2392.66,4,410.1,44.25,28.13,0.306,0,206.89,19,0.649,0,1,0
804.64,3,147.25,132.08,36.9,0.268,0,221.44,12,0.261,0,0,0
2762.97,8,301.83,52.49,21.23,0.6,2,231.06,23,0.079,0,1,1
1125.7,6,400.08,1116.29,95.54,0.18,0,228.18,15,0.443,0,0,1
1782.1,7,256.75,285.24,17.67,0.495,0,160.24,21,0.131,0,0,0
3122.17,5,404.92,439.37,5.75,0.389,1,236.66,17,0.345,0,0,1
1819.69,6,227.37,892.59,30.44,0.434,1,101.48,3,0.311,0,1,0
1168.66,2,114.84,2716.24,9.29,0.488,0,111.04,1,0.626,0,0,0
1620.34,4,339.07,1333.0,28.19,0.059,2,262.86,4,0.532,0,1,0
1655.13,4,290.42,47.63,44.03,0.41,1,226.55,17,0.26,0,0,0
1248.86,5,134.99,291.92,81.13,0.109,1,162.17,6,0.6,0,0,0
1395.77,6,239.61,40.26,58.88,0.097,0,87.19,7,0.681,0,1,0
8943.19,6,133.04,50.92,67.08,0.403,1,201.18,11,0.467,0,1,1
3168.2,3,249.26,109.07,44.64,0.435,0,161.83,0,0.102,0,0,0
1345.5,6,523.88,309.8,4.24,0.478,0,166.14,22,0.834,0,1,1
3629.88,3,365.07,210.65,106.03,0.269,0,178.58,4,0.254,0,0,1
1294.89,7,325.24,347.31,59.89,0.245,1,105.59,20,0.462,0,0,0
5843.73,3,270.25,1380.82,78.01,0.375,2,215.92,10,0.127,0,1,1
2616.63,6,375.89,1278.34,141.45,0.401,0,195.07,7,0.198,0,0,0
1624.08,9,259.3,345.54,172.31,0.573,2,160.94,11,0.248,1,1,0
2829.11,3,34.89,862.63,165.51,0.135,0,124.33,13,0.512,0,0,1
375.83,5,89.31,373.02,15.71,0.028,0,344.69,15,0.33,0,0,0
585.95,7,184.15,390.15,95.4,0.296,0,140.68,0,0.114,0,0,0
547.89,2,199.46,900.92,159.3,0.263,0,59.32,9,0.211,0,0,0
2085.87,4,253.08,388.02,61.26,0.214,2,290.44,4,0.311,0,1,1
10224.22,4,392.43,637.49,62.93,0.503,2,284.27,3,0.544,0,1,1
16836.43,12,296.75,97.94,107.79,0.301,2,107.3,2,0.353,0,1,1
3422.24,3,271.37,619.16,16.95,0.219,0,298.36,4,0.052,0,0,1
2983.48,4,117.68,1083.83,10.65,0.628,1,322.64,17,0.412,0,1,0
298.55,7,231.52,1754.06,28.72,0.325,0,151.48,3,0.182,0,0,0
1050.82,6,175.56,127.44,149.67,0.336,1,154.3,22,0.453,0,0,0
822.39,9,127.28,423.07,3.12,0.122,1,309.71,18,0.169,0,0,0
971.8,6,20.0,532.71,29.22,0.507,1,260.15,11,0.191,0,0,0
1528.22,3,107.98,1881.52,58.69,0.465,2,261.73,6,0.44,0,0,0
1127.67,3,459.4,238.09,52.67,0.104,0,307.58,0,0.205,0,0,0
249.81,1,389.85,144.89,83.01,0.089,0,125.66,21,0.132,0,0,0
3819.64,4,147.58,122.05,15.71,0.557,0,91.7,14,0.22,0,0,0
618.48,4,192.01,134.62,13.33,0.264,1,216.3,3,0.6,0,0,0
2296.74,2,551.72,1629.25,87.85,0.346,0,105.54,20,0.608,0,1,1
14387.03,2,535.61,773.66,87.35,0.398,0,246.21,3,0.495,0,1,1
720.98,8,275.86,436.79,14.31,0.269,0,290.95,9,0.492,0,0,0
143.99,8,339.77,1612.35,29.02,0.339,1,176.72,15,0.426,1,1,0
1358.31,6,285.81,283.09,30.04,0.332,0,182.96,15,0.162,0,0,1
5436.87,7,212.31,2103.32,36.0,0.148,3,183.01,22,0.408,0,1,1
12814.69,1,283.17,1137.89,90.52,0.323,2,183.57,22,0.178,0,0,1
528.72,6,325.64,16.64,46.24,0.217,0,29.36,2,0.554,1,0,0
2971.13,5,376.32,496.86,36.51,0.356,1,107.46,8,0.173,0,1,1
1135.34,7,289.41,1478.5,17.09,0.353,1,171.02,7,0.342,0,0,0
1626.28,11,287.65,403.54,2.06,0.355,3,386.65,19,0.082,0,0,1
25446.75,1,98.21,3483.14,125.12,0.362,3,311.76,14,0.055,0,1,1
402.23,5,150.95,1499.69,62.98,0.371,0,205.37,15,0.288,0,0,0
2330.27,5,32.63,1118.86,3.87,0.373,2,269.95,4,0.115,0,0,0
2886.19,5,306.81,116.49,17.66,0.289,1,45.2,14,0.379,1,0,0
5355.0,3,181.48,91.31,52.07,0.096,0,230.1,4,0.5,0,0,1
1994.17,4,226.09,819.97,11.73,0.219,2,126.58,21,0.591,0,1,1
2460.33,6,260.33,866.41,5.55,0.233,0,170.98,3,0.104,0,0,0
1222.13,7,286.19,127.68,39.96,0.163,1,165.89,13,0.58,0,1,0
2366.4,7,21.51,1539.13,19.95,0.257,3,162.46,17,0.259,0,0,1
1282.81,2,296.32,1655.47,87.94,0.093,0,124.32,7,0.504,0,1,0
3366.31,5,202.64,431.09,150.51,0.382,1,92.14,22,0.393,0,0,0
1249.36,8,355.68,748.65,44.3,0.129,0,99.79,4,0.438,0,0,0
2636.22,6,211.6,571.88,62.4,0.448,2,275.17,5,0.166,0,0,1
1755.9,8,176.66,29.05,205.0,0.52,0,85.16,8,0.409,0,0,0
5575.01,4,386.83,75.81,12.81,0.114,0,193.0,22,0.219,0,0,1
1717.47,4,134.2,1210.49,117.62,0.173,1,89.28,21,0.66,1,0,0
307.04,3,188.42,536.04,40.97,0.108,3,64.59,11,0.023,0,0,0
6386.37,2,138.88,755.14,10.39,0.027,1,132.7,0,0.634,0,0,1
730.89,4,193.86,759.19,17.07,0.166,0,230.46,8,0.122,0,0,0
940.33,5,451.88,381.94,58.25,0.279,2,79.84,21,0.407,0,1,0
996.59,5,104.63,23.88,127.54,0.316,0,70.79,6,0.718,0,0,0
7146.93,3,219.51,1236.83,6.33,0.335,2,134.84,20,0.175,0,0,1
213.65,4,344.47,505.55,50.98,0.286,1,302.58,11,0.236,0,0,0
41678.83,3,223.17,119.64,23.65,0.439,1,289.05,1,0.381,1,0,1
5198.14,9,296.98,17.04,19.41,0.538,0,290.13,4,0.226,0,0,1
2260.27,2,185.94,14.14,9.93,0.523,2,162.91,20,0.144,0,0,1
1711.47,7,237.18,27.13,109.53,0.347,1,280.86,12,0.379,0,0,0
2405.6,5,219.18,134.76,22.65,0.126,0,95.82,0,0.627,0,0,0
3044.59,6,227.67,210.62,29.29,0.354,0,92.04,15,0.63,0,0,1
3446.85,5,390.84,227.1,11.62,0.301,1,134.46,17,0.388,0,0,1
3151.41,11,177.24,800.02,46.8,0.708,1,111.32,14,0.365,0,0,0
1977.48,3,287.2,221.2,29.01,0.381,2,181.2,7,0.179,0,0,0
1484.25,3,365.2,896.58,10.72,0.128,0,78.54,19,0.096,0,0,0
1554.22,5,316.23,1386.86,18.59,0.429,2,190.96,8,0.365,0,0,0
1487.86,5,217.56,388.63,24.81,0.289,1,308.57,16,0.112,0,0,0
5618.22,3,411.99,1013.68,4.01,0.322,1,253.85,17,0.531,0,1,1
3273.31,6,269.38,87.97,2.66,0.12,0,183.31,4,0.4,0,1,0
95.55,5,354.45,317.91,244.55,0.247,0,202.56,16,0.169,0,0,0
3483.88,6,186.62,918.17,131.36,0.144,1,140.85,21,0.29,0,0,0
2196.75,2,320.31,2148.07,44.97,0.472,1,161.18,15,0.115,0,0,0
1774.53,5,330.72,764.76,14.04,0.25,0,153.17,4,0.463,0,1,0
1225.96,6,158.05,361.84,13.23,0.201,1,178.42,19,0.153,0,0,0
5564.22,2,412.91,301.14,29.04,0.108,2,205.25,11,0.395,0,1,1
4663.52,8,385.49,397.47,24.4,0.229,3,76.35,1,0.589,0,1,1
834.74,5,185.31,846.51,66.03,0.164,1,263.7,4,0.442,0,1,0
2716.37,5,80.23,316.8,26.14,0.289,1,310.69,11,0.261,0,0,1
684.26,12,228.73,507.9,155.47,0.42,0,20.0,8,0.25,1,0,0
455.04,4,238.1,1138.37,14.58,0.517,0,211.46,15,0.478,0,0,0
966.11,7,177.79,217.21,1.35,0.119,0,64.29,23,0.749,0,0,0
4282.93,5,193.64,1008.46,46.23,0.25,2,342.32,16,0.202,0,0,0
4689.71,3,349.65,1146.57,220.87,0.09,1,140.7,15,0.225,0,1,0
3020.22,8,442.07,1594.17,95.33,0.683,0,225.41,7,0.158,0,0,0
3733.48,3,343.82,19.33,0.26,0.334,0,77.67,22,0.558,0,1,0
3029.58,3,400.2,96.62,42.81,0.116,1,63.17,19,0.506,0,0,0
951.96,6,250.6,2477.99,30.24,0.104,1,251.89,9,0.172,0,1,1
2784.78,4,65.57,107.54,73.13,0.187,1,209.5,14,0.118,0,0,0
4025.52,7,183.83,535.34,14.57,0.239,0,247.39,19,0.418,0,0,1
3844.09,5,163.19,146.13,13.97,0.314,0,182.53,12,0.412,0,0,0
5936.73,4,368.17,1336.57,19.04,0.247,0,117.98,11,0.407,0,1,1
3671.31,3,20.0,81.19,14.13,0.614,0,198.66,12,0.059,0,0,1
2569.45,3,268.32,71.6,1.11,0.135,1,159.28,23,0.507,0,0,0
5271.92,6,231.59,562.08,49.47,0.176,0,168.46,15,0.545,0,0,1
1760.72,4,293.38,217.64,47.43,0.186,0,213.02,10,0.168,0,0,0
748.54,3,135.48,866.72,95.45,0.182,1,218.49,19,0.375,0,0,0
1535.99,7,389.8,923.63,59.82,0.188,1,242.87,10,0.34,0,0,0
858.42,2,271.29,705.61,51.2,0.569,0,41.31,2,0.029,0,0,0
920.41,7,114.95,1439.68,13.2,0.386,2,148.9,9,0.306,1,0,0
1564.75,3,132.29,956.15,67.38,0.27,0,128.9,1,0.309,0,0,0
818.59,6,198.43,166.13,96.68,0.571,0,162.34,8,0.052,0,0,0
1328.81,5,314.13,65.32,29.34,0.195,3,187.47,15,0.156,0,0,0
272.16,4,158.8,1101.91,38.88,0.502,2,87.87,22,0.577,0,0,0
2237.9,3,322.65,1077.73,76.7,0.274,1,113.26,21,0.72,0,0,0
1810.22,4,244.71,1519.42,31.33,0.149,0,287.12,13,0.511,0,1,1
798.64,6,428.41,180.86,54.91,0.198,1,315.89,23,0.395,0,1,1
3495.55,6,179.59,202.0,12.09,0.733,2,165.8,1,0.672,0,0,0
4617.32,3,243.3,687.68,43.88,0.17,0,235.26,9,0.343,0,0,1
362.29,3,355.31,135.32,1.89,0.037,1,242.47,4,0.267,0,0,0
843.26,4,148.99,281.17,11.72,0.364,1,126.95,1,0.389,0,0,0
837.87,7,139.4,1338.89,126.84,0.463,1,84.86,0,0.45,0,0,0
706.34,5,110.87,325.43,45.22,0.317,0,243.13,12,0.452,0,0,0
4144.24,6,320.44,9.11,30.4,0.366,5,132.44,14,0.365,0,1,1
1489.47,4,76.56,841.75,36.9,0.214,0,129.37,15,0.117,0,0,0
1387.81,2,284.36,159.33,0.0,0.169,0,221.75,8,0.334,0,1,0
243.75,4,166.21,174.36,30.77,0.437,1,231.69,20,0.466,0,1,0
3413.24,6,166.85,13.33,7.77,0.253,0,217.29,5,0.457,0,0,1
523.61,6,23.22,690.26,97.64,0.18,1,68.3,1,0.313,0,0,0
1919.72,7,237.78,660.25,26.68,0.223,1,20.0,17,0.153,0,0,0
2386.01,6,160.36,81.13,13.2,0.163,2,189.38,7,0.292,0,0,0
7049.12,2,223.98,41.4,35.86,0.306,0,302.0,6,0.504,0,0,1
488.42,6,225.4,539.99,22.76,0.233,2,117.73,12,0.268,0,0,0
88.28,5,457.49,1216.01,30.81,0.379,1,269.01,11,0.246,0,1,0
2172.97,3,140.09,2458.82,64.69,0.164,2,153.45,20,0.172,0,0,0
10943.61,6,310.48,62.5,35.59,0.5,1,140.32,22,0.135,0,0,1
6241.32,6,208.63,985.27,123.23,0.329,1,218.1,11,0.542,0,1,1
2229.78,11,320.0,170.01,14.84,0.348,1,237.78,4,0.725,0,1,1
1105.84,5,227.82,27.65,19.73,0.198,1,216.76,7,0.62,0,1,0
4052.64,7,463.23,326.1,75.15,0.186,1,180.4,5,0.079,0,0,1
682.97,5,242.85,682.43,76.48,0.16,0,131.41,21,0.613,0,1,0
2911.31,4,262.15,735.74,187.74,0.276,2,150.79,4,0.541,0,1,1
2997.31,1,392.66,40.36,49.5,0.371,1,229.48,22,0.25,0,0,0
5219.78,7,206.87,2102.62,42.65,0.185,0,172.06,9,0.159,0,0,1
28557.08,5,373.83,44.91,44.44,0.325,0,197.29,5,0.66,1,1,1
2676.9,4,393.25,195.89,22.42,0.652,1,292.01,12,0.198,0,1,1
1086.85,6,183.46,453.22,24.3,0.507,1,217.31,1,0.657,0,1,0
1762.39,1,346.62,2329.88,16.42,0.397,1,314.52,7,0.348,0,1,1
308.25,3,134.82,3789.36,45.43,0.22,0,150.1,7,0.127,0,0,0
902.61,5,275.23,1.0,91.7,0.228,2,363.76,19,0.274,0,1,1
1200.77,8,171.33,203.41,50.19,0.075,3,152.01,16,0.187,0,1,1
1070.53,5,241.89,556.68,31.99,0.077,2,223.06,1,0.556,0,1,0
2105.6,2,332.28,948.37,3.29,0.168,1,217.67,10,0.785,0,0,0
794.39,11,385.11,855.43,14.23,0.035,0,77.97,9,0.277,0,0,0
5547.1,8,20.0,231.76,93.22,0.141,2,187.69,11,0.238,0,0,1
1808.42,3,145.36,176.03,25.23,0.127,1,351.66,23,0.313,0,1,0
1791.3,7,412.76,11.5,108.39,0.208,1,159.74,0,0.372,0,0,0
1302.58,5,250.02,1480.49,13.9,0.475,0,103.93,18,0.199,0,0,0
2111.58,3,246.19,380.88,42.87,0.379,2,268.87,20,0.143,0,0,0
4126.14,10,369.13,1598.09,165.85,0.493,0,178.33,10,0.186,1,0,1
759.66,6,20.0,312.9,40.69,0.328,0,254.75,23,0.098,0,0,0
936.25,7,130.49,1128.58,11.72,0.038,2,169.58,7,0.351,0,0,0
1334.45,2,368.79,57.77,13.04,0.153,2,142.7,18,0.179,0,0,0
470.66,4,48.31,1334.67,8.58,0.212,0,51.62,5,0.164,0,0,0
796.91,8,254.3,1773.22,1.07,0.289,3,65.57,9,0.838,0,1,0
1123.02,6,20.0,246.18,58.95,0.127,0,203.9,4,0.072,0,0,0
4334.62,4,185.31,122.4,76.41,0.199,0,95.81,14,0.131,0,0,1
2350.92,7,385.31,174.67,85.81,0.226,0,93.39,21,0.252,0,0,0
2194.24,5,26.72,1618.66,3.83,0.609,0,220.47,17,0.213,0,0,1
4233.98,5,211.65,269.73,142.59,0.153,4,243.74,21,0.568,0,1,1
1575.97,4,356.47,210.5,48.18,0.115,0,70.01,2,0.126,0,0,0
2671.69,7,146.42,3086.14,4.62,0.228,1,143.29,0,0.236,0,0,0
1630.72,7,289.39,886.96,4.44,0.293,1,120.66,17,0.359,0,1,0
2357.51,5,467.83,1428.11,35.65,0.166,1,298.66,18,0.441,0,1,1
1009.53,2,337.22,1099.67,14.01,0.406,2,215.0,15,0.028,0,0,1
157.78,5,275.37,374.74,13.66,0.524,0,210.56,16,0.468,0,0,0
1580.85,1,442.59,1588.74,0.59,0.056,1,251.46,19,0.111,0,1,0
7500.67,3,267.56,709.71,32.92,0.206,2,71.8,3,0.104,0,0,1
4565.19,11,233.96,856.95,4.53,0.337,0,141.75,9,0.367,1,0,1
4747.61,4,123.37,315.71,3.99,0.213,0,22.63,2,0.286,0,0,1
6223.77,6,351.95,3177.58,8.64,0.106,1,188.34,17,0.539,0,1,1
1975.66,5,495.15,1542.62,0.54,0.356,0,158.36,23,0.025,0,0,1
2202.43,11,20.0,128.24,5.46,0.18,0,84.56,21,0.399,0,0,0
974.91,5,149.06,182.4,45.11,0.366,0,99.0,6,0.12,0,0,0
1318.07,7,239.87,1104.52,14.83,0.236,0,204.14,11,0.304,0,0,0
3346.84,6,145.07,20.87,3.57,0.293,1,253.5,22,0.281,0,0,0
6026.28,6,345.83,326.92,7.28,0.434,2,165.28,5,0.148,1,1,1
1572.71,7,324.2,608.32,2.21,0.348,3,285.52,11,0.595,0,1,0
1152.64,6,298.45,183.44,75.02,0.231,0,149.09,2,0.498,0,0,1
1809.0,5,470.41,1651.81,41.22,0.17,0,136.75,7,0.372,0,0,1
3298.45,2,288.85,1760.52,32.14,0.19,1,241.12,15,0.581,0,0,0
426.73,3,185.5,2514.39,103.28,0.092,1,183.47,17,0.2,0,0,0
181.97,2,112.07,126.57,4.15,0.188,0,173.9,19,0.459,0,0,0
1042.59,4,307.29,66.09,1.89,0.084,3,221.81,7,0.237,0,1,0
533.41,6,115.33,649.71,27.59,0.345,1,277.12,22,0.646,0,1,0
1087.74,2,339.01,1257.84,15.33,0.237,3,197.39,22,0.155,0,0,0
1559.65,6,192.56,275.19,32.3,0.316,2,201.94,5,0.174,0,1,0
1149.12,6,20.0,220.57,116.87,0.104,2,262.71,11,0.405,0,1,0
7726.93,7,371.84,583.39,29.55,0.343,0,157.2,6,0.504,1,0,1
2506.76,5,318.35,526.31,9.39,0.165,1,180.14,18,0.463,0,1,0
2441.76,2,345.79,522.45,79.93,0.557,1,164.78,16,0.244,0,0,0
3368.45,2,63.56,415.73,24.62,0.054,2,208.48,6,0.322,0,0,0
578.92,7,409.89,1038.8,70.33,0.355,0,20.0,7,0.504,0,1,0
5110.8,3,472.89,762.97,7.62,0.682,0,242.86,22,0.284,0,1,1
1676.12,8,132.74,535.26,20.56,0.304,0,205.34,1,0.332,0,0,0
3535.04,3,297.03,1020.38,1.14,0.523,0,170.39,4,0.657,0,0,0
619.02,3,203.07,242.72,13.42,0.347,1,155.73,1,0.304,0,0,0
382.31,6,200.65,1779.29,52.07,0.219,1,308.65,23,0.378,0,1,0
4096.51,6,282.71,387.82,17.35,0.55,0,306.56,22,0.477,1,1,1
2634.4,4,179.4,317.51,7.5,0.233,0,327.2,4,0.349,0,1,0
733.59,5,229.36,625.19,2.89,0.32,2,297.81,14,0.423,0,1,0
757.74,7,487.79,252.22,46.16,0.289,0,184.41,0,0.371,0,0,1
5571.58,5,95.58,250.39,4.01,0.346,2,228.75,3,0.183,0,0,1
550.37,5,290.58,64.86,80.17,0.532,2,229.06,14,0.444,0,1,1
9345.71,5,525.67,844.3,22.09,0.359,0,208.48,8,0.533,0,1,1
734.64,4,256.13,1951.0,18.19,0.588,1,104.59,9,0.385,0,0,0
3423.41,6,336.19,924.82,49.01,0.469,0,212.4,19,0.282,0,0,1
1301.64,2,159.01,670.98,40.67,0.133,1,143.93,7,0.656,0,0,0
3304.99,4,145.13,995.25,219.46,0.145,0,313.04,18,0.514,0,1,1
1049.31,5,89.14,2715.79,2.63,0.293,1,129.3,20,0.318,0,0,0
1536.42,7,261.08,328.17,95.31,0.196,0,242.28,20,0.281,0,0,0
1883.56,3,469.83,450.66,45.75,0.449,0,78.89,7,0.396,0,0,1
663.69,9,326.45,269.74,107.12,0.207,0,214.93,0,0.644,0,0,0
3792.67,2,270.49,13.49,59.19,0.308,1,120.54,0,0.51,0,0,1
1082.24,3,200.33,341.47,71.85,0.118,0,163.23,20,0.199,0,0,0
1438.56,6,190.92,59.45,77.25,0.321,0,275.37,7,0.328,0,0,0
668.91,5,149.76,1563.79,0.76,0.288,0,252.63,6,0.3,0,0,0
139.44,7,164.19,1005.92,91.1,0.396,3,252.48,19,0.244,0,0,0
1493.64,2,310.91,289.96,56.87,0.039,0,213.97,14,0.21,0,0,1
20183.39,8,541.77,317.93,147.24,0.494,1,132.23,12,0.215,1,1,1
3962.4,7,353.66,674.44,7.15,0.494,1,208.3,18,0.753,0,1,1
1773.55,2,188.33,1279.72,127.28,0.48,0,44.27,2,0.374,0,0,1
1390.07,6,158.09,1014.69,96.37,0.178,1,240.41,14,0.674,0,0,0
1849.12,3,149.87,23.39,12.83,0.237,0,139.37,6,0.259,0,0,0
3124.78,4,524.73,1230.8,6.62,0.627,0,159.21,13,0.153,0,1,1
555.12,5,359.54,1705.15,49.53,0.088,3,156.15,11,0.517,0,1,0
5510.01,4,299.41,75.35,56.34,0.206,0,259.13,1,0.215,0,0,1
3697.39,6,387.52,1175.95,62.05,0.143,1,188.95,22,0.305,0,0,1
3707.77,5,334.72,231.99,93.4,0.233,3,139.06,21,0.081,0,0,1
2803.08,6,20.0,152.65,40.68,0.416,2,59.79,1,0.061,0,0,1
1843.86,3,125.51,627.99,16.7,0.504,0,279.7,21,0.328,0,0,1
3543.47,4,388.81,643.57,97.27,0.236,1,227.55,9,0.358,0,0,1
3267.61,3,511.07,509.23,28.4,0.218,2,244.33,23,0.455,0,1,1
1268.97,4,410.9,1856.63,28.51,0.225,1,91.48,16,0.048,0,1,0
1018.82,4,245.04,221.25,33.91,0.164,1,65.68,17,0.425,0,0,0
2001.91,5,312.93,738.14,90.26,0.358,1,132.76,17,0.286,0,0,1
8510.2,4,136.62,421.93,176.64,0.096,0,102.37,4,0.208,0,0,1
523.69,6,302.65,1655.78,9.38,0.354,1,119.86,17,0.859,0,0,0
416.75,5,281.66,114.0,6.51,0.063,1,250.12,15,0.395,0,0,0
2131.88,7,251.45,69.24,16.97,0.043,0,20.0,16,0.299,0,0,1
1902.43,5,331.78,3942.53,117.3,0.299,2,72.6,22,0.444,0,0,0
2150.25,5,270.05,688.69,37.55,0.218,2,352.89,23,0.402,0,0,1
2307.58,6,20.0,1943.81,0.28,0.413,0,193.54,6,0.249,0,0,0
1446.35,3,177.99,419.69,43.6,0.329,1,122.85,19,0.193,0,0,0
8021.36,7,169.23,741.67,39.81,0.258,1,96.96,8,0.641,0,0,1
364.71,6,232.38,947.57,4.16,0.239,0,173.78,20,0.125,0,0,0
789.58,7,287.64,3421.44,8.07,0.171,0,188.17,19,0.249,0,0,0
1630.67,7,300.98,95.69,4.88,0.317,0,257.46,2,0.408,0,1,1
349.61,5,224.79,106.62,36.82,0.265,1,106.99,6,0.291,0,1,0
1516.48,5,236.31,592.53,37.86,0.354,0,199.29,18,0.497,0,0,1
9523.05,5,20.0,45.93,30.82,0.076,1,64.35,17,0.244,0,0,1
1846.2,7,378.08,1040.03,29.98,0.438,1,121.94,8,0.157,0,0,0
2277.2,3,271.01,3746.98,43.43,0.241,0,53.4,6,0.291,0,0,0
512.77,6,229.66,1334.65,54.26,0.539,1,136.53,16,0.059,0,0,0
976.17,6,214.08,247.19,165.91,0.225,0,236.91,10,0.329,0,1,0
1242.4,3,71.96,1285.8,39.39,0.184,2,196.18,4,0.298,0,0,1
1315.91,8,486.91,790.82,15.44,0.095,0,248.73,16,0.243,0,0,0
6513.58,7,172.28,101.74,183.65,0.421,2,120.8,8,0.527,0,1,1
3157.99,3,59.28,667.63,5.59,0.155,1,186.77,22,0.208,0,0,0
594.99,4,228.71,1816.69,18.75,0.436,0,149.41,16,0.498,0,0,0
2313.47,2,254.08,273.91,116.36,0.342,0,138.44,0,0.308,0,0,1
2975.66,4,385.21,860.95,144.0,0.277,0,177.0,8,0.393,0,0,1
5654.17,3,232.69,33.96,51.78,0.159,0,433.28,13,0.704,0,1,1
8782.71,5,219.24,1437.65,0.74,0.329,3,117.15,5,0.286,0,0,1
655.18,6,158.09,184.47,29.22,0.456,1,141.71,9,0.181,0,1,0
803.63,6,70.37,750.47,134.97,0.409,0,183.4,7,0.199,0,1,0
514.1,4,90.9,594.2,110.23,0.377,1,206.6,7,0.106,0,0,0
1430.79,4,316.35,635.49,112.11,0.319,0,234.37,19,0.45,0,0,0
2882.34,5,304.79,234.14,17.4,0.176,0,126.7,11,0.064,0,0,0
4852.91,8,365.86,655.17,87.1,0.123,1,63.13,12,0.214,0,0,1
1675.81,5,229.49,738.55,55.78,0.485,1,168.53,1,0.09,0,0,0
1313.11,8,431.39,443.34,112.08,0.333,0,252.86,3,0.568,0,0,0
2104.34,2,139.18,802.47,50.79,0.155,1,252.14,2,0.305,0,0,0
784.35,7,197.52,170.13,23.51,0.269,0,20.0,7,0.405,0,0,0
14611.13,11,237.38,574.93,50.31,0.491,0,127.45,3,0.088,0,0,1
362.25,4,236.25,1009.29,22.15,0.117,1,166.0,21,0.398,0,0,0
2174.91,6,151.14,367.09,0.12,0.125,2,238.81,7,0.275,0,0,0
13678.85,3,130.79,423.66,84.85,0.465,1,239.46,2,0.273,0,1,1
1820.38,3,20.0,143.5,94.65,0.422,3,114.31,0,0.634,0,1,0
1495.12,1,438.15,766.63,68.93,0.329,0,286.28,21,0.517,0,1,0
1264.65,3,251.96,105.47,12.91,0.461,1,165.42,6,0.303,0,0,0
1509.61,6,206.64,555.81,7.3,0.596,0,195.43,12,0.207,0,0,0
7135.58,3,154.78,189.0,9.31,0.104,0,224.6,14,0.411,0,0,1
197.97,2,261.02,172.66,34.76,0.352,0,158.26,23,0.38,0,1,0
8378.58,6,230.89,80.59,15.34,0.312,0,273.13,9,0.534,0,0,1
435.3,4,457.68,353.78,105.32,0.212,0,142.19,16,0.392,0,0,0
1384.85,3,191.68,1616.4,39.3,0.299,1,215.87,8,0.425,0,1,0
1177.04,6,212.3,742.92,29.91,0.069,0,182.84,11,0.175,0,0,0
3256.97,2,341.68,1208.07,102.63,0.371,2,159.59,19,0.083,0,0,1
365.72,3,329.56,97.35,4.23,0.342,0,96.03,0,0.202,0,0,0
2870.3,10,105.4,300.7,102.39,0.124,0,344.3,22,0.247,0,0,0
13688.48,7,313.83,393.62,81.01,0.228,2,131.77,11,0.497,0,0,1
462.58,4,395.31,1572.94,58.09,0.044,2,51.21,8,0.17,0,0,0
2185.73,1,423.32,873.46,5.88,0.216,2,162.59,3,0.48,0,0,1
932.64,3,102.27,539.43,2.69,0.352,1,137.7,8,0.359,0,0,0
2768.02,7,246.07,285.89,9.08,0.276,0,247.33,16,0.461,0,1,0
1843.0,7,119.32,1141.53,15.76,0.144,2,240.69,10,0.139,0,0,0
951.95,3,353.11,1753.72,47.89,0.321,0,55.44,4,0.294,0,0,0
2945.02,7,268.52,615.7,4.19,0.544,0,186.98,0,0.246,0,0,1
10985.68,2,394.22,35.52,10.11,0.208,1,108.74,18,0.341,0,1,1
1493.83,5,314.17,253.8,11.18,0.512,0,70.14,19,0.494,0,0,0
3713.6,2,140.9,1095.73,55.54,0.3,2,29.98,12,0.162,0,0,1
496.07,4,259.83,392.3,21.25,0.239,0,164.79,4,0.127,0,0,0
694.76,5,160.17,786.62,16.1,0.32,0,168.28,18,0.335,0,0,0
2899.83,3,121.17,594.75,1.48,0.163,1,37.65,18,0.223,0,0,0
7975.39,4,188.5,1906.32,4.96,0.255,0,288.4,12,0.825,0,1,1
2580.18,5,273.05,293.38,39.9,0.119,3,112.68,19,0.276,0,0,0
1322.05,2,133.91,472.56,50.17,0.161,1,65.73,22,0.217,0,0,0
1806.76,5,264.73,53.58,67.79,0.119,0,209.03,6,0.707,0,0,1
517.8,6,88.13,1307.65,34.41,0.184,0,20.0,22,0.327,0,0,0
3309.38,2,21.95,315.41,15.67,0.365,2,77.86,4,0.323,0,0,1
4369.19,5,464.18,1023.92,17.3,0.082,0,270.42,9,0.116,0,0,0
1150.45,5,201.08,2.43,52.61,0.183,0,241.18,8,0.496,0,0,0
1129.98,7,225.73,1616.54,27.79,0.507,1,99.52,20,0.059,0,0,0
2358.73,8,206.14,2859.3,8.62,0.167,2,285.09,5,0.448,0,0,0
1168.27,7,311.17,507.84,0.19,0.493,0,174.12,5,0.463,0,0,0
1692.34,4,269.46,527.16,15.05,0.696,1,167.22,18,0.164,0,1,1
14760.67,7,356.95,766.45,70.44,0.463,0,158.81,11,0.284,0,1,1
1412.3,6,283.7,2954.68,54.64,0.106,1,283.64,13,0.368,0,0,0
1263.52,7,247.32,654.21,5.13,0.713,2,253.12,14,0.222,0,0,0
946.2,5,371.29,61.38,29.36,0.311,1,299.77,1,0.294,0,0,0
3805.46,5,205.29,666.24,7.81,0.538,0,270.7,16,0.421,0,1,1
1508.36,5,243.53,434.47,32.02,0.388,0,244.48,22,0.538,0,0,0
944.47,7,219.77,1144.56,5.87,0.161,1,154.49,17,0.625,0,0,0
6777.1,5,414.24,289.16,56.89,0.078,1,212.27,3,0.549,0,1,1
7477.12,2,290.13,2066.53,43.85,0.385,1,181.76,2,0.123,0,0,1
991.85,4,257.92,1287.85,14.99,0.428,0,129.97,15,0.252,0,0,1
279.63,7,20.0,316.29,244.13,0.225,1,274.82,8,0.079,0,0,0
4951.84,7,292.91,347.08,44.41,0.265,2,154.98,4,0.41,0,0,1
911.75,6,334.23,583.55,15.65,0.441,1,150.08,20,0.717,0,0,0
3986.33,3,359.96,83.93,22.14,0.47,0,112.62,8,0.303,0,0,0
252.12,1,225.77,937.25,123.94,0.295,1,67.05,17,0.559,0,0,0
4414.27,4,328.13,751.54,11.36,0.493,1,164.7,6,0.13,0,0,1
538.52,9,304.73,307.01,11.39,0.165,1,233.93,12,0.028,0,1,0
3754.7,5,20.0,812.99,42.26,0.197,0,33.91,10,0.233,0,0,0
1834.03,4,384.64,82.73,20.18,0.393,1,226.3,12,0.216,0,0,1
696.49,4,230.41,2430.1,18.13,0.506,3,117.79,17,0.279,0,0,0
1203.47,7,278.39,55.46,26.41,0.235,2,204.9,11,0.317,0,0,0
3591.48,4,175.2,319.0,88.93,0.373,0,133.08,15,0.503,0,0,0
2010.01,6,333.87,2819.6,91.95,0.306,2,266.59,13,0.107,0,0,1
3243.52,2,293.51,406.47,54.81,0.419,1,319.22,4,0.33,0,1,1
13048.66,7,49.75,1734.45,43.05,0.313,1,89.72,9,0.311,0,1,1
378.33,3,167.74,130.86,0.79,0.441,1,248.73,14,0.092,0,0,0
9110.77,3,420.09,55.25,41.63,0.323,0,145.64,14,0.161,0,1,1
2006.92,6,345.71,91.59,154.05,0.052,2,187.49,9,0.091,0,1,1
735.99,4,210.4,2861.94,90.8,0.385,1,238.49,5,0.714,0,1,0
478.04,7,211.89,74.37,7.8,0.396,2,70.9,10,0.785,0,0,0
1496.49,6,143.6,843.84,182.44,0.242,3,149.83,4,0.487,1,1,1
4544.4,8,150.22,464.71,12.21,0.043,1,176.45,21,0.123,0,0,0
1591.53,3,274.12,1577.46,6.61,0.371,2,273.39,20,0.503,0,0,1
8193.98,5,446.89,278.87,17.05,0.464,1,205.85,17,0.284,0,1,1
423.61,6,212.22,23.47,7.61,0.456,0,154.97,11,0.604,0,1,1
1786.32,3,253.72,1104.57,12.72,0.292,1,162.38,4,0.164,0,1,0
516.77,4,162.49,710.86,18.47,0.094,0,353.76,13,0.691,0,1,0
2600.95,8,238.62,456.04,44.68,0.598,1,227.66,17,0.257,1,0,1
4389.13,4,291.07,312.09,47.57,0.088,1,213.88,3,0.222,0,1,1
1187.06,4,477.68,1837.58,38.23,0.483,1,284.64,17,0.055,0,0,0
133.73,4,390.85,103.9,17.7,0.373,1,317.77,22,0.34,0,0,0
2206.03,4,390.82,121.92,153.31,0.169,0,143.24,9,0.616,0,0,1
2798.22,8,195.6,11.95,17.61,0.529,0,260.5,23,0.664,0,1,1
2708.89,7,140.28,60.26,25.63,0.229,1,268.23,18,0.415,0,0,1
6221.6,7,250.06,1557.51,27.43,0.168,0,154.29,13,0.166,0,0,1
619.52,5,177.05,1262.54,1.14,0.295,1,225.69,8,0.588,0,0,0
3569.63,7,196.97,86.44,28.0,0.144,0,147.63,6,0.22,0,0,1
5958.1,4,283.11,1210.63,20.65,0.061,3,141.42,0,0.25,0,1,1
305.34,7,326.95,819.66,3.67,0.558,1,86.01,7,0.275,0,0,0
2489.04,2,394.55,392.15,83.34,0.374,2,152.15,0,0.261,0,1,0
1092.06,2,311.7,70.37,62.19,0.663,0,161.46,11,0.069,0,0,0
1666.49,5,267.84,737.75,16.67,0.416,0,255.79,19,0.24,0,0,0
2559.78,5,152.29,1464.45,15.1,0.15,0,90.33,11,0.201,0,0,0
1110.73,8,395.3,436.76,117.55,0.615,2,401.79,14,0.279,0,1,1
919.92,6,343.63,441.86,10.48,0.445,2,234.85,22,0.164,0,0,0
1870.86,5,198.94,1402.11,103.45,0.463,5,145.71,21,0.439,0,1,1
609.57,8,351.95,189.18,4.05,0.292,0,172.92,21,0.219,0,0,0
610.44,5,263.42,151.45,91.49,0.238,1,20.0,8,0.215,0,0,0
3566.62,7,386.09,951.48,39.01,0.242,0,54.75,20,0.497,0,1,0
573.18,4,221.45,854.77,74.77,0.215,0,80.86,4,0.135,0,0,0
3520.34,7,225.79,1945.48,4.88,0.065,1,190.07,3,0.37,0,1,1
2871.5,6,59.57,325.48,27.24,0.453,1,33.42,9,0.364,0,0,1
321.88,5,194.84,180.52,29.92,0.02,0,36.65,12,0.092,0,0,0
918.22,3,449.78,448.05,36.21,0.598,1,207.45,21,0.016,0,1,1
5967.66,5,570.3,387.33,49.42,0.44,0,276.28,5,0.267,0,1,1
677.79,5,303.56,2225.72,24.66,0.358,0,254.21,12,0.116,0,0,0
1136.37,4,190.85,1997.0,29.66,0.321,1,213.59,7,0.064,0,0,0
2869.98,1,217.12,447.1,23.12,0.03,0,113.57,21,0.135,0,0,0
3957.59,6,244.31,425.5,59.97,0.231,1,88.52,11,0.331,0,0,1
1405.94,6,210.36,471.02,119.52,0.318,0,284.58,11,0.569,0,1,0
994.75,7,344.88,1050.12,6.07,0.068,0,87.03,23,0.211,0,1,0
7497.84,8,85.03,638.91,16.95,0.349,1,193.12,19,0.237,0,0,1
10289.71,7,253.81,271.66,12.41,0.069,2,20.0,17,0.295,0,0,1
4811.95,1,469.86,1171.33,140.14,0.161,0,136.03,23,0.214,0,1,1
1969.07,5,375.4,1873.3,45.13,0.042,0,72.38,22,0.23,0,0,0
805.72,4,495.57,1011.99,7.71,0.26,1,186.6,10,0.529,0,1,0
788.05,8,234.37,173.18,25.37,0.233,1,222.53,21,0.064,0,0,0
3048.83,3,173.24,1255.3,32.09,0.303,3,40.18,7,0.29,0,0,1
2747.37,1,288.2,3604.34,48.77,0.469,1,177.83,22,0.337,0,0,1
7343.7,2,158.46,924.54,12.12,0.077,0,201.81,11,0.161,0,0,1
3464.94,3,188.32,223.65,34.86,0.076,1,95.35,0,0.106,0,0,1
402.19,7,224.92,4.45,80.85,0.412,4,139.95,7,0.285,0,0,0
5176.83,4,397.3,389.43,53.94,0.413,2,258.71,20,0.718,0,1,1
666.43,7,362.91,508.28,5.5,0.343,0,313.93,2,0.559,0,1,1
1231.55,11,311.76,1923.29,121.69,0.093,0,141.75,20,0.286,0,0,0
2322.04,3,262.59,773.39,20.67,0.311,1,186.54,13,0.273,0,1,0
13301.97,7,461.99,264.6,27.63,0.093,5,214.46,9,0.07,0,1,1
40534.9,5,302.97,941.42,58.94,0.315,0,315.78,3,0.467,1,0,1
3316.69,9,140.08,77.38,30.93,0.678,2,185.12,1,0.343,0,0,1
1505.38,5,270.98,192.06,44.34,0.254,1,127.88,16,0.529,0,1,0
3085.61,7,137.24,1091.6,32.48,0.084,1,119.48,1,0.212,0,0,0
4392.51,4,187.85,282.18,18.39,0.356,2,209.41,15,0.521,0,0,1
1312.03,3,416.07,25.31,29.07,0.308,1,97.6,0,0.295,0,0,1
10885.77,5,287.24,549.36,18.67,0.103,2,223.05,8,0.609,0,1,1
2275.76,4,263.89,858.47,29.77,0.03,0,123.76,3,0.324,0,0,0
2974.24,8,282.22,1244.79,11.31,0.219,1,262.14,6,0.563,0,1,1
3518.97,4,241.28,292.26,3.13,0.08,0,227.72,13,0.357,0,0,0
2756.14,3,20.0,442.12,59.99,0.521,0,170.53,2,0.338,0,0,0
4183.65,5,339.17,650.56,6.73,0.255,1,197.95,21,0.246,0,1,0
975.3,2,330.89,62.08,86.38,0.489,1,62.08,22,0.266,0,0,0
1034.53,6,272.06,176.16,22.62,0.283,1,119.99,15,0.47,1,1,0
601.75,6,167.47,368.68,14.31,0.171,2,83.84,0,0.216,0,0,0
2805.96,3,463.94,248.68,26.36,0.89,0,146.23,11,0.547,0,0,1
3940.0,4,192.96,501.63,8.1,0.253,1,123.18,8,0.216,0,0,1
2857.7,5,154.95,841.54,94.53,0.247,0,270.44,4,0.15,0,0,0
9647.87,7,262.42,620.68,9.12,0.281,0,286.37,21,0.068,0,0,1
1797.95,6,335.21,1190.51,34.04,0.593,0,20.0,14,0.269,0,0,0
3528.9,3,309.94,787.55,8.84,0.303,1,204.05,17,0.125,0,0,1
606.86,6,318.95,276.15,2.34,0.175,2,387.18,0,0.522,0,0,0
1227.7,3,392.83,102.24,79.91,0.427,0,40.02,10,0.289,0,0,0
3624.74,6,285.48,816.63,40.75,0.429,1,269.71,23,0.169,0,0,1
4226.38,2,411.68,190.56,4.07,0.178,1,257.14,8,0.67,0,1,1
1347.54,3,310.45,306.96,111.7,0.187,3,155.87,2,0.625,0,0,1
1683.11,4,240.67,1268.59,24.93,0.367,2,248.16,7,0.586,0,1,1
396.28,11,197.42,198.68,27.76,0.123,0,138.41,3,0.309,0,1,0
1265.18,5,417.1,617.47,34.15,0.275,1,85.93,18,0.107,0,0,0
4404.51,4,329.26,79.7,12.72,0.252,0,424.38,2,0.768,0,0,1
3213.79,3,211.28,431.02,40.01,0.126,2,166.34,17,0.315,0,0,1
2982.94,2,198.28,3140.78,14.38,0.283,1,160.07,10,0.201,0,0,0
1900.31,7,127.71,2469.98,90.4,0.464,2,199.44,11,0.597,1,1,0
1820.86,4,454.14,2343.87,87.48,0.234,1,212.9,12,0.451,0,1,0
934.19,1,308.11,723.41,32.42,0.378,0,319.17,11,0.436,0,1,1
3636.69,0,426.86,279.3,37.94,0.428,0,262.61,5,0.24,0,0,1
2754.45,6,503.14,350.74,247.18,0.211,2,171.45,6,0.29,0,1,1
2957.26,5,475.31,184.58,79.33,0.425,0,282.16,20,0.165,0,1,1
1068.45,5,201.92,82.16,3.25,0.272,0,195.49,23,0.396,0,0,0
209.91,9,599.01,147.96,9.47,0.018,1,123.68,0,0.202,0,1,0
5416.22,1,342.91,503.78,45.33,0.201,1,268.76,21,0.344,0,1,1
1120.09,2,111.5,21.92,23.23,0.067,0,76.82,13,0.159,0,0,0
762.97,5,281.16,2240.08,81.47,0.221,2,300.73,23,0.51,0,1,0
3617.28,4,264.1,659.74,51.23,0.343,0,253.54,0,0.357,0,1,1
1221.69,5,302.69,152.46,233.81,0.386,3,162.52,14,0.144,0,1,0
5218.35,8,287.11,430.75,0.65,0.219,1,230.32,21,0.671,0,0,1
3350.97,7,326.1,377.65,28.85,0.416,1,160.2,16,0.131,0,0,1
3581.62,5,166.96,1443.15,26.17,0.18,1,228.17,6,0.155,0,0,1
461.3,6,289.49,102.72,28.48,0.455,1,72.68,23,0.495,0,1,0
6075.04,4,200.32,449.51,108.23,0.099,0,174.63,9,0.311,0,0,1
2347.84,4,274.98,993.92,26.04,0.394,3,113.11,14,0.284,0,0,1
1249.78,5,231.06,373.69,79.56,0.031,0,370.14,13,0.376,0,0,0
2086.8,5,201.83,354.03,50.07,0.171,0,195.67,9,0.277,0,0,0
306.05,3,341.78,332.94,33.44,0.435,2,181.75,15,0.154,0,0,0
2720.72,6,311.97,1148.42,59.02,0.168,0,180.05,2,0.395,0,0,1
645.89,8,302.21,101.63,13.01,0.445,2,125.2,16,0.642,0,1,0
467.47,3,198.25,1554.28,7.67,0.064,0,232.17,18,0.215,0,0,0
394.51,6,320.75,58.82,170.83,0.284,0,211.67,17,0.187,0,0,0
5501.02,3,246.99,307.36,24.84,0.159,1,92.18,13,0.577,0,1,1
963.66,8,201.46,394.19,18.1,0.245,0,158.72,13,0.142,0,0,0
8381.04,3,371.37,400.16,15.42,0.379,0,87.72,8,0.346,0,1,1
1058.07,11,349.14,166.28,48.68,0.455,0,195.12,15,0.297,1,0,0
327.88,8,20.0,739.38,281.81,0.188,0,192.26,17,0.344,0,0,0
591.98,10,20.0,483.48,112.64,0.405,0,205.76,10,0.189,0,0,0
6221.78,7,438.66,670.67,25.58,0.238,0,117.32,9,0.563,0,1,1
1547.04,9,100.32,763.43,112.83,0.213,1,204.55,12,0.385,0,0,0
1044.94,7,92.58,169.9,30.54,0.264,0,29.04,7,0.079,0,0,0
2121.8,8,232.9,2023.5,5.79,0.235,0,183.1,15,0.523,0,1,0
2986.28,8,281.74,1418.01,10.4,0.217,0,124.86,11,0.448,0,0,1
5526.99,4,191.91,1410.09,13.92,0.295,1,211.6,5,0.216,0,0,1
7696.33,5,20.0,606.84,124.88,0.46,0,237.49,19,0.145,1,0,1
1261.72,6,268.67,1372.08,193.12,0.333,0,124.04,7,0.031,0,1,0
480.08,5,466.24,789.98,12.88,0.549,0,291.83,4,0.556,0,1,0
1195.76,2,84.91,479.08,25.8,0.223,0,20.0,8,0.178,0,0,0
2345.56,5,447.83,1116.95,199.63,0.191,0,106.43,14,0.192,0,1,1
689.69,3,216.56,732.92,93.93,0.244,1,115.52,7,0.125,0,0,1
694.26,7,464.1,1.61,29.24,0.233,1,221.82,5,0.486,0,0,0
2549.85,1,324.85,4648.06,30.13,0.213,1,199.08,1,0.089,0,0,1
1722.18,1,184.51,449.49,105.44,0.132,2,127.33,23,0.713,0,1,0
1868.32,3,325.6,678.4,1.49,0.211,0,144.96,13,0.506,0,0,0
846.83,2,407.41,416.61,133.45,0.147,0,217.88,9,0.227,0,0,0
1435.97,5,74.67,84.56,4.68,0.128,0,103.71,10,0.105,0,0,0
717.5,0,263.2,1436.66,115.85,0.441,0,271.45,7,0.582,0,0,0
4403.69,4,374.22,917.96,3.31,0.232,0,103.82,22,0.482,0,0,1
5091.1,4,208.84,1410.61,173.86,0.309,0,138.29,11,0.576,0,0,0
285.38,3,92.1,529.24,0.43,0.418,0,228.14,10,0.739,0,0,0
713.72,2,495.84,1255.05,167.51,0.207,0,332.97,10,0.233,0,1,0
404.83,5,33.26,1278.48,3.21,0.502,1,97.56,2,0.321,0,0,0
943.86,5,212.27,327.94,6.69,0.177,1,188.61,9,0.151,0,0,0
1663.31,3,241.35,3.27,164.74,0.334,2,133.58,8,0.661,0,0,0
424.26,2,501.28,1571.68,78.45,0.203,2,54.75,2,0.362,0,1,0
719.2,6,20.0,163.29,91.57,0.133,0,265.22,11,0.375,0,0,0
662.51,2,248.16,1624.3,28.24,0.303,0,335.88,7,0.334,0,1,0
2224.46,7,173.48,770.49,4.18,0.217,0,333.29,5,0.285,0,0,0
1937.87,5,172.74,805.72,8.06,0.735,0,189.37,13,0.436,0,0,0
878.54,10,437.72,227.18,128.66,0.318,2,342.44,2,0.669,0,1,0
2157.75,2,133.31,412.15,24.26,0.27,1,255.2,2,0.356,0,0,0
1046.62,6,99.16,299.28,70.46,0.412,0,96.78,10,0.196,0,1,0
1377.94,6,108.82,168.92,58.58,0.118,0,82.9,12,0.612,0,0,0
9637.84,6,269.72,1031.35,32.1,0.3,0,116.94,21,0.196,0,0,1
6908.18,4,246.99,80.6,98.52,0.441,1,49.75,13,0.059,0,0,1
492.96,6,217.87,573.9,53.14,0.103,0,168.64,23,0.321,0,0,0
4145.31,6,186.04,614.31,67.32,0.48,1,108.24,2,0.301,0,0,1
4069.99,2,420.51,2487.77,90.67,0.038,1,187.96,0,0.277,0,0,1
573.49,3,20.0,1628.44,12.59,0.336,1,171.08,8,0.333,0,0,0
4100.15,3,395.23,541.33,17.36,0.277,1,310.35,17,0.071,0,0,0
8416.35,6,82.1,1487.26,70.43,0.443,0,201.99,7,0.356,0,1,1
588.43,2,378.87,1250.72,88.36,0.216,0,129.53,22,0.487,0,0,0
722.34,5,347.23,22.63,45.52,0.097,0,85.71,0,0.38,0,0,0
5002.34,3,325.71,2042.24,250.23,0.167,1,81.91,3,0.54,0,0,1
2372.02,8,239.12,931.56,105.19,0.196,0,315.49,20,0.392,0,0,1
3138.42,3,198.52,891.68,80.6,0.164,0,197.6,15,0.166,0,0,0
2541.7,7,272.74,999.96,14.08,0.737,2,20.0,10,0.198,0,0,0
2672.3,2,385.1,203.67,20.25,0.098,2,226.07,15,0.382,0,1,0
479.88,4,211.81,23.69,22.37,0.152,1,333.26,22,0.27,0,0,0
5152.91,3,188.51,211.01,4.87,0.107,0,140.9,7,0.241,0,0,1
5823.11,6,244.85,1266.15,65.73,0.302,3,227.53,5,0.61,0,1,1
1437.43,5,218.84,727.68,26.57,0.362,0,192.54,4,0.584,0,0,0
1731.12,2,230.44,358.63,48.51,0.12,0,232.65,9,0.251,0,0,0
391.07,12,448.68,221.15,61.8,0.619,2,313.76,10,0.048,1,1,0
3023.76,1,157.31,1286.88,0.42,0.108,0,66.34,10,0.19,0,0,0
3203.69,4,401.36,489.8,2.45,0.432,0,181.77,3,0.271,0,0,0
1699.02,6,360.86,756.87,20.41,0.159,1,82.54,6,0.23,0,1,0
5565.56,4,77.04,10.12,53.29,0.216,0,118.1,1,0.448,0,0,1
1294.56,7,164.38,449.6,32.53,0.219,1,176.54,19,0.157,0,0,0
3179.9,5,243.95,12.44,139.75,0.074,0,147.72,13,0.58,0,1,0
652.19,4,242.82,1238.78,14.85,0.021,0,356.57,22,0.196,0,0,0
1765.96,7,186.03,229.35,5.48,0.26,1,253.24,17,0.103,0,0,0
1518.75,7,371.59,146.29,6.07,0.32,0,94.95,0,0.353,0,0,0
2264.95,2,274.31,2087.22,12.75,0.542,0,271.3,16,0.156,0,0,1
1249.47,5,258.67,14.54,13.47,0.184,1,246.26,21,0.0,0,0,0
1585.3,3,405.53,176.34,23.82,0.092,1,230.52,21,0.199,0,0,1
4130.06,4,162.81,220.06,41.52,0.173,1,209.71,21,0.425,0,0,0
1168.22,5,180.77,1384.4,14.33,0.171,2,184.61,1,0.669,0,1,0
362.64,7,203.28,990.53,36.22,0.155,1,103.76,7,0.178,0,0,0
10400.24,6,82.45,2738.96,32.49,0.36,0,118.64,21,0.481,0,0,1
7197.25,3,247.36,949.58,18.49,0.125,2,226.34,0,0.325,0,1,1
496.58,6,324.99,215.68,28.46,0.142,1,243.69,15,0.125,0,0,0
3603.67,3,98.06,146.02,24.17,0.398,2,182.44,23,0.377,0,0,1
1093.38,4,124.13,1126.52,149.83,0.324,1,157.2,13,0.456,0,0,1
2353.1,5,254.92,1849.33,3.57,0.191,0,120.39,11,0.091,0,0,0
2426.55,4,291.12,1941.37,72.83,0.242,2,316.06,21,0.274,0,1,1
1430.23,5,220.24,1179.56,18.51,0.584,0,178.0,16,0.248,0,0,0
825.7,4,202.91,1265.33,10.25,0.149,1,147.9,3,0.572,0,1,0
906.38,9,411.93,868.64,102.28,0.186,1,366.58,18,0.301,0,0,0
723.29,6,180.18,1064.92,31.7,0.181,0,98.39,12,0.45,0,0,0
786.96,1,431.57,98.68,35.68,0.343,2,143.66,2,0.233,0,1,0
1690.57,5,182.33,319.44,26.88,0.209,0,20.0,21,0.511,0,0,0
883.81,7,312.15,490.14,25.92,0.376,0,143.52,9,0.282,0,0,0
3576.19,2,179.41,873.28,59.02,0.371,2,375.49,7,0.238,0,0,1
8000.39,4,198.47,432.59,71.23,0.239,1,362.21,6,0.695,0,0,1
1012.27,4,173.89,376.0,77.81,0.126,0,206.96,6,0.221,0,0,0
2297.1,2,337.42,663.35,37.24,0.175,0,187.23,4,0.284,0,1,0
2980.02,4,445.57,401.27,60.53,0.322,2,127.69,17,0.5,0,1,0
2898.66,6,262.37,60.25,75.16,0.328,1,96.12,6,0.56,0,0,0
1950.72,3,124.32,2789.84,57.49,0.271,1,277.35,10,0.267,0,0,0
3799.72,4,325.33,2084.71,10.76,0.219,4,132.88,7,0.255,0,1,1
2928.51,2,427.09,31.83,62.2,0.061,1,137.74,15,0.355,0,0,0
524.44,6,354.59,602.64,52.23,0.072,2,94.05,10,0.054,0,0,0
4312.0,3,84.04,997.99,5.06,0.098,0,229.54,16,0.505,0,0,1
4390.91,4,176.79,753.01,51.95,0.127,0,202.38,20,0.611,0,0,1
842.79,4,152.27,348.81,104.01,0.044,1,152.05,10,0.107,0,0,0
1877.95,4,257.09,1300.76,26.66,0.263,0,242.92,17,0.502,0,1,0
3580.76,4,318.91,763.08,7.17,0.286,0,188.59,9,0.352,0,0,1
1466.58,6,383.8,218.42,47.16,0.101,1,124.31,6,0.376,0,0,0
5286.85,4,298.12,755.82,13.66,0.479,1,228.93,4,0.23,0,1,1
19223.19,7,431.77,256.9,39.38,0.163,1,257.86,10,0.281,0,1,1
823.87,4,471.91,724.78,55.32,0.336,2,24.62,4,0.606,0,1,0
454.39,3,422.24,1156.22,35.7,0.326,0,144.95,17,0.367,0,0,0
2449.94,2,169.1,288.25,18.45,0.227,3,62.06,1,0.335,0,0,1
3720.31,4,333.71,265.61,97.26,0.354,1,332.73,6,0.563,1,0,1
1435.31,3,316.0,1037.76,7.3,0.64,1,81.98,7,0.18,0,0,0
7733.07,1,477.32,568.02,2.19,0.256,0,217.79,10,0.202,0,0,1
474.09,4,626.5,119.54,88.23,0.243,0,183.07,9,0.174,0,1,0
3615.26,5,204.97,631.19,1.74,0.258,0,288.58,10,0.154,0,0,0
986.48,5,278.56,870.63,33.39,0.426,1,284.64,0,0.432,0,0,0
10090.78,4,267.78,540.74,38.59,0.599,2,213.54,6,0.157,0,1,1
13260.11,3,399.68,782.88,20.65,0.157,0,122.78,1,0.369,0,1,1
839.95,3,241.48,363.12,16.14,0.056,0,76.46,7,0.477,0,0,0
1043.61,6,339.68,1681.77,67.4,0.31,0,168.45,13,0.264,0,0,0
4270.93,1,261.52,219.51,22.81,0.251,0,95.65,7,0.446,0,0,1
1227.67,5,75.89,264.3,6.6,0.717,0,113.98,12,0.171,0,0,0
1727.77,4,254.97,1188.57,31.1,0.44,1,329.78,9,0.262,0,0,0
1854.53,6,283.1,47.68,64.8,0.176,1,258.34,1,0.451,0,0,0
265.16,6,290.8,3497.99,18.42,0.249,1,249.51,17,0.222,0,0,0
1783.2,8,383.6,793.28,7.08,0.11,1,20.0,16,0.444,0,1,0
907.12,4,210.15,1317.9,20.86,0.45,0,79.74,13,0.732,0,1,0
1104.2,1,133.84,701.55,39.42,0.132,1,193.69,2,0.261,0,0,0
7658.96,7,431.53,1234.66,5.36,0.392,1,169.17,17,0.435,0,0,1
514.65,9,206.04,455.61,13.36,0.107,0,153.39,7,0.348,0,1,0
4077.36,2,284.33,687.82,176.73,0.09,2,127.65,3,0.676,0,0,0
1367.91,5,269.38,867.59,11.42,0.304,1,271.27,9,0.641,0,0,0
1366.82,6,78.76,1857.65,3.28,0.018,1,114.11,17,0.32,0,0,0
3985.32,2,437.47,28.31,28.3,0.377,1,206.13,10,0.177,0,1,1
2540.34,10,297.6,92.25,3.83,0.14,0,61.39,21,0.145,0,0,1
3199.06,5,336.38,938.62,0.68,0.627,4,250.8,9,0.396,0,1,1
4760.87,2,414.27,337.72,0.78,0.28,4,118.63,13,0.754,0,1,1
1298.15,5,246.57,905.89,17.58,0.288,1,68.17,9,0.066,0,0,0
980.21,7,334.76,206.74,3.83,0.191,1,74.26,11,0.183,0,0,0
610.85,5,284.28,791.65,10.72,0.211,3,223.85,3,0.706,0,1,0
792.02,5,358.99,520.25,52.24,0.258,0,310.59,5,0.436,0,0,0
34513.11,3,219.88,104.92,17.01,0.262,1,76.22,3,0.313,0,0,1
6277.2,7,453.36,2120.89,42.84,0.309,2,187.56,12,0.245,1,1,1
468.21,2,128.11,1256.94,26.49,0.157,0,191.47,16,0.477,0,0,0
481.81,11,429.92,1215.22,108.02,0.26,0,20.0,11,0.138,0,0,0
2927.39,6,439.85,955.02,59.61,0.08,3,179.2,2,0.3,0,0,1
3125.24,5,302.07,17.26,95.7,0.132,1,93.07,8,0.478,0,0,1
3130.3,6,256.03,561.95,36.58,0.409,0,160.65,10,0.553,0,0,0
1401.14,4,428.91,1112.12,75.98,0.262,1,126.85,13,0.485,0,1,0
1594.87,4,377.24,195.44,47.8,0.416,0,277.09,17,0.265,0,0,0
2509.6,5,164.45,764.16,68.11,0.062,0,232.17,5,0.303,0,0,1
1970.21,5,330.54,2121.52,57.7,0.064,1,202.0,6,0.35,0,0,0
196.51,1,234.39,1118.47,17.87,0.369,1,35.41,14,0.178,0,0,0
1436.84,7,315.6,634.62,6.7,0.317,0,225.69,20,0.532,0,1,0
771.7,9,336.23,296.76,82.11,0.055,0,222.4,21,0.251,0,0,0
2154.28,6,167.76,809.67,4.02,0.815,0,198.0,7,0.412,0,0,0
35784.1,6,94.95,1002.54,46.46,0.353,1,241.82,13,0.289,0,1,1
2610.98,3,194.23,812.38,224.5,0.221,3,246.26,23,0.086,0,1,1
1321.43,6,413.79,1126.57,10.09,0.12,1,232.79,19,0.314,0,0,0
4545.08,8,279.2,261.97,68.03,0.647,0,349.05,23,0.654,1,0,1
2929.8,8,416.82,567.11,153.05,0.218,2,42.9,9,0.123,0,0,1
2752.03,8,475.65,636.45,34.21,0.146,0,204.05,14,0.598,0,1,1
3317.11,6,280.01,75.35,42.55,0.086,1,376.73,15,0.574,0,0,1
14136.9,4,322.73,155.4,22.92,0.392,1,253.94,9,0.158,0,0,1
583.54,3,365.17,292.94,29.15,0.588,0,159.82,4,0.757,0,1,0
2903.38,5,20.0,39.15,49.73,0.308,1,274.35,18,0.12,0,0,1
715.96,5,186.67,212.84,102.57,0.35,2,135.83,22,0.594,0,1,0
3151.12,3,258.73,590.78,152.18,0.214,0,243.72,22,0.449,0,0,0
721.49,4,395.22,624.26,39.18,0.162,0,120.13,3,0.156,0,0,0
1191.1,6,89.25,229.53,76.22,0.356,3,179.33,2,0.588,0,0,1
1346.02,4,354.35,2342.28,66.68,0.24,0,234.37,15,0.148,0,0,0
4797.34,6,200.92,503.64,14.19,0.072,0,56.33,17,0.386,0,0,1
4529.9,3,329.28,811.29,30.98,0.124,1,236.32,6,0.042,0,0,1
520.24,3,218.53,24.67,57.52,0.351,0,291.05,20,0.269,0,0,0
1910.14,4,232.3,407.57,6.9,0.549,0,181.7,6,0.344,0,1,0
889.29,5,205.23,624.9,107.7,0.462,1,130.9,21,0.124,0,0,0
513.63,3,219.19,299.47,25.75,0.245,0,257.85,5,0.288,0,0,0
1455.32,9,409.96,150.39,30.21,0.524,1,249.85,16,0.536,1,1,1
1328.12,3,139.58,179.66,101.91,0.08,2,220.34,7,0.06,0,0,0
20470.02,4,96.71,502.71,9.45,0.1,0,237.71,14,0.187,0,0,1
2787.67,5,121.1,58.93,1.81,0.278,2,109.23,13,0.368,0,0,1
455.95,1,200.24,213.74,16.85,0.203,0,205.77,19,0.297,0,0,0
1027.85,2,248.76,1017.06,8.14,0.217,0,163.11,22,0.102,0,0,0
5020.99,5,283.93,193.39,211.98,0.432,3,202.57,0,0.593,0,0,1
14595.12,6,249.38,99.49,41.76,0.192,1,95.67,14,0.094,0,0,1
370.19,3,187.53,69.98,41.57,0.425,0,239.04,8,0.369,0,0,0
275.91,5,498.72,3588.36,79.02,0.082,1,253.45,21,0.105,0,1,0
11742.44,5,335.74,72.7,14.96,0.157,0,122.58,22,0.325,0,0,1
2669.41,6,171.29,454.62,36.98,0.164,1,236.62,6,0.169,0,0,0
758.78,1,261.97,572.43,7.67,0.46,0,230.24,4,0.442,1,0,0
3085.99,6,392.59,2672.29,4.91,0.088,2,188.39,23,0.366,0,0,0
129.57,5,197.34,1773.85,28.96,0.253,2,44.25,10,0.31,0,0,0
1814.16,7,236.59,217.11,122.03,0.375,1,246.1,4,0.614,1,0,0
2509.46,2,211.38,70.8,29.09,0.335,0,201.83,12,0.718,0,1,1
4556.32,2,400.29,460.9,30.05,0.313,0,187.61,9,0.725,0,0,1
655.96,3,313.73,85.1,100.16,0.199,0,325.63,9,0.435,0,1,0
1969.8,2,184.49,1639.01,16.85,0.205,1,234.62,2,0.407,0,1,0
716.64,4,520.22,973.31,33.65,0.441,1,238.49,5,0.157,0,1,1
2334.1,3,144.02,2302.88,8.98,0.382,1,115.95,9,0.454,0,0,1
738.52,5,260.95,674.16,93.6,0.45,1,39.37,2,0.326,0,0,0
1202.19,5,407.76,362.58,1.9,0.096,2,143.79,14,0.284,0,0,0
667.93,5,249.15,555.55,26.65,0.403,0,271.17,5,0.439,1,0,0
3467.32,7,224.18,140.22,16.19,0.062,0,208.05,22,0.089,0,0,0
4266.08,4,315.76,497.5,14.87,0.349,0,313.16,18,0.434,0,1,1
1429.93,4,283.17,5000.0,14.0,0.617,1,99.18,0,0.212,0,0,1
1878.52,3,164.2,938.25,23.06,0.376,0,279.78,5,0.083,0,0,0
424.71,6,348.43,51.51,115.88,0.187,1,54.78,19,0.14,0,1,0
1339.86,4,164.71,1034.73,61.68,0.376,0,193.93,17,0.372,0,1,0
1719.51,5,97.34,84.88,110.11,0.586,1,20.0,5,0.705,0,0,0
24854.47,5,288.69,396.28,10.94,0.143,1,43.94,2,0.873,0,1,1
594.69,7,161.15,1234.36,94.57,0.253,0,191.92,19,0.215,0,1,0
7817.95,3,270.23,109.66,28.09,0.098,1,67.12,15,0.26,0,0,1
4899.35,7,312.83,277.09,198.34,0.221,1,113.58,13,0.291,0,0,1
2393.8,3,289.39,173.79,45.03,0.149,3,225.26,21,0.384,0,0,0
10494.65,6,642.52,1632.77,33.41,0.328,1,177.35,13,0.347,0,0,1
2623.08,6,443.56,128.06,129.65,0.167,0,136.33,1,0.536,0,1,0
2668.2,3,335.11,613.93,24.01,0.153,1,280.47,6,0.126,0,1,1
1714.5,5,328.21,257.61,69.06,0.506,1,88.57,8,0.126,0,1,0
6146.07,4,366.34,566.22,32.06,0.382,1,248.82,7,0.4,0,0,1
5412.52,7,269.37,146.53,66.14,0.328,1,94.87,10,0.053,1,0,1
967.12,6,258.79,1133.66,16.13,0.421,2,247.75,20,0.364,0,0,0
483.36,4,263.58,824.27,26.1,0.408,1,117.62,21,0.206,0,0,0
1475.89,3,213.27,35.52,21.18,0.17,1,249.94,22,0.275,0,0,0
812.37,4,513.2,2358.55,101.56,0.328,0,109.39,23,0.142,0,0,0
1696.76,3,149.24,1787.74,131.95,0.507,1,148.35,12,0.739,0,0,0
6231.91,10,386.23,282.8,66.5,0.024,1,173.88,8,0.272,0,0,1
1144.47,4,368.23,276.11,86.18,0.076,1,77.35,18,0.347,0,1,0
1732.25,1,354.21,553.2,21.84,0.704,0,164.47,11,0.367,0,0,1
1916.05,3,278.24,772.21,8.16,0.113,0,323.28,23,0.154,0,0,0
4223.55,4,164.37,275.16,58.01,0.08,0,76.9,8,0.28,0,0,1
191.16,4,326.23,1269.17,50.71,0.534,0,259.49,11,0.153,0,0,0
985.65,4,326.2,65.4,15.31,0.182,1,20.0,17,0.106,0,0,0
2233.41,5,555.67,405.78,121.74,0.249,1,240.69,5,0.166,0,1,0
6003.39,5,351.06,649.2,22.12,0.752,0,357.83,14,0.578,1,1,1
1105.55,7,307.89,1286.28,84.43,0.24,2,163.33,7,0.116,0,0,1
276.84,5,275.42,1643.44,6.91,0.138,1,168.39,15,0.1,0,0,0
3360.05,11,226.07,224.2,16.9,0.493,3,48.3,7,0.154,0,0,1
957.8,4,304.91,220.67,47.65,0.404,0,54.74,20,0.182,0,0,0
550.23,3,347.7,367.43,13.85,0.075,0,224.98,12,0.266,0,0,0
968.41,4,182.41,446.27,156.75,0.138,0,234.41,12,0.489,0,0,0
1503.39,0,216.76,1509.22,40.1,0.038,1,239.68,9,0.309,0,0,0
987.58,6,167.52,6.08,65.74,0.289,1,214.8,12,0.28,0,0,0
199.22,7,331.3,924.04,41.22,0.417,0,104.16,7,0.294,0,1,0
4434.04,1,407.78,198.83,26.11,0.33,0,170.38,23,0.41,0,0,1
6469.64,5,20.0,1712.39,86.34,0.313,1,39.68,1,0.174,0,0,1
3468.65,6,233.86,305.42,1.14,0.389,2,154.51,8,0.098,0,0,1
579.59,4,488.2,616.98,27.83,0.361,0,285.8,10,0.162,0,1,0
1478.09,3,362.25,319.23,106.48,0.193,1,123.17,0,0.676,0,1,0
1796.29,3,319.54,443.1,4.45,0.175,1,179.93,11,0.299,0,0,0
3290.5,3,129.59,590.9,11.63,0.395,0,312.26,2,0.351,0,0,1
3527.49,4,377.95,1101.19,161.73,0.341,0,92.63,7,0.114,0,0,0
867.68,6,264.62,102.95,159.67,0.119,2,236.85,10,0.349,1,1,1
1962.54,3,364.01,347.37,24.27,0.189,0,49.83,12,0.646,0,1,1
2856.29,4,542.37,816.51,69.77,0.186,0,269.01,14,0.465,0,0,1
7752.9,6,115.1,710.94,49.15,0.377,2,103.28,22,0.399,0,1,1
3657.4,5,446.14,1214.33,33.96,0.56,2,374.05,3,0.462,0,1,1
3980.08,7,237.1,1759.12,84.08,0.449,1,98.58,22,0.05,0,0,1
1966.14,5,421.42,79.04,52.61,0.057,0,241.2,11,0.038,0,0,0
7409.06,1,200.85,1000.97,4.77,0.039,0,335.24,7,0.784,0,0,1
2723.74,8,153.98,267.27,91.51,0.324,1,161.65,15,0.348,0,0,0
764.26,6,361.95,525.28,16.04,0.163,2,306.51,2,0.308,0,0,0
7356.72,4,72.04,790.6,50.11,0.42,0,264.99,23,0.056,0,0,1
3633.32,10,179.3,130.59,74.68,0.336,0,283.25,19,0.044,0,0,1
1160.91,3,179.53,340.44,113.97,0.104,0,186.17,10,0.38,0,0,0
1119.35,5,189.86,2986.51,129.68,0.162,1,315.98,0,0.338,0,1,0
2432.26,6,345.6,117.22,130.05,0.294,0,96.43,18,0.059,0,1,0
2873.21,5,334.05,69.61,53.53,0.062,1,192.74,18,0.457,0,0,0
2202.38,7,257.48,1450.21,48.93,0.122,2,205.87,3,0.476,0,0,1
2468.36,6,177.56,450.59,0.74,0.303,1,333.04,17,0.207,0,1,1
9896.71,3,249.84,898.63,4.42,0.548,1,167.48,0,0.427,0,0,1
5279.27,8,115.28,291.92,24.93,0.333,0,120.26,17,0.145,0,0,1
2187.76,6,114.56,176.95,78.72,0.221,0,229.0,7,0.44,0,0,0
4634.63,7,180.93,191.09,44.83,0.19,1,179.7,17,0.557,0,1,1
643.86,6,92.08,174.12,13.41,0.248,1,287.26,16,0.502,0,1,0
2691.7,4,282.38,226.92,6.56,0.192,2,290.63,15,0.87,1,1,1
11040.29,6,336.81,200.02,31.57,0.259,1,121.7,8,0.495,0,0,1
1453.83,6,266.87,1344.31,122.06,0.495,0,20.0,18,0.222,0,1,0
774.61,4,132.21,609.64,2.73,0.253,0,231.14,2,0.262,0,0,0
941.91,3,210.25,281.35,31.05,0.263,2,196.05,19,0.245,0,0,0
608.12,6,375.88,338.56,3.04,0.012,1,302.73,5,0.675,0,1,0
824.88,2,406.02,2532.23,14.39,0.159,2,88.36,5,0.353,0,0,0
1248.24,7,120.3,162.55,153.74,0.506,0,204.73,13,0.334,0,0,0
443.38,6,318.51,1742.56,5.53,0.492,0,70.08,4,0.372,0,0,0
1836.5,2,166.6,1067.88,2.61,0.303,0,148.0,21,0.204,0,0,0
4457.21,6,407.4,760.4,4.56,0.336,0,109.96,11,0.507,0,0,1
729.42,3,413.95,782.73,58.83,0.252,0,251.04,12,0.229,0,0,0
8260.86,5,20.0,439.85,0.61,0.128,1,259.91,3,0.448,0,0,1
3013.3,6,152.3,462.21,25.02,0.376,0,103.91,7,0.156,0,0,0
5067.39,3,315.31,1272.03,153.25,0.219,0,20.0,21,0.263,0,0,0
936.51,6,20.0,1332.23,3.57,0.132,0,205.67,19,0.135,0,0,0
4249.37,7,441.61,677.33,134.46,0.343,0,308.48,12,0.392,0,1,1
606.72,4,312.32,1170.86,6.25,0.292,0,181.57,14,0.098,0,0,0
4403.91,3,77.73,1328.81,6.84,0.515,1,246.22,13,0.32,0,0,0
2147.03,9,383.35,322.91,46.42,0.264,0,260.43,8,0.519,0,0,0
3144.0,7,384.29,781.17,13.98,0.304,1,177.16,4,0.187,0,1,1
558.03,6,332.88,457.87,0.15,0.323,0,233.73,4,0.467,0,0,0
738.73,11,315.48,82.61,69.21,0.123,0,20.0,17,0.501,0,1,0
3285.35,1,364.77,836.36,23.17,0.452,0,92.96,18,0.2,0,0,0
700.4,7,128.89,708.38,119.37,0.24,0,267.9,19,0.156,0,0,0
2873.27,7,282.35,86.6,16.29,0.321,0,230.04,20,0.296,0,0,0
460.75,4,162.56,58.76,55.33,0.482,1,232.97,7,0.351,0,1,0
4222.46,4,393.27,229.76,19.75,0.117,0,207.75,9,0.567,0,1,1
527.15,2,254.23,1433.8,8.03,0.339,3,245.06,20,0.53,0,1,0
3141.01,6,20.0,52.64,184.12,0.076,4,198.57,18,0.312,0,1,0
3380.0,5,73.4,493.49,44.36,0.487,3,63.18,8,0.013,0,0,1
900.75,6,247.98,157.82,91.54,0.178,0,217.25,1,0.277,0,0,0
3235.78,9,184.91,233.94,14.4,0.214,1,95.67,10,0.323,0,0,1
2345.94,6,189.78,1175.48,24.98,0.137,1,128.69,2,0.265,0,0,0
1054.85,6,159.78,1520.93,32.4,0.418,1,227.61,5,0.061,0,0,0
659.48,7,150.2,694.55,49.66,0.498,0,51.6,10,0.022,0,0,0
254.01,6,294.73,1591.64,25.12,0.319,1,226.42,11,0.626,0,1,0
2564.84,8,340.13,1555.22,14.21,0.478,0,89.62,13,0.324,1,0,1
378.11,2,281.64,200.33,10.53,0.184,1,179.09,6,0.162,0,0,0
1988.91,5,329.71,828.55,45.72,0.51,0,237.61,10,0.404,0,1,1
1389.3,10,257.57,1205.25,14.23,0.405,1,176.16,4,0.388,0,1,0
3565.8,3,64.52,658.7,25.26,0.241,0,172.34,12,0.444,0,0,0
1336.69,6,429.66,1311.0,1.76,0.261,0,223.58,6,0.333,0,1,0
1300.56,6,421.82,792.88,14.82,0.147,0,283.1,4,0.436,0,0,0
3758.86,7,324.79,267.77,32.99,0.392,0,290.11,14,0.308,0,0,1
2527.68,3,102.13,925.66,79.49,0.596,0,224.07,14,0.48,0,0,1
2480.35,10,73.14,709.39,23.34,0.229,1,353.81,3,0.536,1,0,0
2890.74,4,161.77,784.56,17.49,0.118,1,79.1,7,0.408,0,0,0
389.33,5,508.17,80.14,36.29,0.387,1,159.49,12,0.605,0,0,1
3853.7,1,294.79,107.5,2.55,0.365,0,143.62,20,0.353,0,0,1
3335.8,4,252.51,1348.42,21.84,0.362,0,185.8,2,0.081,0,0,0
654.14,4,265.11,451.48,7.27,0.359,1,299.39,8,0.057,0,0,0
1416.46,6,203.4,193.94,14.62,0.175,1,110.58,6,0.344,0,0,1
1738.35,2,242.84,77.8,24.77,0.231,1,234.89,18,0.631,0,0,0
1580.51,5,261.48,244.03,2.99,0.247,0,133.01,9,0.7,0,0,0
2524.66,5,180.86,279.87,79.79,0.49,1,111.81,21,0.087,0,0,0
7565.6,5,104.66,3257.95,16.06,0.059,0,44.73,5,0.388,0,0,1
5333.52,7,263.05,1439.05,13.25,0.148,1,197.0,5,0.131,0,0,1
486.76,7,157.83,65.36,21.05,0.315,0,47.58,15,0.289,0,0,0
3367.99,6,379.74,1104.09,22.93,0.191,1,187.66,7,0.591,0,0,1
6829.0,4,309.0,663.96,83.75,0.248,2,179.51,12,0.286,0,0,1
2661.93,5,237.35,207.51,16.76,0.292,1,160.75,20,0.17,0,0,0
5382.89,2,163.97,1098.16,30.86,0.131,0,136.2,3,0.329,0,0,1
13524.67,4,331.76,24.51,34.47,0.412,0,317.47,18,0.597,0,0,1
5032.69,9,336.61,1052.01,18.24,0.22,1,122.17,3,0.239,0,0,1
2319.97,6,195.22,1805.23,76.47,0.534,0,163.2,17,0.491,0,0,1
5141.44,4,292.87,1713.82,48.91,0.185,3,177.79,19,0.095,0,0,1
2089.93,8,147.04,1183.92,63.83,0.077,0,261.08,17,0.453,1,0,0
1851.78,5,269.74,2183.39,2.81,0.274,1,237.21,6,0.35,0,1,0
1272.31,8,151.85,982.96,85.61,0.21,1,122.76,17,0.308,0,0,0
8633.57,3,191.31,928.55,13.75,0.228,2,251.99,12,0.456,0,1,1
797.57,3,353.58,21.23,4.81,0.228,0,188.59,18,0.146,0,0,0
8369.65,3,391.77,153.11,54.09,0.282,0,254.53,14,0.304,0,0,1
2980.55,5,83.01,1216.51,12.29,0.173,0,113.12,1,0.504,0,1,0
446.17,8,231.54,4794.05,26.09,0.359,0,179.95,20,0.29,0,0,0
2611.42,9,331.32,1018.18,61.53,0.133,3,236.3,12,0.169,0,1,1
221.4,7,124.8,693.68,5.42,0.191,1,207.61,5,0.214,0,0,0
3379.58,4,202.36,162.1,6.83,0.309,2,236.29,7,0.151,0,1,1
4381.87,6,315.52,2363.86,54.67,0.269,3,277.24,17,0.494,0,1,1
999.89,7,185.33,839.25,29.86,0.174,2,223.83,16,0.28,0,0,0
2045.81,2,90.42,537.17,12.5,0.303,0,186.74,2,0.31,0,0,0
12761.11,3,209.82,1580.86,36.26,0.111,0,183.13,6,0.029,0,0,1
1090.35,2,224.66,2450.9,48.2,0.46,0,190.18,9,0.599,0,0,0
627.09,4,436.85,371.13,25.97,0.041,0,142.08,22,0.592,0,1,0
7955.85,5,532.55,580.18,9.49,0.306,1,49.29,8,0.356,0,0,1
12869.14,6,290.32,97.83,52.14,0.226,0,134.73,15,0.145,0,0,1
1814.74,4,261.4,2572.21,6.46,0.25,1,132.53,10,0.61,0,1,0
4971.43,0,116.69,102.88,53.0,0.009,0,141.75,8,0.404,0,0,1
6915.19,6,82.43,2116.38,15.79,0.234,0,176.8,1,0.268,0,0,1
860.5,4,389.41,169.6,0.07,0.421,2,167.52,16,0.411,0,0,0
1112.87,3,73.38,1915.54,31.35,0.062,1,281.35,21,0.074,0,0,0
6191.14,5,329.26,481.63,18.55,0.081,1,152.68,5,0.571,0,1,1
9749.92,6,536.35,717.32,13.03,0.139,0,173.41,10,0.484,0,0,1
3174.42,4,127.37,29.02,34.51,0.401,0,181.0,8,0.154,0,0,1
750.08,5,20.03,401.21,20.52,0.196,1,86.96,16,0.494,0,0,0
13187.98,4,307.62,544.02,17.48,0.358,1,121.99,14,0.096,0,0,1
1063.19,4,404.27,7.58,71.9,0.195,2,170.25,4,0.491,0,1,1
1293.18,4,131.17,865.07,4.33,0.282,1,189.4,13,0.35,0,0,0
2546.15,1,365.12,1460.56,25.36,0.31,1,150.51,2,0.221,0,1,1
8554.05,6,399.71,20.07,14.17,0.385,0,90.99,17,0.416,0,0,1
4247.03,5,295.87,542.66,16.8,0.273,0,200.17,4,0.072,0,0,1
2737.68,4,202.27,27.45,29.16,0.529,3,248.04,8,0.171,0,1,1
2873.51,6,346.89,1652.71,127.98,0.239,1,238.36,12,0.389,0,1,1
1888.46,5,187.37,140.26,53.82,0.181,0,295.48,12,0.131,0,0,1
3159.41,1,244.58,48.25,10.73,0.629,0,243.76,1,0.411,1,0,1
144.09,3,206.31,1559.84,42.48,0.213,0,150.03,20,0.393,0,1,0
1343.98,6,283.72,470.32,8.35,0.022,0,286.92,16,0.335,0,1,0
2301.51,5,271.15,80.22,108.26,0.08,2,348.44,10,0.496,0,0,0
571.91,2,246.9,835.12,27.57,0.49,1,108.44,23,0.653,0,0,0
2660.64,6,220.95,978.25,149.46,0.426,3,133.86,15,0.165,0,0,1
1473.7,6,321.4,672.08,54.29,0.681,1,171.15,0,0.432,0,0,0
10461.69,4,162.47,322.93,89.65,0.295,1,200.21,10,0.441,0,1,1
8716.91,5,152.67,441.99,9.88,0.329,0,145.9,17,0.14,0,0,1
1134.78,2,386.31,2478.05,96.53,0.198,0,136.45,6,0.215,0,0,0
1554.89,9,361.55,611.48,10.51,0.406,1,90.77,0,0.258,0,0,0
1679.17,4,166.94,404.75,186.82,0.331,0,173.96,7,0.21,0,0,0
1150.95,2,159.43,985.33,16.42,0.279,2,91.08,13,0.609,0,0,0
2197.39,1,166.19,63.37,57.61,0.64,0,256.81,13,0.324,1,0,1
847.01,5,28.49,274.25,39.54,0.114,0,207.37,1,0.486,0,0,0
583.7,2,363.36,205.44,32.56,0.319,1,153.94,12,0.384,0,0,0
3370.15,8,293.31,911.81,27.99,0.103,0,178.02,0,0.528,0,0,0
3393.2,6,142.32,740.9,24.2,0.096,1,194.46,19,0.379,0,0,0
808.91,4,334.91,1139.82,18.06,0.236,2,138.65,2,0.229,0,1,1
4426.46,3,356.13,445.18,45.47,0.242,1,280.31,1,0.207,0,1,1
961.43,8,243.99,152.87,207.42,0.206,1,286.69,14,0.419,0,0,0
2328.93,0,304.27,161.52,55.76,0.482,0,236.62,14,0.351,0,0,0
4106.57,4,301.71,1782.39,70.72,0.19,1,184.42,14,0.574,0,0,1
1748.28,2,248.26,62.28,53.1,0.312,0,314.86,12,0.209,0,0,0
2849.05,7,253.53,721.36,36.25,0.317,2,236.28,8,0.29,0,0,1
1078.76,2,293.91,210.83,84.94,0.137,1,261.58,5,0.545,0,0,1
1485.54,4,274.82,192.92,19.52,0.225,1,112.95,22,0.09,0,0,0
1471.65,5,197.12,82.87,15.95,0.349,1,107.97,22,0.629,0,0,0
856.99,7,183.83,3101.37,24.21,0.137,1,242.49,20,0.311,0,0,0
1515.08,1,441.64,50.34,43.23,0.076,2,179.11,20,0.579,0,1,0
384.28,5,204.87,127.9,0.0,0.138,2,193.67,5,0.382,0,1,0
1106.38,6,96.27,363.52,90.14,0.469,1,58.68,7,0.244,0,0,0
1359.84,2,391.46,486.75,18.06,0.065,0,114.96,10,0.036,0,0,0
1399.43,3,244.9,2409.48,45.91,0.453,2,165.31,3,0.42,0,0,1
1420.13,1,241.04,221.43,2.69,0.258,2,229.36,9,0.156,0,1,0
1699.75,7,243.22,1021.17,28.25,0.217,1,191.76,5,0.146,0,0,0
2920.3,3,400.67,854.6,3.52,0.373,0,209.95,21,0.234,0,1,1
4335.17,6,133.21,583.01,0.57,0.574,1,260.8,6,0.064,0,0,1
944.1,4,381.76,247.46,77.62,0.553,0,195.91,16,0.323,1,0,0
542.83,4,289.85,136.29,25.94,0.4,2,207.74,6,0.344,0,1,0
637.76,9,360.3,155.37,84.3,0.198,1,236.69,6,0.215,0,1,0
1110.76,11,195.5,339.71,20.57,0.216,2,267.96,2,0.04,0,1,1
1271.66,8,571.95,117.99,52.17,0.248,0,274.53,20,0.312,0,1,1
837.15,7,236.62,5000.0,4.95,0.125,2,210.03,21,0.57,0,1,1
494.67,5,242.57,472.21,10.57,0.431,1,244.97,1,0.448,0,0,0
1145.82,5,140.8,619.47,31.87,0.532,2,184.27,1,0.121,0,0,1
2167.71,8,234.63,766.64,29.04,0.249,0,171.61,5,0.563,0,1,0
3278.13,6,146.85,174.31,10.8,0.286,3,136.39,4,0.312,0,0,1
1035.44,5,509.73,525.84,102.31,0.289,0,159.96,15,0.361,0,0,0
1196.32,6,34.22,51.96,16.72,0.288,1,84.54,4,0.179,0,0,0
715.73,4,20.0,2783.34,27.87,0.427,1,297.54,2,0.295,0,0,0
1752.08,5,182.97,512.18,20.58,0.506,0,258.85,20,0.551,0,1,0
774.0,4,294.02,24.09,269.78,0.6,2,201.76,20,0.168,0,1,0
3207.12,3,412.75,731.18,21.28,0.19,1,102.36,13,0.461,0,0,1
303.12,5,266.29,84.39,15.36,0.353,0,265.26,15,0.324,0,0,0
1261.9,7,210.1,1248.44,118.64,0.606,0,201.64,3,0.25,0,0,0
2443.31,6,250.83,2452.16,8.56,0.065,1,112.45,23,0.295,0,1,1
2172.94,8,342.69,1986.9,125.17,0.212,0,315.44,22,0.059,0,1,1
26716.42,6,109.63,446.59,42.03,0.252,1,149.71,9,0.52,0,0,1
2565.22,6,368.22,997.46,12.63,0.362,0,208.5,15,0.405,0,1,0
662.45,4,26.45,135.5,14.52,0.42,0,271.0,16,0.11,0,0,0
1643.42,3,220.61,62.97,62.06,0.326,0,21.4,12,0.559,0,0,0
306.05,5,238.16,1376.52,2.01,0.052,0,74.95,0,0.499,0,0,0
1668.03,8,78.73,950.4,62.84,0.476,0,148.99,6,0.31,1,0,0
785.99,6,254.1,1900.65,18.55,0.383,0,293.72,5,0.591,0,0,0
4516.04,5,197.44,1968.22,82.58,0.601,0,294.97,10,0.474,0,1,1
1043.63,6,279.12,341.29,6.67,0.284,1,285.1,6,0.249,0,0,0
1608.78,9,284.6,306.94,14.33,0.602,1,126.89,14,0.336,0,1,1
957.61,9,294.62,466.57,28.9,0.409,2,166.37,4,0.279,0,0,0
10289.21,6,189.1,876.53,105.68,0.449,1,233.09,22,0.384,1,1,1
1311.28,4,268.22,4.0,16.71,0.328,0,121.44,22,0.311,0,0,0
11299.99,5,395.39,611.91,92.83,0.404,0,218.23,12,0.378,0,1,1
4081.22,4,345.63,15.94,5.38,0.149,2,205.32,22,0.172,0,0,1
2927.98,3,286.36,479.25,9.53,0.319,2,151.03,16,0.37,0,0,1
2614.25,10,134.03,68.69,8.6,0.242,1,173.5,6,0.388,0,0,0
2680.6,3,20.0,660.83,47.46,0.369,1,148.22,5,0.579,0,0,0
263.05,7,20.0,301.82,24.61,0.22,1,251.72,5,0.072,0,0,0
1368.02,9,326.74,521.47,99.56,0.567,0,312.93,10,0.402,0,0,0
4209.75,2,153.68,2530.26,33.26,0.234,0,236.65,7,0.175,0,0,1
1721.76,7,96.43,333.59,91.0,0.519,1,293.59,3,0.545,0,1,0
443.55,3,171.46,1016.33,13.74,0.399,0,248.05,19,0.426,0,0,0
1715.73,8,233.65,919.83,133.91,0.466,0,380.23,13,0.249,0,0,0
9937.85,8,260.11,1625.6,50.38,0.016,0,232.9,13,0.104,0,0,1
6291.1,4,161.99,325.67,35.23,0.485,1,20.0,12,0.392,0,0,1
1699.34,6,359.79,46.17,46.93,0.502,3,148.31,16,0.503,0,1,0
4681.85,4,223.8,2822.24,124.5,0.265,0,176.13,18,0.499,0,0,1
1253.25,4,219.7,359.98,20.97,0.31,2,102.74,4,0.572,0,1,0
329.02,5,139.05,172.28,14.11,0.388,4,232.98,11,0.166,0,1,0
717.33,5,483.89,1963.67,14.08,0.419,0,261.3,0,0.21,0,0,0
8629.04,7,230.2,169.18,180.1,0.198,1,232.42,16,0.362,0,0,1
1374.72,3,315.16,601.9,20.59,0.257,0,121.02,23,0.452,0,0,0
1417.45,3,270.77,1126.84,107.66,0.272,0,158.05,12,0.115,0,0,0
1339.65,2,399.26,1050.48,7.39,0.216,1,252.97,8,0.211,0,1,0
12138.49,3,148.22,23.93,28.16,0.31,1,266.59,11,0.352,0,0,1
9190.81,3,313.08,180.96,48.28,0.232,1,335.51,16,0.567,0,1,1
16626.95,4,212.2,1754.94,165.54,0.447,1,220.12,10,0.435,0,0,1
1542.18,3,272.72,644.48,56.55,0.676,1,279.93,12,0.268,0,0,0
2429.95,6,208.56,929.81,0.1,0.658,0,97.64,11,0.067,0,0,1
396.77,6,479.68,411.72,71.39,0.259,1,168.61,0,0.5,0,0,0
7918.32,7,236.51,1093.83,52.46,0.254,1,40.0,11,0.082,0,0,1
562.4,8,63.33,272.97,10.24,0.406,2,122.04,13,0.162,0,0,0
2245.71,4,234.48,211.2,48.44,0.212,2,177.44,23,0.325,0,1,1
603.47,4,265.99,4677.77,129.94,0.267,0,247.79,2,0.408,0,0,0
1003.38,5,265.71,137.25,0.23,0.238,0,159.27,12,0.747,0,0,0
782.69,6,97.3,3185.96,183.26,0.075,0,20.0,17,0.497,0,0,0
984.49,7,107.92,2088.48,17.56,0.288,0,289.67,10,0.561,0,0,0
1054.56,10,473.01,1003.3,46.76,0.309,0,222.38,9,0.302,0,0,1
1044.96,3,222.89,697.77,16.26,0.047,1,105.15,11,0.316,0,0,0
4160.26,3,235.37,3.63,65.63,0.039,0,102.76,20,0.305,0,0,1
598.93,4,500.67,806.91,36.27,0.216,0,170.17,17,0.282,0,0,0
2254.18,2,346.26,1184.17,15.25,0.068,1,244.03,15,0.082,0,0,0
6111.69,1,245.9,1056.03,35.0,0.413,2,295.82,6,0.175,0,0,1
1082.26,4,278.3,151.06,21.67,0.39,1,151.17,4,0.175,0,0,0
881.9,6,489.43,629.15,14.36,0.601,0,125.39,8,0.107,0,0,0
1435.8,4,174.0,639.16,44.92,0.399,1,135.38,9,0.195,0,0,1
5882.43,6,350.15,846.47,50.84,0.094,1,154.36,5,0.709,0,1,1
2195.37,5,331.76,1422.03,7.57,0.119,0,279.9,7,0.417,0,0,0
1062.93,3,257.24,958.47,132.37,0.103,0,121.09,17,0.297,0,0,0
2933.28,5,184.48,121.87,0.33,0.335,0,191.74,1,0.124,0,0,1
600.47,10,298.36,15.37,16.21,0.357,1,20.0,8,0.477,1,0,0
3573.71,2,249.68,117.49,21.03,0.375,1,170.42,3,0.273,0,0,0
2720.6,8,336.28,32.89,3.44,0.336,3,353.79,2,0.219,0,1,1
1329.01,4,53.34,459.26,4.72,0.629,1,164.59,14,0.266,0,0,0
781.66,6,631.97,266.98,94.01,0.111,0,167.41,14,0.423,0,1,0
744.95,2,321.33,5.87,22.46,0.257,1,72.16,3,0.119,0,0,0
3086.57,4,308.07,66.95,22.73,0.151,1,140.66,1,0.205,0,0,1
6179.42,7,496.63,405.39,58.33,0.313,0,256.2,3,0.262,0,1,1
955.94,6,175.02,2247.56,64.42,0.075,1,174.83,9,0.469,0,0,0
2859.46,3,166.65,4207.09,61.47,0.464,0,86.99,9,0.142,0,0,0
224.3,4,210.81,41.14,31.64,0.409,1,132.61,23,0.164,0,0,0
1007.66,4,510.68,1420.3,61.33,0.246,1,198.69,20,0.249,0,1,0
1752.75,7,238.89,523.54,128.82,0.363,1,264.17,7,0.346,1,0,0
728.01,5,580.94,776.26,7.24,0.213,0,98.58,21,0.271,0,0,0
708.74,7,186.11,564.13,42.76,0.201,2,319.4,6,0.49,0,0,0
927.25,4,20.0,2066.97,105.49,0.328,0,160.99,1,0.473,0,0,0
2421.62,3,48.13,520.81,168.64,0.281,0,222.47,1,0.417,0,0,0
1499.18,3,320.78,147.11,4.6,0.16,2,152.32,23,0.137,0,1,0
192.82,3,327.73,1210.77,149.61,0.226,0,241.78,13,0.455,0,0,0
216.87,3,293.53,576.87,64.81,0.141,0,146.59,23,0.373,0,0,0
985.49,4,126.51,99.61,64.48,0.127,1,140.66,1,0.204,0,1,0
2857.45,6,106.78,495.31,7.98,0.09,0,20.0,19,0.124,0,0,0
115.87,4,76.53,930.25,42.88,0.351,0,130.12,6,0.044,0,0,0
1096.93,11,212.29,280.6,22.2,0.273,2,318.75,6,0.454,0,0,0
1068.22,3,291.89,1944.09,44.04,0.236,1,102.0,0,0.43,0,1,1
7246.96,6,404.17,1517.47,66.86,0.46,0,69.04,2,0.466,0,0,1
1230.26,1,363.15,671.27,10.13,0.414,1,152.27,18,0.321,0,1,1
2651.79,10,271.75,44.72,8.3,0.223,1,253.27,13,0.544,0,1,1
2082.36,4,572.13,700.24,22.07,0.202,0,172.48,8,0.259,0,1,1
214.74,5,256.32,429.74,51.41,0.254,2,189.34,0,0.604,0,1,0
3897.95,3,20.0,1030.08,56.01,0.213,0,210.37,10,0.116,0,0,1
2242.61,6,90.24,248.52,46.93,0.349,1,245.59,2,0.184,0,0,0
3005.71,11,263.29,744.64,94.68,0.173,1,143.19,3,0.284,0,0,1
91696.34,6,89.84,646.73,66.37,0.107,1,185.27,16,0.181,1,1,1
224.95,3,408.17,598.68,35.13,0.115,0,152.6,3,0.317,0,0,0
10144.6,2,277.99,98.56,32.94,0.258,0,171.64,23,0.118,0,0,1
1356.35,5,411.74,538.5,79.9,0.046,0,82.29,12,0.386,0,0,0
2409.87,7,283.37,639.91,107.69,0.405,1,154.46,5,0.219,0,1,0
1727.6,3,20.0,2101.08,94.55,0.232,0,208.09,16,0.282,0,0,0
1182.95,1,431.83,494.23,34.29,0.311,1,147.89,18,0.496,0,0,0
1022.66,9,243.29,817.02,43.28,0.382,0,114.45,2,0.158,0,0,0
2513.69,6,249.41,673.77,77.16,0.29,0,37.76,18,0.182,0,0,0
396.56,6,307.31,173.77,43.3,0.173,0,215.78,16,0.497,0,1,0
3829.84,3,233.6,163.07,12.74,0.305,1,183.16,5,0.262,0,1,0
1192.5,4,318.31,1075.81,108.93,0.416,3,158.86,7,0.046,0,0,1
584.02,6,278.6,592.3,34.0,0.092,0,210.44,9,0.267,0,0,1
1152.84,2,244.94,1810.94,201.05,0.383,3,220.6,17,0.21,0,0,1
6355.97,7,78.47,1910.12,40.29,0.265,0,268.61,14,0.468,0,0,1
1058.56,8,255.33,282.0,24.46,0.166,0,99.02,10,0.327,0,0,0
2587.52,5,235.98,85.65,11.99,0.085,0,147.79,20,0.346,0,0,0
870.48,6,333.87,337.37,21.15,0.241,2,262.05,1,0.225,0,0,0
3858.07,3,346.13,55.51,12.46,0.098,1,37.07,10,0.584,0,0,1
3588.57,6,227.62,1215.88,127.32,0.239,0,271.78,16,0.2,0,0,1
11482.84,6,213.36,126.43,45.88,0.326,0,122.27,23,0.241,0,0,1
1516.92,5,395.9,1610.08,85.79,0.46,1,52.15,6,0.168,0,0,0
3528.59,8,337.78,429.36,11.68,0.464,0,165.17,13,0.456,0,0,1
1994.34,7,172.15,261.25,3.2,0.143,2,156.69,22,0.527,0,1,0
6606.91,5,62.52,556.95,27.14,0.461,0,238.66,21,0.349,0,0,1
881.1,2,467.67,744.05,137.63,0.218,0,170.44,19,0.246,0,0,0
3808.56,2,348.48,967.3,6.0,0.166,2,136.25,14,0.405,0,0,1
1488.17,9,363.22,330.21,77.7,0.629,0,125.59,18,0.301,0,0,0
1695.63,4,115.21,3258.26,3.05,0.442,0,202.15,7,0.232,0,0,0
1981.78,5,347.32,438.94,9.03,0.417,0,193.61,0,0.314,0,1,0
2326.78,11,133.84,1438.87,65.46,0.134,0,194.43,4,0.379,0,0,0
1609.65,3,378.24,28.39,11.85,0.554,1,144.69,3,0.558,0,1,1
2241.08,3,235.24,1203.93,1.11,0.083,1,240.81,11,0.436,0,1,0
8761.46,4,90.43,641.19,12.38,0.447,0,151.97,11,0.662,0,0,1
4843.78,3,272.64,816.49,65.98,0.331,0,241.4,5,0.494,0,1,1
4311.99,6,313.09,373.29,37.98,0.216,0,297.27,12,0.119,0,0,1
1146.49,7,323.17,629.69,39.62,0.311,1,213.93,1,0.433,0,0,0
743.05,2,256.42,2153.2,26.42,0.092,2,127.61,6,0.514,0,0,0
4699.92,4,20.0,390.26,7.88,0.335,0,220.16,17,0.235,0,0,1
4341.81,3,426.46,89.43,12.14,0.565,0,155.37,4,0.509,0,0,0
7884.63,5,324.63,1019.84,10.24,0.26,2,176.82,15,0.302,0,1,1
988.33,7,257.42,562.82,61.41,0.2,1,89.84,6,0.367,0,0,0
1437.2,5,404.34,442.63,93.9,0.2,1,206.47,17,0.762,0,0,0
350.91,4,93.06,1203.41,13.56,0.685,1,165.38,21,0.656,0,0,0
1221.13,5,206.52,660.75,9.47,0.105,0,208.74,17,0.38,0,0,0
4897.94,7,371.17,798.39,14.5,0.759,0,46.5,13,0.084,0,0,1
1134.0,6,511.21,2083.77,139.67,0.263,1,163.08,0,0.34,0,1,0
3430.56,3,195.1,48.23,12.02,0.296,0,20.0,22,0.325,0,0,1
1494.43,6,36.87,243.46,58.55,0.17,1,193.39,16,0.313,0,0,0
2500.03,5,337.92,1827.96,6.21,0.061,1,251.31,1,0.495,0,1,0
573.82,4,415.81,1258.98,53.98,0.095,0,201.25,10,0.46,0,1,0
1968.86,2,38.25,167.19,14.02,0.176,0,137.21,22,0.417,0,0,0
90.82,5,233.02,148.21,90.75,0.227,0,267.07,5,0.439,0,0,0
1499.83,5,384.87,1395.0,1.17,0.427,0,201.94,4,0.113,0,0,0
354.08,5,427.49,643.91,34.68,0.218,3,87.29,9,0.775,0,0,0
6039.0,3,61.05,1574.83,54.43,0.3,2,190.45,1,0.299,0,0,1
3933.98,6,219.82,1997.75,68.03,0.241,1,132.7,11,0.355,0,0,0
2883.24,5,189.76,57.66,115.31,0.661,1,20.0,9,0.207,0,0,1
8275.1,5,128.04,2799.36,49.16,0.223,0,132.83,17,0.339,0,0,1
700.0,6,274.82,1008.36,6.88,0.073,1,219.51,3,0.052,0,1,0
10377.17,5,289.96,1438.86,64.28,0.221,2,127.97,10,0.555,0,0,1
4592.55,6,465.62,796.12,37.54,0.278,1,76.43,11,0.331,0,1,1
1427.16,2,20.0,291.26,5.25,0.125,0,132.27,9,0.261,0,0,0
5628.62,12,313.91,731.9,7.56,0.515,2,135.86,6,0.209,0,0,1
598.07,7,154.4,580.32,88.12,0.321,0,119.41,16,0.049,0,1,0
792.73,4,108.99,2151.48,41.68,0.151,0,204.81,11,0.183,0,0,0
983.79,5,217.51,647.8,8.59,0.078,0,107.76,2,0.519,0,0,0
1065.31,7,284.1,22.63,77.67,0.204,0,236.31,23,0.19,0,1,0
628.57,1,179.66,926.93,44.15,0.417,0,168.3,9,0.443,0,1,0
6143.09,5,218.27,41.49,9.16,0.321,1,155.71,10,0.246,0,1,1
1395.69,6,248.85,2305.93,29.87,0.44,1,20.0,18,0.229,0,1,0
2572.17,5,300.35,533.35,132.21,0.057,1,117.42,12,0.568,0,0,0
1022.13,2,386.76,2753.81,69.61,0.319,0,254.86,7,0.263,0,0,0
292.77,5,226.22,20.96,24.46,0.108,1,181.25,4,0.355,0,1,0
2368.61,2,261.99,608.88,0.26,0.373,0,113.76,16,0.155,0,0,0
267.13,4,254.3,205.16,12.81,0.109,0,319.15,16,0.167,0,0,0
1688.11,5,457.73,818.97,9.97,0.587,2,198.16,6,0.232,0,1,1
460.21,6,308.26,551.66,23.72,0.402,0,298.2,21,0.296,0,1,0
13190.81,3,296.39,668.0,107.07,0.333,1,213.54,7,0.552,0,1,1
4497.89,6,245.16,356.58,9.92,0.227,0,201.04,5,0.654,0,1,0
2009.73,6,253.07,42.34,2.55,0.438,0,216.89,5,0.513,0,1,0
6397.78,3,20.0,89.73,7.04,0.534,2,138.47,9,0.496,0,0,1
775.64,4,198.97,1564.71,29.55,0.261,2,221.56,6,0.308,0,0,0
3113.43,4,313.8,970.61,3.49,0.383,0,147.57,22,0.025,0,0,0
2207.93,7,251.16,1173.65,40.66,0.152,0,85.69,17,0.387,0,1,0
2354.35,4,230.15,104.7,16.0,0.24,0,186.52,16,0.619,0,0,0
6453.34,7,421.12,40.4,23.49,0.295,1,94.6,12,0.311,0,1,1
3761.2,5,297.53,13.94,8.48,0.381,0,51.06,9,0.626,0,1,1
2413.24,2,108.56,590.2,68.47,0.218,1,242.9,4,0.21,0,1,0
345.54,6,60.62,555.95,24.01,0.272,0,234.77,18,0.077,0,0,0
692.25,5,363.87,93.81,6.12,0.186,0,280.7,21,0.351,0,0,1
1599.25,3,142.07,340.48,22.44,0.11,0,125.09,16,0.118,0,0,0
1985.0,2,282.88,604.38,205.3,0.14,1,130.28,15,0.294,0,0,0
583.94,8,345.75,901.15,62.58,0.408,3,216.52,16,0.237,0,0,0
20164.45,1,282.34,1328.58,101.74,0.16,0,136.59,14,0.101,0,0,1
8237.02,5,439.59,820.41,111.26,0.485,1,84.35,21,0.148,0,0,1
3301.45,4,229.98,24.37,39.8,0.654,1,132.46,6,0.039,0,0,1
1943.09,6,286.67,705.69,40.7,0.368,1,68.14,6,0.288,0,0,0
1462.34,3,199.56,73.62,118.57,0.666,0,149.96,23,0.477,0,0,0
697.9,5,216.38,665.76,103.29,0.323,1,367.97,15,0.235,0,0,0
1953.7,3,346.27,377.27,63.0,0.561,1,35.5,22,0.413,0,1,1
2339.64,7,361.06,269.88,86.29,0.301,3,65.0,23,0.306,0,0,1
522.3,5,63.53,525.79,67.62,0.074,1,438.27,2,0.266,0,0,0
2525.45,7,157.25,384.34,18.4,0.151,1,237.45,12,0.305,0,0,0
1548.03,6,275.23,1418.84,6.44,0.348,0,247.68,2,0.167,0,0,0
268.32,8,320.38,205.46,63.15,0.114,2,142.03,1,0.467,0,0,0
764.8,6,103.22,117.6,118.03,0.315,1,158.52,21,0.404,0,0,0
1195.59,4,183.57,1451.1,192.06,0.095,0,201.09,22,0.412,0,0,0
11940.46,4,314.87,223.15,2.51,0.174,0,167.56,3,0.583,1,0,1
3154.4,2,336.82,26.21,50.65,0.138,1,245.22,4,0.588,0,0,1
475.57,2,297.32,391.49,48.03,0.27,0,42.31,16,0.067,0,0,0
2939.62,5,230.89,1367.61,23.04,0.575,0,133.12,14,0.275,0,0,1
384.79,2,130.05,452.32,40.21,0.742,0,184.4,5,0.198,0,0,0
5338.45,1,205.16,508.03,30.42,0.376,0,133.04,14,0.527,0,0,1
1128.76,4,371.51,38.68,129.24,0.386,0,277.4,3,0.075,0,0,0
1646.43,6,359.97,993.2,17.77,0.324,1,273.05,14,0.497,0,0,0
6807.61,6,146.78,336.92,9.88,0.34,0,162.73,3,0.852,0,0,1
499.11,9,441.16,1043.38,55.91,0.736,1,280.88,3,0.038,0,0,0
447.14,3,158.06,423.42,16.83,0.205,0,57.92,21,0.33,0,0,0
1008.68,9,268.05,598.75,2.87,0.335,0,20.0,20,0.498,0,0,0
5107.06,6,124.01,712.28,80.85,0.133,1,205.88,1,0.302,0,1,1
395.7,11,453.22,175.41,19.62,0.334,0,37.42,19,0.475,0,0,0
106.47,5,351.95,278.53,244.63,0.076,0,184.32,15,0.39,0,1,0
1151.52,2,272.46,704.68,18.7,0.574,0,198.68,14,0.177,0,1,0
3139.26,7,199.21,1385.02,40.56,0.355,1,119.41,10,0.353,1,1,0
6004.48,2,511.11,2604.5,8.78,0.009,1,248.75,1,0.234,0,0,1
1137.78,2,312.44,594.16,38.06,0.147,1,211.35,9,0.175,0,0,0
1198.2,5,494.69,61.43,15.4,0.321,0,197.17,1,0.334,0,0,0
5732.46,7,268.02,2499.1,57.31,0.145,1,161.8,3,0.472,0,0,1
278.73,4,271.57,436.84,1.44,0.134,2,91.65,11,0.198,0,0,0
1225.96,6,350.4,86.5,60.04,0.391,0,232.57,0,0.19,0,1,1
2187.3,6,272.95,2866.23,36.46,0.322,2,223.54,15,0.125,0,0,1
2833.36,2,282.25,263.37,23.9,0.35,1,237.82,1,0.086,0,0,1
1085.93,10,295.81,855.64,3.34,0.146,1,299.86,7,0.628,0,0,0
1871.4,4,354.98,124.5,3.22,0.563,0,307.17,6,0.563,0,1,0
150.16,4,157.49,1017.12,78.55,0.42,0,245.66,4,0.648,0,0,0
936.13,4,254.0,2994.29,67.48,0.138,0,355.05,4,0.568,0,0,0
2845.54,3,190.0,3362.79,31.34,0.367,3,245.38,14,0.324,0,1,1
677.02,3,327.89,107.93,0.35,0.071,1,222.93,10,0.589,0,1,0
1917.9,7,252.71,1171.26,83.85,0.255,0,210.93,7,0.157,0,0,1
2826.72,7,184.2,873.21,54.76,0.342,3,173.51,18,0.196,0,0,1
1283.63,7,423.35,1293.45,4.0,0.088,1,205.49,20,0.12,0,1,1
2144.08,3,391.95,324.22,16.19,0.179,1,190.32,13,0.358,0,1,0
690.4,5,392.38,410.99,3.51,0.096,1,157.76,21,0.315,0,0,1
1470.55,7,407.2,334.61,101.95,0.185,1,179.61,21,0.111,0,0,0
3328.3,7,320.65,1163.72,35.04,0.198,3,228.14,5,0.35,0,1,1
2115.34,4,330.84,1324.82,23.44,0.282,0,107.0,19,0.179,0,0,0
1005.73,8,229.47,229.4,49.95,0.241,0,293.37,23,0.31,0,1,0
2262.48,8,411.64,680.38,68.48,0.317,1,185.55,12,0.389,0,1,0
3694.53,5,271.37,107.71,52.93,0.601,0,216.07,1,0.637,0,0,1
232.77,10,183.06,10.6,88.26,0.241,0,164.13,3,0.326,0,0,0
5762.2,6,302.7,753.44,45.12,0.128,0,265.42,2,0.275,0,1,1
1291.74,9,207.52,1467.08,0.15,0.171,0,212.26,11,0.417,0,0,0
2766.92,8,361.78,1896.29,7.32,0.308,1,246.69,19,0.364,0,1,1
5986.41,6,343.2,774.83,100.94,0.099,1,213.66,19,0.635,0,1,1
458.67,4,355.16,1323.09,6.84,0.194,0,407.47,22,0.203,0,0,1
889.41,2,81.2,414.33,48.33,0.353,1,117.61,5,0.174,0,0,0
1354.86,3,41.95,1665.71,11.53,0.495,1,200.57,4,0.174,0,0,0
825.71,1,275.23,1192.32,161.53,0.139,1,109.11,3,0.546,0,0,0
10249.01,8,275.67,295.15,12.77,0.134,2,217.37,10,0.186,0,0,1
767.57,7,410.42,727.49,22.46,0.507,0,175.64,21,0.301,0,1,0
1037.38,5,178.38,42.1,74.3,0.209,0,280.57,17,0.317,0,0,0
2218.06,2,136.29,126.81,53.67,0.356,0,107.75,15,0.292,0,0,0
543.4,7,162.73,2344.75,19.4,0.145,0,217.75,17,0.368,0,0,0
1217.21,12,123.05,7.84,59.86,0.207,1,135.31,19,0.511,0,1,0
2483.57,5,192.52,181.76,195.41,0.136,0,77.9,20,0.059,0,0,0
1296.13,3,110.89,119.55,7.83,0.405,0,50.6,21,0.217,0,0,0
1646.84,4,261.78,959.9,13.75,0.347,1,20.0,15,0.149,0,0,0
1064.93,5,254.97,89.37,29.81,0.404,1,246.34,0,0.219,0,0,0
397.63,6,169.11,16.27,18.8,0.357,1,88.96,4,0.08,0,0,0
2493.88,3,133.02,2133.02,19.05,0.231,1,427.16,7,0.172,0,0,0
10456.02,3,116.54,1649.34,28.02,0.217,1,196.79,13,0.362,0,0,1
1841.62,1,20.0,355.09,77.96,0.153,0,142.69,16,0.122,0,0,0
2264.85,5,167.0,84.75,22.08,0.247,1,100.73,10,0.312,0,1,0
3614.55,2,194.54,907.07,14.84,0.3,1,279.04,10,0.108,0,0,1
508.1,4,20.0,1717.26,40.02,0.139,0,225.18,23,0.2,0,0,0
9922.05,2,418.18,2940.04,102.66,0.305,0,104.2,12,0.2,0,0,1
2213.5,7,360.32,111.52,60.11,0.09,0,216.09,0,0.427,0,1,0
9245.17,3,229.41,733.45,20.79,0.193,2,139.54,15,0.548,0,1,1
868.67,9,20.0,450.47,179.07,0.084,1,137.14,2,0.404,0,1,0
11137.38,6,385.27,136.39,58.69,0.249,1,182.06,21,0.282,0,1,1
3925.13,5,195.36,1319.77,7.44,0.351,1,230.66,0,0.298,0,0,1
3143.34,2,61.6,1219.31,59.3,0.028,1,162.34,7,0.216,0,0,1
2284.78,5,100.13,2673.93,118.12,0.142,2,254.77,0,0.067,0,0,1
1410.18,5,186.78,71.53,32.03,0.045,1,208.43,8,0.149,0,0,0
6006.1,8,135.83,218.37,65.36,0.185,1,247.38,16,0.445,0,1,1
2080.49,2,171.81,1406.24,8.17,0.327,1,264.31,4,0.741,0,1,0
252.88,5,20.0,402.59,5.86,0.236,0,184.27,21,0.361,0,0,0
591.59,5,421.31,516.91,49.45,0.205,0,124.03,13,0.196,0,0,0
1501.4,6,365.74,756.42,25.57,0.111,0,236.66,1,0.204,0,0,0
2465.13,1,158.06,420.01,30.75,0.274,0,20.0,23,0.238,0,0,0
1708.57,3,353.35,28.83,18.37,0.665,0,188.74,17,0.066,0,0,0
6117.88,9,193.72,741.04,30.4,0.169,1,177.14,6,0.184,0,0,1
256.95,6,253.49,207.92,5.21,0.422,1,235.26,10,0.341,0,1,0
2087.22,5,106.25,2775.69,5.71,0.202,3,101.0,12,0.184,0,0,0
293.54,4,313.17,937.79,29.36,0.194,0,206.65,20,0.134,0,0,0
3864.98,3,347.07,1469.34,30.18,0.306,0,264.2,7,0.643,0,0,1
1645.08,11,276.73,2470.3,102.56,0.121,1,195.55,14,0.099,0,0,0
2750.7,6,186.62,52.34,20.05,0.164,0,297.83,6,0.081,0,0,0
762.13,3,20.0,128.79,56.48,0.052,1,341.15,13,0.301,0,1,0
6499.4,7,353.43,1320.31,18.06,0.32,1,165.83,20,0.232,0,0,1
5124.17,6,225.72,1728.81,18.4,0.478,0,227.11,23,0.508,0,0,1
3240.7,2,156.61,3.91,61.7,0.059,1,154.56,21,0.299,0,0,0
1588.4,4,175.62,2323.61,41.28,0.272,1,147.34,19,0.568,0,0,0
3228.77,5,283.33,484.66,23.33,0.278,0,166.75,10,0.114,0,0,0
891.68,2,103.44,496.85,33.02,0.191,1,219.69,7,0.635,0,0,0
4253.75,2,301.01,1687.87,93.03,0.153,0,199.46,11,0.135,0,0,1
9409.55,4,219.62,273.47,68.5,0.061,0,73.6,8,0.273,0,0,1
5274.35,6,164.46,700.68,136.4,0.186,0,129.27,14,0.321,0,0,0
871.66,4,154.63,325.4,104.73,0.362,1,271.66,6,0.625,0,1,0
2595.2,6,292.01,96.43,55.36,0.469,0,171.11,20,0.473,0,0,0
496.14,8,20.0,355.25,10.54,0.193,0,246.97,13,0.401,0,0,0
3204.75,7,172.98,151.99,22.47,0.297,0,360.84,4,0.036,0,0,0
2837.29,8,327.44,588.81,40.44,0.657,3,179.03,21,0.318,0,0,1
278.71,5,237.33,603.67,1.72,0.341,0,229.8,10,0.386,0,1,0
565.79,1,395.5,460.02,57.17,0.171,1,125.46,9,0.086,0,0,0
1362.21,5,266.31,152.75,195.71,0.22,0,102.94,9,0.453,0,1,0
1338.28,5,170.72,101.11,87.88,0.428,0,20.0,9,0.249,0,0,0
539.44,7,221.14,88.4,58.22,0.382,3,145.7,23,0.567,0,1,0
2667.72,2,267.34,95.18,56.64,0.191,2,29.65,11,0.432,0,0,1
2325.0,6,152.81,279.51,113.67,0.244,1,92.79,4,0.558,0,0,0
1488.81,6,322.98,1.49,18.58,0.133,0,293.86,0,0.49,0,0,0
849.13,3,468.22,51.42,29.59,0.077,1,225.15,19,0.396,0,1,1
5160.08,5,109.95,508.57,54.0,0.245,1,267.45,3,0.316,0,1,1
9465.48,7,324.96,161.39,42.51,0.301,0,193.61,15,0.301,0,1,1
1114.81,4,156.86,244.55,92.93,0.348,0,78.32,5,0.346,0,0,0
980.27,3,167.62,348.73,22.81,0.199,1,56.32,6,0.518,0,0,0
2954.86,2,204.91,32.37,26.92,0.415,0,200.89,11,0.227,0,0,0
1263.92,4,178.41,198.79,14.33,0.346,0,218.76,11,0.344,0,0,0
1572.78,8,327.03,1199.35,50.89,0.515,0,253.22,1,0.127,0,0,1
3788.23,9,255.82,333.5,24.74,0.225,0,24.48,3,0.365,0,1,1
267.91,11,226.95,164.79,39.77,0.522,1,189.5,6,0.206,1,0,0
6756.78,4,292.63,176.26,3.12,0.485,4,109.33,21,0.405,0,1,1
1944.35,8,299.8,3345.64,60.94,0.43,0,238.46,23,0.659,0,1,0
1198.12,2,247.54,128.56,38.03,0.282,1,271.18,15,0.064,0,0,0
1653.69,2,370.18,1886.63,67.78,0.346,2,66.71,13,0.189,0,0,0
1741.37,8,261.71,67.18,14.39,0.8,2,204.08,9,0.029,0,1,0
320.15,3,503.52,1659.92,96.72,0.267,1,140.3,6,0.432,0,0,0
8062.17,6,140.34,565.66,102.31,0.42,0,196.72,13,0.438,0,0,1
1884.33,6,70.06,750.64,28.73,0.163,1,149.44,17,0.143,0,0,0
2815.8,6,272.96,225.82,5.01,0.548,0,124.37,8,0.13,0,0,1
4682.32,4,359.41,1831.01,35.38,0.345,3,113.54,16,0.531,0,0,1
651.21,2,209.3,707.73,52.07,0.252,3,106.27,21,0.324,0,0,0
2902.92,4,151.41,900.87,45.75,0.186,0,129.93,1,0.245,0,0,0
1383.48,7,250.63,650.92,113.98,0.313,2,166.18,3,0.27,0,0,0
4216.54,5,219.77,107.04,125.2,0.358,2,337.74,6,0.465,0,1,1
215.46,5,227.35,1447.41,48.66,0.205,0,108.61,21,0.314,0,0,0
1637.47,5,156.54,162.27,51.4,0.51,0,130.54,12,0.223,0,0,0
989.48,4,187.9,276.19,6.95,0.038,2,193.35,1,0.188,0,0,0
2785.72,4,364.88,885.76,24.99,0.035,0,135.05,15,0.383,0,0,1
2892.99,2,402.73,78.38,20.03,0.046,0,20.0,7,0.35,0,1,0
891.03,4,230.29,2167.29,21.22,0.193,1,202.94,7,0.512,0,0,0
886.98,3,119.22,106.03,64.98,0.21,2,110.28,11,0.455,0,0,0
1618.63,5,129.4,880.06,33.47,0.501,1,209.55,14,0.353,0,0,0
737.57,3,98.75,806.55,34.91,0.449,0,271.15,20,0.184,0,1,0
4196.41,6,357.67,957.94,14.23,0.565,0,195.68,11,0.455,0,1,1
1249.87,8,270.52,454.41,9.15,0.094,1,193.16,15,0.396,0,0,0
98.79,5,226.68,385.38,26.33,0.337,0,20.0,10,0.248,0,1,0
1242.87,6,356.53,3041.03,2.97,0.343,0,176.92,22,0.424,0,0,0
639.99,2,299.27,1359.31,8.69,0.173,1,134.12,15,0.405,0,0,0
353.8,7,20.0,531.56,85.34,0.365,1,163.19,12,0.598,0,0,0
524.57,4,163.57,160.98,28.76,0.253,0,116.61,17,0.433,0,0,0
2017.08,7,244.89,1769.86,187.26,0.23,1,127.75,20,0.385,0,0,1
6827.0,3,462.7,837.0,0.22,0.434,3,93.52,12,0.668,1,0,1
2472.99,7,447.68,116.74,126.65,0.145,1,214.48,6,0.466,0,0,0
985.84,5,20.0,161.8,52.84,0.251,1,260.71,17,0.035,0,0,0
2852.37,4,97.47,622.65,48.79,0.103,3,285.45,11,0.159,0,0,0
1142.43,7,267.37,560.43,91.75,0.351,1,151.67,12,0.214,1,1,1
902.71,5,325.62,421.13,49.28,0.055,4,178.65,5,0.808,0,1,0
570.0,6,170.99,445.32,1.77,0.326,0,108.86,0,0.394,0,0,0
313.62,7,312.1,151.19,117.86,0.25,3,156.74,5,0.215,0,0,0
1224.24,6,170.32,236.0,103.25,0.107,0,212.05,19,0.123,0,0,0
2117.63,8,178.92,542.94,36.69,0.207,0,207.47,21,0.296,0,0,1
1641.52,4,116.18,52.66,6.73,0.111,0,177.69,19,0.196,0,0,0
1192.77,7,85.84,347.93,86.15,0.398,1,132.22,21,0.353,0,0,0
702.23,5,189.36,188.96,37.73,0.441,0,112.31,6,0.161,0,0,0
3321.75,5,385.61,153.56,19.74,0.053,2,267.26,5,0.072,0,0,0
484.38,5,307.71,126.81,250.36,0.552,2,282.71,15,0.345,0,0,0
3928.56,4,282.47,120.83,8.99,0.171,0,192.35,12,0.517,0,0,1
663.67,2,215.85,139.9,8.99,0.326,1,93.71,10,0.124,0,0,0
851.98,5,300.72,374.89,45.78,0.27,0,159.68,5,0.472,0,0,0
417.05,7,193.15,85.58,15.53,0.039,2,165.41,19,0.298,0,0,0
1095.1,4,153.79,1818.74,26.56,0.199,1,237.56,11,0.511,0,0,0
4794.92,6,313.72,551.19,13.76,0.057,1,276.53,3,0.574,0,0,1
3027.91,4,181.87,562.2,76.31,0.455,0,52.29,8,0.22,0,0,1
4809.85,3,121.86,189.68,16.05,0.093,1,66.91,17,0.502,0,1,1
3047.7,2,301.81,1614.86,92.32,0.287,0,279.16,0,0.111,0,0,1
599.64,3,87.05,1408.82,66.58,0.262,1,327.66,1,0.182,0,0,0
1298.82,5,296.65,27.88,17.68,0.409,0,130.52,4,0.364,0,0,0
828.65,11,298.73,1054.62,80.23,0.066,1,88.18,21,0.512,0,1,1
6840.22,4,95.58,162.94,19.19,0.396,0,292.92,3,0.443,0,1,1
546.32,6,103.76,648.85,26.09,0.309,0,235.34,0,0.195,0,0,0
4419.13,8,406.6,1635.37,4.08,0.214,1,171.87,21,0.24,0,1,1
4415.84,8,324.64,2175.12,42.05,0.096,0,109.96,14,0.346,0,1,0
11266.85,4,308.3,163.12,84.72,0.613,2,279.52,19,0.427,0,0,1
1200.28,12,275.95,2245.1,48.77,0.262,0,20.0,18,0.232,0,0,0
3686.09,7,335.71,57.7,40.12,0.203,2,388.63,17,0.388,0,0,1
17705.88,1,335.71,1920.39,114.11,0.208,0,118.32,13,0.539,0,1,1
974.92,1,153.42,1183.87,29.11,0.192,1,225.23,14,0.565,0,0,0
389.54,7,227.19,1961.1,273.25,0.191,0,268.77,18,0.229,0,0,0
275.89,3,197.4,364.75,30.88,0.272,0,80.49,16,0.271,0,0,0
3687.53,4,318.81,2261.19,51.54,0.538,1,228.14,15,0.34,0,0,1
275.02,2,270.26,1365.27,2.38,0.25,0,244.36,6,0.457,0,1,0
1245.98,3,401.8,318.38,59.95,0.087,1,192.73,13,0.123,0,0,0
2799.83,8,283.45,331.12,19.24,0.127,1,35.91,5,0.264,0,0,0
2175.85,4,254.41,353.56,6.83,0.517,2,148.82,0,0.346,0,0,1
2766.79,10,347.92,710.91,8.02,0.199,1,25.22,21,0.462,0,0,0
2258.12,4,349.1,160.62,35.49,0.232,0,132.91,2,0.615,0,1,0
6495.51,3,396.71,454.62,44.53,0.127,0,192.15,9,0.401,0,0,1
697.63,3,274.56,56.05,60.75,0.368,0,184.81,17,0.102,0,1,0
918.74,3,496.56,354.93,29.54,0.055,0,225.77,0,0.413,0,1,1
834.92,5,361.0,879.05,100.03,0.631,0,95.89,19,0.42,0,1,0
4147.21,5,501.48,712.24,3.55,0.565,1,20.0,18,0.092,0,0,1
4448.84,8,260.27,304.46,6.47,0.37,1,165.09,6,0.285,0,0,1
2839.05,7,522.24,237.87,12.93,0.04,3,202.54,21,0.262,0,1,0
5904.64,5,335.81,316.92,5.36,0.419,1,223.58,18,0.453,0,0,1
556.66,1,127.01,57.67,70.51,0.089,3,327.26,12,0.099,0,0,0
9578.0,4,135.73,238.27,22.54,0.217,0,132.77,19,0.541,0,0,1
8293.59,6,214.4,984.94,46.35,0.076,1,215.78,3,0.356,0,0,1
3772.99,4,212.97,157.54,72.39,0.396,0,220.86,5,0.396,0,1,1
10740.74,4,290.83,119.01,39.62,0.195,0,266.05,14,0.213,0,0,1
344.94,3,461.02,1496.94,38.12,0.596,3,174.9,6,0.286,0,1,0
1070.15,3,288.85,215.93,29.92,0.442,2,302.15,19,0.304,0,1,1
866.7,3,129.21,231.32,59.46,0.364,0,220.16,15,0.134,0,0,0
3720.0,7,302.61,497.46,37.71,0.121,2,227.27,10,0.211,0,1,1
632.61,8,201.74,510.79,25.84,0.274,1,200.24,14,0.196,0,0,0
3856.42,6,207.97,164.83,48.09,0.243,0,147.23,12,0.613,0,0,1
7119.1,6,227.66,649.8,162.89,0.228,1,194.83,9,0.078,0,0,1
3623.53,2,205.94,951.9,82.55,0.12,1,184.37,14,0.386,0,0,0
2401.27,9,94.56,530.08,29.63,0.525,1,306.78,13,0.275,0,0,0
673.26,7,261.47,1806.36,46.78,0.37,1,254.97,11,0.301,0,0,0
775.22,5,458.9,3822.88,24.83,0.226,0,167.87,10,0.168,0,0,1
6308.28,6,346.07,601.66,36.72,0.143,2,148.69,3,0.257,0,0,1
3941.63,4,107.3,2880.56,66.15,0.072,0,65.17,23,0.4,0,0,0
1738.85,6,20.0,831.87,90.98,0.396,0,255.31,12,0.262,0,0,0
1190.45,5,289.61,601.99,3.16,0.169,0,269.53,17,0.158,0,0,0
238.46,5,319.37,1632.33,9.0,0.123,0,162.12,8,0.706,0,0,0
619.65,4,319.09,2716.85,43.42,0.099,1,20.0,11,0.282,0,1,1
12227.21,2,263.53,5000.0,60.79,0.133,0,209.94,7,0.37,0,0,1
502.47,5,125.73,1138.95,54.06,0.452,2,132.67,18,0.573,0,1,0
2185.24,6,449.5,531.34,14.35,0.195,0,192.82,9,0.275,0,0,0
4951.49,4,234.94,280.82,53.13,0.099,1,160.41,13,0.223,0,0,1
515.47,6,187.68,653.12,30.99,0.39,1,228.25,0,0.357,0,1,1
2174.84,3,309.28,1202.37,14.05,0.308,1,253.59,18,0.584,0,0,0
4618.92,8,189.44,21.75,107.99,0.081,1,182.42,23,0.05,0,0,1
1830.78,3,114.07,249.2,37.75,0.144,0,124.1,13,0.376,0,0,0
31837.59,5,191.56,350.31,99.19,0.184,0,211.12,20,0.431,1,0,1
340.84,1,279.08,1211.11,27.06,0.202,1,245.44,5,0.164,0,0,0
5212.05,9,407.08,760.61,50.11,0.599,3,311.68,13,0.173,1,1,1
1521.11,3,33.49,443.69,84.9,0.33,1,333.79,3,0.415,0,0,0
3912.45,2,300.88,2013.28,19.93,0.09,0,154.12,12,0.301,0,0,1
2811.03,10,350.91,618.01,97.45,0.334,1,103.36,6,0.226,0,0,0
868.57,4,298.84,1029.63,21.66,0.289,1,252.33,16,0.338,0,0,0
2273.32,6,326.22,852.46,11.29,0.238,0,141.92,23,0.061,0,0,0
282.05,11,419.62,1564.41,67.38,0.158,2,192.0,8,0.378,0,1,0
3305.18,6,363.07,1338.66,20.39,0.175,1,223.16,13,0.091,0,0,0
2436.11,3,202.36,3610.17,153.31,0.207,3,164.57,11,0.155,0,0,1
3424.33,4,364.79,381.39,81.6,0.586,3,271.77,20,0.727,0,1,1
5208.87,7,269.48,144.14,13.1,0.351,0,169.22,23,0.694,1,0,1
2611.34,4,344.1,1141.09,215.38,0.476,2,168.44,16,0.349,0,0,0
2096.64,7,100.08,1661.73,22.6,0.103,1,87.79,13,0.335,0,0,0
749.14,5,229.05,44.72,40.81,0.743,0,54.56,17,0.095,0,0,0
886.94,7,322.4,323.82,3.82,0.053,0,253.43,19,0.55,0,1,0
5923.81,7,234.77,1316.86,2.13,0.104,1,180.63,7,0.117,0,0,1
7603.28,1,313.91,920.18,17.52,0.131,1,212.79,3,0.41,0,0,1
1424.95,4,411.12,1126.18,0.62,0.342,1,252.94,10,0.346,0,0,1
1893.16,10,217.24,626.81,16.26,0.402,0,80.48,21,0.408,0,0,0
731.71,6,356.19,384.81,36.94,0.302,3,143.56,15,0.468,1,1,0
5841.58,10,126.61,1334.46,58.7,0.249,1,251.85,12,0.122,0,0,1
3517.19,6,341.11,646.92,14.47,0.384,1,231.81,12,0.203,1,0,1
12597.04,4,54.1,578.91,26.16,0.215,0,174.42,1,0.446,0,0,1
751.2,6,273.63,1061.95,24.14,0.097,0,157.3,5,0.499,0,0,0
1238.92,2,269.8,169.43,19.84,0.068,0,153.31,14,0.565,0,0,0
2278.89,5,456.51,705.52,24.6,0.117,0,235.13,23,0.283,0,0,0
3451.24,5,191.72,290.4,33.48,0.163,0,405.62,16,0.347,0,0,1
1457.29,3,20.0,17.35,11.06,0.113,0,112.82,0,0.293,0,0,0
755.24,6,312.99,1105.42,31.24,0.406,1,346.93,13,0.235,0,1,0
4365.15,1,128.51,515.01,15.09,0.072,0,79.19,9,0.168,0,0,1
3718.72,3,257.27,1868.48,3.28,0.414,0,61.43,6,0.356,0,0,1
723.23,4,170.8,554.78,12.01,0.21,0,92.35,11,0.334,0,0,0
7012.45,5,225.25,8.19,135.95,0.052,0,338.75,14,0.105,0,0,1
5826.66,3,20.0,420.41,35.18,0.559,2,37.42,22,0.301,0,0,1
2067.92,1,42.39,150.1,202.5,0.493,0,116.29,3,0.23,0,0,0
1957.84,4,295.83,2031.44,12.76,0.217,1,150.44,12,0.49,0,0,1
3146.54,4,232.59,472.18,17.27,0.098,1,208.49,16,0.36,0,0,0
763.79,8,112.62,571.81,51.14,0.411,0,208.56,4,0.313,0,0,0
1863.16,6,183.72,363.93,21.95,0.2,0,186.36,10,0.454,0,0,0
210.11,1,308.89,590.89,22.41,0.237,1,151.79,2,0.123,0,0,0
4343.59,6,216.67,69.14,92.87,0.295,0,75.74,4,0.231,0,0,0
379.37,4,302.16,491.07,1.48,0.358,2,137.13,23,0.594,0,0,0
8130.84,3,144.9,871.19,54.86,0.575,1,314.9,20,0.35,0,1,1
1299.69,2,315.83,372.5,106.15,0.207,0,257.11,6,0.501,0,0,0
1463.13,5,221.32,398.94,9.57,0.345,1,245.88,3,0.612,0,1,0
965.13,5,295.83,1453.27,25.83,0.443,1,25.75,16,0.117,0,1,0
1355.55,6,285.01,615.38,82.81,0.054,0,187.58,2,0.277,0,0,0
7469.11,2,201.53,708.7,38.29,0.119,0,122.53,22,0.45,0,0,1
150.23,3,207.38,281.71,22.14,0.31,1,249.19,20,0.089,0,0,0
6483.17,0,231.82,527.74,49.16,0.401,1,128.02,6,0.128,0,0,1
2535.19,6,331.95,44.38,19.63,0.207,0,113.37,20,0.327,0,0,0
540.76,7,457.33,450.11,49.22,0.404,2,117.8,1,0.577,1,1,1
616.89,3,155.32,1298.41,7.83,0.095,0,79.02,12,0.195,0,0,0
9666.22,7,366.02,140.87,12.77,0.177,3,246.68,19,0.158,0,1,1
702.39,7,218.29,1156.76,0.74,0.107,0,170.14,20,0.364,0,0,0
570.58,5,237.55,375.0,10.2,0.222,0,169.74,16,0.145,0,0,0
5638.17,5,284.13,21.95,7.0,0.494,1,106.17,22,0.118,0,0,1
2536.53,4,195.67,2449.63,45.58,0.151,1,232.91,22,0.351,0,1,0
707.74,5,206.96,160.09,144.46,0.298,1,88.93,19,0.208,0,0,0
2245.37,2,474.53,326.1,12.13,0.06,2,163.61,20,0.172,0,0,0
648.23,4,260.12,524.26,6.92,0.597,0,310.27,18,0.293,0,0,1
5436.12,6,309.49,2387.73,38.32,0.234,1,268.49,21,0.52,0,0,1
5225.84,5,468.38,696.23,9.99,0.024,0,375.17,0,0.271,0,1,1
3077.91,4,464.67,1885.98,39.0,0.611,1,205.16,17,0.682,0,1,1
2595.83,6,228.83,664.94,35.1,0.311,2,172.9,9,0.369,0,0,0
10521.63,4,156.91,183.93,0.98,0.156,0,250.12,5,0.186,0,0,1
1807.48,4,121.08,664.77,166.69,0.216,2,112.62,2,0.133,0,0,0
554.53,6,108.8,84.68,11.25,0.328,0,342.01,10,0.169,0,1,0
2834.08,4,198.7,99.6,112.61,0.364,0,309.62,18,0.179,0,0,1
14560.2,7,117.79,98.34,24.15,0.402,0,166.53,6,0.78,0,0,1
655.4,7,242.32,9.86,8.62,0.216,0,80.32,7,0.25,0,1,0
1259.58,6,164.0,131.23,5.65,0.479,0,338.47,12,0.198,0,0,0
2742.01,4,209.57,348.3,35.74,0.177,0,173.95,5,0.375,0,0,1
1713.16,5,238.03,59.88,22.46,0.242,0,64.76,12,0.152,0,0,0
677.02,5,211.64,4.95,124.75,0.417,0,226.08,20,0.152,0,0,0
5551.69,5,123.79,95.27,11.25,0.276,1,263.62,9,0.304,0,0,1
18398.8,6,292.62,2199.82,64.3,0.362,2,345.15,15,0.366,0,1,1
2199.82,6,397.68,596.63,10.28,0.208,2,262.93,2,0.248,0,1,1
732.11,8,394.81,456.78,102.67,0.487,0,281.11,14,0.363,0,1,1
384.15,4,352.88,534.23,35.71,0.318,0,180.92,9,0.096,0,0,0
2340.16,9,217.33,647.4,88.95,0.319,0,20.0,18,0.102,0,0,0
5452.76,11,174.19,91.28,28.77,0.139,0,125.4,20,0.169,0,0,1
2907.85,5,334.66,703.11,9.63,0.315,3,282.14,4,0.196,0,1,1
1803.7,5,289.25,1437.69,38.75,0.333,1,168.6,20,0.457,0,0,0
1002.98,5,334.66,657.96,15.91,0.554,2,223.3,2,0.057,0,1,1
606.58,2,471.63,1716.79,10.21,0.38,2,137.98,15,0.38,0,1,0
4166.17,4,247.34,119.01,117.06,0.296,1,20.0,8,0.497,1,0,1
4508.73,6,159.18,1398.44,40.09,0.34,1,37.91,4,0.123,0,0,1
385.4,3,186.57,869.22,80.55,0.177,2,308.16,3,0.46,0,0,0
8864.76,6,266.85,740.41,74.8,0.397,0,157.28,13,0.239,0,0,1
3210.14,6,181.4,710.89,0.05,0.347,3,85.89,18,0.443,0,0,1
7329.0,2,339.61,101.31,108.52,0.355,2,129.64,19,0.529,1,0,1
472.42,2,334.11,821.65,74.22,0.092,0,194.55,10,0.092,0,0,0
461.36,7,404.71,407.04,15.65,0.289,0,185.23,8,0.489,0,1,0
1557.8,7,405.62,52.28,13.03,0.251,1,254.89,12,0.401,0,0,1
2989.27,5,20.0,183.79,2.93,0.309,1,338.03,2,0.296,0,0,0
10898.29,4,155.81,467.55,4.85,0.353,0,229.35,16,0.083,0,0,1
3663.15,3,263.1,3966.98,10.82,0.149,0,82.48,10,0.465,0,0,1
1418.45,5,115.63,450.63,0.17,0.528,2,92.55,5,0.145,0,0,0
647.83,2,243.12,129.81,18.98,0.301,1,228.64,1,0.149,0,1,0
6185.73,5,157.15,1855.86,127.7,0.186,0,144.75,23,0.33,0,0,1
689.04,6,200.31,28.7,40.51,0.239,0,146.73,6,0.666,0,0,0
9213.9,7,450.8,108.41,43.45,0.167,0,187.58,4,0.496,0,0,1
1360.51,6,397.69,513.54,13.51,0.503,2,128.18,3,0.173,0,1,0
8871.35,4,253.57,77.9,12.75,0.155,0,158.13,14,0.574,0,1,1
3565.04,3,144.63,678.13,22.89,0.526,2,205.67,17,0.219,0,0,1
1576.57,4,291.47,137.36,15.2,0.192,1,99.22,15,0.653,0,0,0
1075.57,4,20.0,841.82,97.74,0.273,0,231.23,2,0.174,0,0,0
1285.74,12,331.37,100.15,9.77,0.812,0,210.2,9,0.094,1,0,0
2774.75,6,320.12,1329.02,56.18,0.181,1,227.58,14,0.47,0,1,1
1953.07,4,111.08,1058.9,33.63,0.304,2,295.27,14,0.272,0,0,0
998.43,4,412.84,2076.53,56.54,0.548,1,184.93,0,0.27,0,1,0
1532.06,13,180.86,56.7,90.0,0.314,2,189.92,11,0.122,0,0,0
1955.84,6,142.43,648.28,20.88,0.167,0,134.27,3,0.295,0,0,0
215.14,4,273.51,987.14,38.91,0.303,0,184.21,18,0.454,0,1,0
2858.83,5,94.21,1863.67,34.55,0.05,1,82.48,4,0.106,0,0,0
678.77,3,148.7,526.31,23.36,0.084,0,123.86,17,0.248,0,0,0
570.59,4,294.44,2417.92,83.55,0.064,0,152.37,14,0.351,0,0,0
334.51,6,198.18,104.52,0.52,0.623,0,81.17,15,0.188,0,0,0
300.7,5,421.82,454.24,18.56,0.183,2,20.0,10,0.273,0,0,0
466.17,6,65.72,233.54,89.22,0.122,1,206.29,2,0.096,0,0,0
889.78,5,263.77,135.1,102.83,0.197,1,255.66,6,0.088,0,0,0
12749.65,7,372.27,270.37,59.15,0.27,0,93.71,21,0.496,0,1,1
1068.62,5,347.48,874.23,20.83,0.551,1,190.4,21,0.773,0,0,1
2159.76,7,168.87,528.08,86.39,0.464,2,26.9,3,0.548,0,1,0
2698.58,5,471.11,160.27,4.39,0.24,3,151.69,7,0.472,0,1,0
2061.24,4,27.47,25.79,15.42,0.713,0,274.88,17,0.384,0,0,0
1673.31,7,247.01,2056.37,4.85,0.392,1,115.35,4,0.231,0,1,0
547.14,4,361.91,301.66,5.84,0.12,1,21.69,2,0.445,0,0,0
7715.04,4,397.3,109.19,44.95,0.188,1,284.91,9,0.409,0,0,1
11017.02,5,142.92,126.4,3.74,0.144,0,82.63,6,0.218,0,0,1
336.08,1,268.41,233.81,56.95,0.227,0,118.36,19,0.336,0,0,0
649.35,7,346.36,209.94,21.45,0.394,2,254.07,14,0.057,0,0,1
1366.75,1,230.25,262.3,2.87,0.337,0,209.56,7,0.532,0,0,1
689.15,5,107.46,204.44,16.82,0.309,2,109.95,10,0.383,0,0,0
2998.79,5,44.36,450.6,25.48,0.492,1,210.34,4,0.565,0,0,0
872.82,4,171.8,1160.59,22.83,0.17,0,70.09,13,0.215,0,0,0
15757.25,4,183.97,22.04,35.68,0.563,0,38.97,18,0.199,0,0,1
5946.44,5,159.21,169.03,34.94,0.223,1,238.39,12,0.333,0,1,1
2236.29,7,473.84,995.8,22.28,0.091,0,183.07,9,0.092,0,0,0
5049.21,1,316.93,128.96,114.74,0.268,2,346.01,11,0.601,0,1,1
5463.8,8,215.77,1081.76,12.42,0.31,1,244.1,20,0.54,1,1,1
1028.7,3,223.54,578.57,20.8,0.118,0,40.86,12,0.392,0,0,0
799.34,4,230.76,1707.05,40.33,0.635,0,325.82,15,0.251,0,0,0
1955.0,4,321.49,8.17,14.07,0.259,1,162.48,3,0.521,0,1,0
4279.69,6,120.67,1227.3,8.14,0.311,1,155.29,5,0.624,0,1,1
2077.79,6,135.29,679.3,0.32,0.537,0,93.0,4,0.211,0,0,0
373.53,3,246.93,506.21,145.29,0.123,0,290.25,19,0.423,0,0,0
810.11,3,20.0,126.0,76.67,0.258,0,74.78,2,0.212,0,0,0
1679.12,2,153.11,213.32,109.84,0.086,0,124.31,21,0.65,0,1,0
1676.28,3,357.7,1233.54,2.05,0.329,0,160.52,22,0.561,0,0,0
12997.89,5,344.59,129.08,3.81,0.401,0,220.55,20,0.273,0,0,1
452.15,6,56.94,599.51,40.15,0.406,0,160.75,13,0.528,0,0,0
2997.67,6,236.73,186.18,1.17,0.504,2,140.6,17,0.54,0,1,0
8015.34,6,91.26,537.53,15.83,0.361,0,307.38,1,0.578,0,1,1
17526.16,5,158.38,235.22,179.91,0.288,3,111.01,6,0.238,0,1,1
1206.65,5,174.46,346.0,22.12,0.212,0,378.04,12,0.347,0,0,0
2955.52,6,328.6,1297.39,194.12,0.362,1,112.61,20,0.264,0,0,0
3196.34,6,362.19,30.26,6.31,0.261,0,274.12,22,0.141,0,0,1
2198.39,5,188.45,2064.76,24.32,0.461,0,237.97,10,0.206,0,0,1
1637.87,6,68.45,307.8,0.29,0.473,0,310.34,1,0.333,0,0,0
2796.08,6,33.23,725.16,44.77,0.21,0,173.29,14,0.277,0,0,1
143.7,6,385.4,200.57,20.91,0.069,3,263.12,20,0.328,0,0,0
3576.25,4,215.5,355.45,35.06,0.328,1,100.91,4,0.248,0,0,1
2051.2,7,223.8,492.45,79.17,0.114,1,174.51,22,0.711,0,0,0
1447.4,6,111.26,933.72,40.06,0.221,0,173.93,18,0.649,0,0,0
14000.69,3,359.29,1651.42,54.72,0.241,0,128.28,22,0.506,0,1,1
920.64,7,322.29,1608.71,31.95,0.414,0,89.17,23,0.232,0,0,0
1208.24,4,197.34,328.8,68.9,0.218,0,188.98,6,0.292,0,0,0
13247.36,9,137.44,74.32,46.13,0.269,0,301.85,3,0.521,0,0,1
786.77,5,270.82,2072.41,100.44,0.594,0,269.24,10,0.62,0,1,0
1043.03,5,26.41,24.94,70.51,0.159,1,121.32,17,0.39,0,1,0
1560.83,9,307.64,1703.34,13.2,0.533,2,162.43,12,0.332,0,1,1
4191.17,5,212.44,20.93,37.17,0.292,2,124.08,9,0.515,0,0,1
2225.65,3,271.08,3004.72,103.95,0.185,1,168.9,3,0.483,0,0,0
496.4,5,244.72,8.97,97.91,0.25,0,120.73,18,0.332,0,0,0
1061.92,3,351.13,13.72,32.42,0.182,1,179.12,9,0.158,0,1,0
985.0,5,358.77,568.58,18.83,0.095,0,80.23,15,0.455,0,0,0
1673.68,5,374.51,879.14,11.83,0.341,0,212.57,9,0.127,0,0,0
2767.9,3,261.63,348.06,10.81,0.542,1,283.56,4,0.393,0,0,0
2746.84,7,240.16,744.91,7.76,0.403,0,215.08,15,0.168,0,0,1
306.12,3,168.55,1495.9,394.99,0.382,1,163.09,22,0.461,0,0,0
5239.29,6,179.64,1270.08,54.32,0.483,0,330.79,22,0.232,0,0,1
2327.54,8,291.87,1723.88,18.89,0.249,3,181.21,0,0.113,0,0,1
7219.44,3,251.78,138.69,17.35,0.098,0,176.26,6,0.365,0,0,1
2819.17,4,395.81,203.54,18.23,0.094,1,204.91,6,0.361,0,0,0
5438.85,6,221.72,708.83,102.97,0.481,1,136.59,22,0.25,0,1,1
2882.88,5,77.27,1028.93,35.99,0.442,4,248.92,2,0.155,0,0,0
6948.12,7,267.57,90.86,15.84,0.458,2,239.32,7,0.267,0,0,1
3048.03,10,361.16,154.51,80.08,0.214,1,75.95,23,0.569,0,1,1
1639.4,6,311.42,2050.44,69.36,0.289,1,93.59,5,0.207,0,0,1
17543.43,8,306.66,20.94,31.52,0.13,0,238.01,15,0.191,0,0,1
4398.58,3,371.13,411.05,58.36,0.143,1,90.3,5,0.135,0,0,1
3209.1,5,275.13,189.44,67.0,0.177,1,109.61,21,0.683,0,0,0
504.56,2,52.36,1190.92,2.54,0.372,1,148.44,2,0.106,0,0,0
498.54,6,351.04,1593.65,104.18,0.627,1,100.0,18,0.348,0,1,0
2422.89,6,283.59,226.94,16.91,0.419,0,219.69,9,0.444,0,0,0
2091.26,1,234.84,713.05,198.44,0.117,0,203.52,5,0.325,0,0,0
978.36,5,102.95,1482.27,119.41,0.24,2,210.45,23,0.587,0,0,0
2081.79,2,154.05,730.05,0.97,0.785,2,108.36,11,0.243,0,0,0
8854.02,4,28.52,734.44,48.5,0.367,1,280.84,23,0.48,1,0,1
3624.25,3,185.44,426.0,167.79,0.036,2,260.92,3,0.388,0,1,0
577.66,7,177.58,846.8,41.62,0.175,2,293.23,21,0.057,0,0,0
1617.26,4,234.98,2581.82,47.81,0.182,0,142.65,15,0.66,0,1,0
808.38,6,437.39,284.91,133.67,0.129,1,161.76,10,0.033,0,0,1
1226.97,9,364.74,179.11,42.52,0.071,1,125.38,1,0.121,0,0,0
1195.58,4,254.08,2538.71,14.01,0.435,0,101.17,11,0.397,0,0,0
1121.42,4,159.25,49.65,30.84,0.371,0,284.05,1,0.484,0,1,0
515.36,4,111.79,1465.61,21.54,0.328,2,234.73,14,0.177,0,0,0
1591.36,4,378.18,1924.54,9.14,0.099,0,286.86,2,0.495,0,1,0
1032.14,5,95.94,198.18,12.05,0.606,1,117.56,12,0.542,0,1,0
96.6,9,109.77,443.7,3.15,0.442,0,295.44,22,0.24,1,0,0
14086.5,3,557.77,105.02,9.24,0.183,0,215.19,16,0.526,0,1,1
5371.0,6,226.16,365.79,15.01,0.388,1,238.64,20,0.302,0,0,1
1241.03,4,498.99,488.99,71.0,0.297,0,276.9,18,0.207,0,0,0
1842.39,6,207.49,569.98,22.78,0.304,0,133.14,0,0.439,0,0,0
560.23,3,399.65,104.51,58.72,0.46,0,320.66,8,0.537,0,0,0
9854.89,8,282.1,413.5,278.07,0.444,0,70.49,18,0.419,1,0,1
12055.65,5,166.29,784.97,43.58,0.452,2,197.83,6,0.556,0,1,1
2114.75,7,142.81,554.75,47.61,0.272,0,253.4,11,0.604,0,1,1
5031.79,4,20.0,1473.19,40.17,0.095,0,37.22,23,0.744,0,0,1
2154.44,4,130.09,2413.91,25.17,0.783,1,156.09,2,0.574,0,0,1
474.98,2,332.34,1357.98,10.27,0.095,0,30.48,22,0.505,0,0,0
1197.72,7,240.81,38.83,189.73,0.6,0,343.36,8,0.671,0,1,0
2063.02,5,181.44,193.32,32.5,0.31,0,261.22,16,0.739,0,0,0
1147.63,6,235.79,73.35,137.35,0.111,1,171.34,15,0.429,0,0,0
1452.94,8,363.89,455.09,15.04,0.509,2,118.74,4,0.594,1,0,1
1650.12,7,83.67,1029.31,5.74,0.13,4,97.38,22,0.074,0,0,0
1667.57,4,291.04,26.31,50.65,0.069,0,231.58,16,0.503,0,0,0
1905.04,4,69.88,248.54,95.3,0.139,0,194.46,20,0.273,0,0,0
626.03,3,20.0,78.88,54.27,0.257,2,209.52,7,0.438,0,0,0
882.7,6,175.66,422.25,67.9,0.369,1,180.64,7,0.231,0,1,0
500.4,9,191.44,2075.76,46.88,0.702,2,117.81,10,0.2,1,1,1
4806.94,4,209.94,425.96,68.59,0.254,2,245.09,8,0.233,0,1,1
220.16,8,236.99,805.7,21.12,0.11,1,238.81,10,0.307,0,1,0
5730.68,4,312.45,391.55,24.67,0.199,3,201.07,2,0.199,0,0,1
7232.57,5,159.97,1051.79,75.76,0.175,1,101.21,18,0.133,0,0,1
1336.51,1,88.88,1087.03,80.84,0.323,0,131.94,15,0.33,0,0,0
133.87,3,378.34,118.84,4.31,0.412,0,169.45,1,0.284,0,0,0
1259.78,5,401.01,847.22,0.85,0.242,0,220.67,1,0.227,0,0,0
1695.64,1,273.46,390.67,54.91,0.175,1,165.56,19,0.133,0,0,0
658.13,6,303.92,1571.45,4.41,0.265,1,301.23,22,0.54,0,0,0
1080.07,5,368.44,137.41,9.4,0.356,1,34.56,14,0.332,0,1,0
8351.49,6,369.65,1821.79,10.98,0.234,0,218.65,0,0.569,0,1,1
3515.47,5,103.99,573.17,35.6,0.205,1,297.86,10,0.467,0,1,1
717.26,4,220.49,236.06,11.23,0.116,0,195.2,20,0.109,0,0,0
365.91,4,49.22,325.97,9.98,0.599,0,108.07,17,0.349,0,0,0
1303.73,3,281.82,4.02,0.54,0.298,1,110.42,5,0.699,1,1,0
1460.51,5,320.98,2395.14,72.74,0.219,0,203.79,17,0.113,0,0,0
2969.65,5,84.13,203.89,7.3,0.515,2,131.52,20,0.296,0,0,0
1058.58,3,328.04,1924.02,42.05,0.277,0,268.87,1,0.428,0,1,0
3015.44,5,363.17,1533.66,17.81,0.098,1,147.6,21,0.357,0,1,0
12520.89,6,428.84,343.49,10.11,0.154,0,214.26,21,0.607,0,1,1
4086.73,8,230.68,189.5,21.3,0.077,1,186.52,9,0.4,0,0,1
1723.15,7,306.89,444.95,14.88,0.526,0,265.88,11,0.076,0,0,0
1505.45,4,408.19,2169.24,28.39,0.44,1,134.12,5,0.058,0,0,1
1265.63,4,107.81,1545.48,58.59,0.505,0,231.05,17,0.009,0,0,0
5887.82,1,232.9,536.51,2.61,0.285,1,238.23,0,0.398,0,1,1
965.54,4,95.01,630.93,10.12,0.367,1,163.1,13,0.271,0,1,0
1891.68,4,255.23,420.27,4.18,0.263,0,168.76,1,0.612,0,1,0
1903.02,7,222.47,2316.8,171.81,0.043,0,106.68,1,0.21,0,0,0
1094.68,4,173.0,3601.95,42.66,0.265,1,112.43,6,0.315,0,0,0
458.3,6,323.81,273.04,85.83,0.555,2,111.34,2,0.323,0,1,0
2497.32,4,158.59,2392.13,15.51,0.264,0,223.02,10,0.285,0,1,1
1701.04,5,202.12,2403.37,112.88,0.276,0,20.0,8,0.557,0,0,0
2981.67,3,384.04,513.12,49.58,0.212,0,95.36,21,0.387,0,0,1
1060.4,3,492.19,428.78,26.04,0.097,2,67.47,18,0.63,0,1,0
6129.21,4,421.75,1627.91,45.88,0.268,1,55.47,22,0.397,0,0,1
752.37,8,281.51,2292.58,6.82,0.336,1,155.55,21,0.13,0,0,0
10017.01,6,338.09,411.84,18.78,0.181,1,227.06,20,0.136,0,0,1
314.93,5,285.28,542.14,38.74,0.258,1,230.7,7,0.67,0,1,0
2792.72,7,20.0,325.45,51.14,0.155,0,261.29,3,0.256,0,0,1
2908.61,8,55.85,187.51,12.22,0.232,1,31.92,15,0.078,0,0,0
816.02,4,215.85,4461.1,240.59,0.474,4,196.05,17,0.423,0,1,1
2763.89,7,480.53,167.42,89.51,0.338,0,162.11,11,0.296,0,0,0
6499.75,4,107.0,1346.37,43.37,0.242,0,201.98,6,0.514,0,0,1
197.0,6,337.53,436.59,181.19,0.405,3,295.8,22,0.514,1,1,1
2989.15,4,100.22,69.9,35.93,0.226,2,61.31,21,0.376,0,0,0
149.42,6,359.4,314.35,147.02,0.147,2,83.5,21,0.44,0,1,0
688.38,3,317.02,69.43,69.67,0.205,2,192.18,2,0.351,0,0,0
9220.33,2,98.42,3211.68,12.25,0.437,1,143.01,13,0.29,0,0,1
1010.52,4,263.93,246.53,26.0,0.439,2,208.74,3,0.222,0,0,0
558.98,7,328.59,1096.45,15.25,0.195,1,245.47,7,0.801,0,1,1
1483.36,6,277.61,443.57,63.97,0.366,1,213.55,6,0.522,0,0,0
14298.45,10,393.24,910.11,72.76,0.133,1,169.95,10,0.343,0,0,1
289.55,5,336.06,235.58,57.63,0.649,0,98.33,1,0.51,1,0,0
631.87,5,471.7,79.1,39.44,0.066,1,413.18,4,0.455,0,1,1
8082.3,6,440.12,1322.49,25.71,0.076,0,292.76,23,0.348,0,1,1
11587.73,6,309.89,1009.04,207.62,0.525,1,52.8,19,0.25,0,0,1
1630.38,2,348.97,92.69,1.42,0.063,1,65.33,5,0.131,0,0,0
523.71,3,224.58,1050.28,6.61,0.098,0,134.62,19,0.28,0,1,0
14703.54,5,299.99,728.33,45.66,0.146,1,145.32,4,0.029,0,0,1
8905.66,4,330.64,150.5,70.49,0.024,0,184.94,1,0.11,0,0,1
3565.1,10,184.54,1397.15,158.03,0.355,2,262.31,9,0.581,0,1,1
802.39,4,433.66,960.25,33.71,0.262,0,192.64,22,0.231,0,0,0
1721.53,6,204.24,565.5,15.45,0.176,2,150.1,14,0.24,0,0,0
1540.16,5,286.81,157.43,99.51,0.362,0,102.3,14,0.216,0,0,0
2517.07,9,228.19,621.51,29.04,0.067,0,111.44,1,0.61,0,1,0
7715.61,5,426.46,142.07,6.91,0.28,1,236.77,0,0.634,0,1,1
4356.47,10,84.7,162.63,36.92,0.417,1,112.5,3,0.123,0,0,1
615.62,8,96.52,220.96,37.28,0.181,0,129.78,11,0.39,0,0,0
7161.66,6,178.7,850.24,13.02,0.391,0,185.86,21,0.68,0,0,1
2472.86,6,204.71,910.69,7.66,0.168,0,216.45,19,0.262,0,0,1
3594.16,4,256.59,60.44,7.69,0.176,2,264.4,13,0.199,0,0,1
7836.45,5,96.64,841.91,86.68,0.296,0,220.53,0,0.207,0,0,1
594.92,2,280.21,28.17,34.76,0.05,1,106.65,11,0.171,0,0,0
1744.41,3,94.51,1882.99,66.66,0.236,0,64.36,6,0.093,0,0,0
1062.68,7,266.27,1206.46,164.14,0.156,0,76.76,14,0.377,0,0,0
376.96,4,392.89,1031.02,78.51,0.195,2,56.02,17,0.396,0,0,0
2557.31,6,352.95,218.72,8.54,0.144,1,239.88,8,0.03,0,1,0
22282.49,4,208.22,3509.34,27.23,0.169,1,97.24,19,0.222,0,1,1
287.13,4,176.99,2064.96,34.27,0.252,1,301.78,21,0.263,0,0,0
1750.61,4,558.36,538.56,60.41,0.675,0,133.71,6,0.605,0,1,0
3430.78,7,332.84,28.24,167.48,0.071,0,195.85,13,0.268,0,1,0
2044.85,5,328.45,572.95,16.78,0.215,2,129.64,6,0.156,0,0,1
1614.65,5,371.33,133.77,98.74,0.305,2,163.46,9,0.559,0,1,1
493.14,7,318.46,718.56,3.74,0.342,1,169.14,21,0.212,0,1,0
2281.95,2,317.58,3449.16,102.78,0.561,1,187.35,2,0.633,0,0,1
848.3,6,292.85,1131.5,59.31,0.437,0,125.9,21,0.291,0,0,0
202.37,6,289.08,311.19,1.45,0.157,0,23.53,7,0.429,0,0,0
5970.54,5,216.83,400.91,47.18,0.241,0,146.98,2,0.161,0,0,1
4714.44,5,241.71,2314.18,133.93,0.427,1,132.87,5,0.442,0,0,1
1903.9,4,433.85,93.38,28.33,0.156,1,288.35,12,0.427,0,1,0
2273.5,4,353.04,1767.01,6.24,0.355,0,233.91,9,0.132,0,0,0
5293.94,6,152.54,61.97,223.78,0.791,0,312.77,8,0.185,0,0,1
2262.76,5,362.62,428.44,26.95,0.305,0,139.51,23,0.476,0,0,0
4464.97,2,242.47,1094.61,37.52,0.193,1,271.64,8,0.278,0,1,1
1342.81,2,162.22,402.11,171.03,0.31,1,78.64,23,0.149,0,0,0
6714.23,3,301.26,677.26,43.95,0.257,0,292.79,17,0.403,0,0,1
2491.86,4,148.77,539.9,56.38,0.338,1,34.49,4,0.14,0,0,0
2195.25,5,142.85,742.37,61.89,0.471,0,246.44,20,0.279,0,0,0
507.72,6,405.16,149.97,70.02,0.319,1,20.0,23,0.155,0,1,0
2408.97,9,104.63,690.37,80.51,0.176,2,58.4,22,0.346,0,0,0
786.86,3,275.42,3490.68,3.89,0.27,2,175.34,23,0.48,0,1,0
955.01,5,356.99,172.43,136.16,0.384,1,164.15,0,0.153,0,0,0
800.01,3,152.83,55.44,39.41,0.31,2,224.08,5,0.202,0,0,0
622.51,4,383.51,397.79,38.16,0.168,2,277.11,3,0.076,0,0,0
15135.09,3,326.17,375.19,90.25,0.318,0,174.15,21,0.535,0,0,1
6845.45,9,664.68,107.5,18.32,0.247,1,181.46,7,0.06,0,1,1
12337.12,6,270.34,677.93,53.34,0.096,0,276.48,10,0.471,0,0,1
532.25,1,477.67,460.42,19.06,0.229,1,95.9,18,0.2,0,1,0
1941.57,5,108.37,1450.65,71.53,0.484,1,53.68,23,0.384,0,0,0
495.96,6,158.33,439.87,28.37,0.273,1,65.05,17,0.115,0,0,0
901.72,6,386.13,3395.94,10.33,0.161,4,126.91,9,0.091,0,0,0
721.89,4,186.72,1210.75,119.78,0.305,2,172.23,3,0.64,0,0,0
6245.3,4,197.26,534.69,69.98,0.221,0,109.72,0,0.09,0,0,1
1216.55,3,479.45,642.72,0.71,0.197,4,130.55,18,0.418,0,1,0
5262.59,2,335.11,1612.43,3.33,0.321,2,108.02,21,0.165,0,1,1
3308.07,3,319.0,1190.32,23.83,0.228,0,106.62,21,0.295,0,0,1
18099.48,4,288.37,857.74,75.73,0.599,1,32.86,13,0.383,1,0,1
411.81,5,300.13,248.28,16.15,0.217,0,233.25,13,0.165,0,0,0
6369.23,5,43.85,422.58,234.23,0.476,0,164.53,21,0.541,0,0,1
5689.86,2,273.57,1237.86,125.72,0.214,0,224.07,7,0.397,0,1,1
683.09,2,170.26,789.94,99.99,0.3,1,226.04,4,0.202,0,0,0
4949.95,4,375.7,2507.98,0.46,0.432,1,146.47,4,0.419,0,0,1
2530.43,5,168.65,1650.13,166.23,0.046,0,211.25,22,0.008,0,0,0
1440.18,6,186.77,445.63,44.75,0.447,2,252.15,6,0.492,0,1,0
793.19,6,89.78,278.31,44.74,0.027,0,117.01,7,0.208,0,0,0
880.85,6,329.13,105.97,5.19,0.346,0,124.89,23,0.605,0,1,0
14042.06,4,424.58,418.9,47.01,0.083,1,294.77,21,0.375,0,0,1
1809.28,9,145.48,205.65,37.61,0.311,1,142.93,13,0.444,0,1,0
3952.6,2,172.75,13.48,38.98,0.288,1,214.68,16,0.568,0,0,0
819.83,5,372.54,119.0,10.62,0.302,1,218.5,17,0.168,0,0,0
828.94,8,245.17,482.66,39.17,0.248,0,121.28,23,0.526,0,0,0
5334.68,6,278.23,1783.59,3.75,0.134,1,119.84,12,0.098,0,0,1
468.92,3,315.34,309.66,1.08,0.193,0,309.71,10,0.306,0,0,0
1193.67,5,222.99,465.46,11.99,0.356,0,68.98,0,0.113,0,0,0
1870.62,5,207.77,387.7,80.9,0.347,0,253.47,11,0.258,0,0,0
2021.05,6,140.83,368.33,46.26,0.282,0,93.33,8,0.163,0,0,1
1511.57,9,128.99,1025.95,112.36,0.386,0,156.5,16,0.115,0,0,0
2686.03,8,24.27,564.23,24.63,0.162,1,183.16,7,0.364,0,0,0
3615.03,1,269.65,420.0,21.53,0.466,1,94.04,19,0.251,0,0,1
3769.27,7,269.59,2296.3,60.21,0.175,0,125.73,21,0.433,0,1,1
674.65,4,306.02,258.69,26.13,0.162,0,114.74,23,0.045,0,0,0
1360.82,3,356.48,1431.09,24.0,0.183,0,217.59,18,0.323,0,1,0
5971.56,5,277.58,578.89,31.37,0.101,0,199.77,16,0.369,0,0,1
4423.33,5,83.32,466.27,6.09,0.34,1,184.83,18,0.467,0,1,1
458.12,4,167.72,52.03,11.33,0.555,1,125.17,20,0.048,0,0,0
2569.53,6,131.32,1564.32,46.23,0.237,1,177.9,1,0.104,0,0,0
250.08,9,134.62,252.49,46.88,0.452,1,232.23,1,0.089,0,0,0
1894.93,8,317.96,909.94,44.61,0.097,0,225.71,14,0.326,0,0,0
12061.42,3,258.2,1660.22,11.14,0.227,0,231.85,12,0.666,0,0,1
700.72,3,143.65,614.53,28.6,0.425,0,118.46,14,0.147,0,0,0
784.99,5,337.94,818.81,126.92,0.389,0,232.38,9,0.474,0,0,0
3881.71,8,225.24,332.63,98.65,0.097,0,209.37,14,0.154,0,1,0
386.53,6,161.22,1037.28,40.76,0.165,3,136.99,6,0.448,0,1,1
960.3,6,299.63,855.1,115.55,0.52,1,217.0,6,0.511,0,1,0
3282.76,7,415.0,470.72,56.2,0.809,0,148.31,10,0.211,0,1,1
958.83,4,173.94,805.41,26.57,0.149,1,106.17,8,0.446,0,0,0
1428.0,7,137.53,243.76,74.9,0.323,0,251.47,10,0.653,0,1,0
3805.44,10,303.82,857.94,17.98,0.697,2,285.65,18,0.449,1,1,1
2756.03,3,271.38,893.6,96.43,0.127,1,191.6,2,0.285,0,0,1
2360.95,7,198.51,470.87,19.99,0.493,0,84.58,2,0.596,0,1,0
1288.04,3,177.58,229.48,79.13,0.27,1,190.02,11,0.11,0,0,0
2617.73,5,267.92,1299.91,16.52,0.076,0,29.65,8,0.454,0,0,0
1597.62,1,110.53,1122.35,124.4,0.221,3,249.57,11,0.234,0,1,0
2857.79,6,200.69,47.03,10.22,0.291,1,173.68,1,0.622,0,1,1
1100.0,2,166.83,545.4,63.47,0.254,0,156.21,13,0.289,0,0,0
1506.33,3,140.04,77.31,26.27,0.557,1,285.17,0,0.313,0,0,0
671.85,2,280.05,308.02,0.93,0.426,1,51.96,11,0.304,0,1,0
1745.84,5,472.5,438.88,20.16,0.221,1,60.77,7,0.573,0,0,0
803.52,3,64.23,155.73,11.32,0.366,3,161.85,13,0.648,0,0,0
593.45,5,353.89,506.25,40.51,0.485,0,264.3,20,0.474,0,1,0
2341.77,2,261.46,979.94,15.05,0.746,0,289.99,23,0.379,0,0,1
2236.66,4,20.0,459.53,3.77,0.505,0,257.37,18,0.223,0,0,1
3955.55,6,206.38,213.4,152.98,0.109,0,126.44,10,0.081,0,0,0
1174.82,6,661.55,428.67,93.26,0.527,0,311.06,19,0.522,0,1,1
2719.09,5,20.0,717.99,2.32,0.076,1,246.43,19,0.177,0,0,1
3136.3,1,392.38,2204.02,15.83,0.121,3,76.6,1,0.278,0,0,1
2820.79,5,300.39,553.63,49.78,0.316,1,75.7,19,0.126,0,1,0
791.83,7,141.66,1750.43,19.38,0.291,1,284.44,0,0.745,0,1,0
2099.31,7,309.59,3336.43,16.55,0.487,1,81.01,7,0.241,0,0,0
2602.27,4,301.11,655.0,45.3,0.45,1,118.19,14,0.462,0,0,1
1821.07,2,242.52,127.26,10.8,0.363,0,254.2,1,0.548,0,1,0
224.42,4,212.5,1665.56,52.28,0.226,0,200.69,8,0.163,0,0,0
2122.8,4,202.93,1586.47,4.68,0.141,1,269.76,9,0.103,0,0,0
16523.37,6,285.95,1623.37,19.65,0.108,0,175.25,15,0.102,0,0,1
1261.38,4,312.41,2405.42,6.14,0.037,1,266.63,23,0.273,0,0,0
872.99,3,367.64,258.85,17.59,0.119,1,20.0,14,0.171,0,0,0
2626.35,2,230.82,324.49,57.41,0.197,2,157.15,21,0.055,0,0,0
2471.0,4,293.09,929.49,72.17,0.132,0,214.91,21,0.306,0,0,1
5959.46,8,95.21,663.91,7.83,0.316,0,261.0,11,0.231,0,0,1
513.95,7,41.9,1622.2,68.56,0.163,2,97.32,19,0.47,0,0,0
3757.02,5,198.18,234.97,4.4,0.141,1,206.47,14,0.472,0,0,1
3263.06,10,110.75,859.31,12.2,0.303,0,185.24,23,0.1,0,0,0
1568.47,8,248.92,2256.21,34.69,0.143,1,122.23,7,0.1,0,0,0
2536.87,6,299.53,194.55,177.48,0.092,1,252.84,17,0.39,0,1,1
5061.7,4,260.15,293.24,181.64,0.418,0,202.47,17,0.383,0,0,1
4325.64,8,187.95,418.61,32.54,0.201,1,183.32,16,0.524,0,0,1
576.5,2,148.2,72.9,81.73,0.398,0,89.87,18,0.107,0,0,0
4105.81,6,335.12,155.71,40.3,0.192,2,268.13,0,0.176,0,0,1
1694.79,2,379.94,385.13,69.66,0.436,0,196.73,8,0.111,0,0,0
1944.72,10,251.17,61.84,52.93,0.093,0,60.39,5,0.763,0,0,0
1945.35,6,157.76,360.34,59.73,0.364,1,329.13,1,0.444,0,1,0
1555.82,9,340.02,223.92,28.96,0.241,1,56.01,5,0.236,0,0,0
5953.34,3,100.2,1599.09,89.52,0.364,0,167.73,13,0.247,0,0,1
1662.84,8,122.32,750.2,29.5,0.231,0,82.54,22,0.154,0,0,0
590.2,5,327.27,1830.08,61.17,0.143,0,119.37,2,0.1,0,0,0
1219.83,9,57.56,181.41,102.11,0.035,1,46.65,16,0.247,0,0,0
2161.8,9,97.02,68.15,53.29,0.061,2,287.69,17,0.754,0,1,0
6180.87,5,394.85,349.62,35.64,0.119,1,239.13,12,0.385,0,0,1
3304.68,5,53.93,46.46,37.57,0.553,0,247.24,11,0.292,0,0,1
772.37,4,211.0,1719.99,61.69,0.383,0,158.5,20,0.304,0,0,0
21702.66,15,460.48,166.75,4.83,0.357,1,231.99,16,0.268,1,1,1
2356.13,5,321.46,121.66,50.61,0.456,0,120.13,2,0.137,0,0,0
6472.97,4,126.25,1240.11,23.49,0.2,3,306.36,6,0.103,0,0,1
1553.53,5,292.34,996.97,7.26,0.428,2,251.64,8,0.249,0,0,1
3082.08,6,300.77,46.91,121.82,0.059,2,292.87,4,0.483,0,1,1
4185.86,6,117.73,569.97,34.42,0.206,0,346.68,16,0.196,0,0,0
6113.13,5,313.07,476.6,30.53,0.153,1,110.38,22,0.221,0,0,1
5204.97,5,408.89,391.33,39.09,0.283,0,104.78,6,0.117,0,1,1
4325.13,5,438.88,108.38,48.72,0.295,3,100.91,0,0.2,0,0,1
1319.37,6,304.04,1238.49,10.82,0.325,2,209.94,6,0.906,1,1,0
1020.71,3,347.8,219.5,49.11,0.228,0,129.95,18,0.248,0,0,0
2521.5,6,141.75,490.34,21.73,0.56,1,114.17,4,0.664,0,0,0
4596.86,3,457.24,1703.34,62.72,0.118,2,195.72,18,0.128,0,1,1
1447.05,5,144.29,306.46,73.89,0.057,1,90.53,8,0.241,0,0,0
5245.74,2,168.92,29.11,0.38,0.382,0,275.92,16,0.63,0,0,0
7728.09,6,199.61,1759.54,63.0,0.133,0,20.0,6,0.152,0,0,1
723.2,7,187.0,544.8,21.73,0.475,0,110.09,5,0.488,0,0,0
782.96,3,110.17,549.83,18.1,0.448,1,143.22,19,0.599,0,0,0
1571.25,4,216.03,641.33,23.33,0.322,0,244.0,23,0.455,0,0,0
2459.25,7,433.33,158.7,42.86,0.167,0,148.72,1,0.1,0,1,1
1070.02,5,174.39,1003.89,6.08,0.119,0,460.35,20,0.109,0,0,0
6989.77,3,180.04,210.53,59.91,0.351,1,232.59,23,0.044,0,0,1
2762.98,5,419.21,286.65,29.45,0.382,0,146.87,3,0.258,0,0,1
1880.79,5,20.0,797.98,8.71,0.544,0,192.39,20,0.238,0,0,0
430.13,4,347.74,1108.26,35.6,0.303,0,147.1,6,0.44,0,0,0
485.02,2,223.99,1049.3,42.68,0.095,1,157.81,3,0.301,0,1,0
2394.69,7,308.73,69.45,21.25,0.184,0,233.46,1,0.452,0,0,1
214.31,6,286.49,1123.82,114.95,0.097,2,272.21,8,0.324,0,0,0
4977.27,3,416.64,869.49,59.74,0.466,1,58.74,21,0.19,0,0,1
1543.56,1,114.07,743.29,54.14,0.033,1,86.1,1,0.113,0,0,0
46309.06,4,89.28,2725.96,2.74,0.207,3,202.85,16,0.3,0,0,1
18177.07,8,293.27,340.73,34.82,0.233,0,194.3,10,0.107,0,0,1
1508.02,11,115.03,919.3,95.12,0.222,0,195.63,23,0.123,0,0,0
1625.65,3,347.52,681.22,55.18,0.367,1,243.04,8,0.47,0,0,0
4893.1,3,302.48,392.77,13.25,0.229,1,231.36,2,0.57,0,0,1
9928.58,7,290.72,1241.84,98.74,0.391,1,289.05,1,0.392,0,0,1
351.42,7,169.28,412.87,23.07,0.142,0,268.54,19,0.17,0,0,0
302.97,3,246.09,654.16,123.27,0.357,0,189.31,4,0.67,0,0,0
970.65,7,221.83,657.93,35.9,0.553,0,212.97,14,0.267,0,0,0
3238.09,2,453.91,572.85,77.23,0.314,3,201.74,2,0.431,0,1,1
2971.65,6,216.79,489.11,47.33,0.173,0,193.35,12,0.459,0,0,1
5269.93,6,170.25,146.93,17.22,0.517,1,210.04,14,0.381,1,1,1
544.74,11,372.5,220.44,53.04,0.514,1,192.93,6,0.415,0,0,0
178.37,2,136.7,105.46,0.48,0.187,2,174.18,19,0.069,0,0,0
4264.22,3,468.92,1028.41,90.15,0.283,1,240.84,13,0.151,0,0,1
789.82,6,59.03,1090.98,168.82,0.413,0,98.09,5,0.041,0,0,0
240.21,5,464.9,814.06,11.6,0.246,0,82.16,3,0.26,0,0,0
2090.3,2,251.05,1997.35,107.55,0.571,0,374.33,17,0.197,0,1,1
3996.51,4,200.83,246.27,9.19,0.374,1,205.57,5,0.184,0,0,1
1600.29,5,459.37,1376.4,33.81,0.196,1,206.94,19,0.784,0,1,0
1143.85,7,218.7,164.47,17.31,0.665,0,193.29,21,0.319,0,0,1
1541.7,1,126.01,56.19,10.65,0.119,1,249.75,4,0.27,0,0,0
1248.15,3,242.72,1.0,70.47,0.169,2,175.16,22,0.127,0,0,1
469.63,6,325.71,695.21,82.15,0.335,2,308.11,15,0.371,0,1,0
884.76,1,240.7,1206.73,91.2,0.052,0,103.56,5,0.476,0,0,0
3045.07,4,214.96,1385.22,0.43,0.329,0,37.17,12,0.369,0,0,0
2494.09,6,212.54,508.89,94.14,0.148,1,221.9,18,0.288,0,0,1
2138.93,7,319.82,48.41,2.64,0.202,0,149.0,9,0.215,0,0,0
668.38,2,110.31,29.13,29.75,0.037,0,34.03,0,0.269,0,0,0
1507.94,5,303.91,1994.53,9.64,0.192,1,101.19,22,0.314,0,1,0
204.98,1,433.01,78.04,118.6,0.231,0,219.32,11,0.256,0,1,0
2161.32,5,420.23,1228.45,42.99,0.091,1,173.75,9,0.379,1,0,1
7546.64,5,427.33,57.68,31.6,0.272,3,285.22,23,0.158,0,0,1
414.0,4,146.01,162.03,29.37,0.187,0,137.85,1,0.595,0,0,0
1006.34,3,451.1,142.22,25.91,0.187,1,113.25,1,0.138,0,0,0
2512.68,2,232.36,259.6,32.12,0.236,1,319.67,15,0.249,0,0,1
6328.65,4,299.44,416.2,41.69,0.531,1,130.49,20,0.438,0,1,1
1154.91,3,251.79,106.57,84.93,0.482,1,140.41,3,0.374,0,0,1
904.83,6,172.86,2894.25,13.57,0.077,0,146.48,18,0.404,0,0,0
252.42,6,268.98,1.6,81.58,0.465,0,56.07,12,0.34,0,0,0
2005.08,3,344.9,1183.14,88.74,0.336,0,221.02,3,0.385,0,0,0
13933.84,8,318.31,598.1,95.28,0.327,2,162.44,17,0.274,0,0,1
2385.96,6,298.04,71.57,142.0,0.017,0,168.05,16,0.484,0,0,0
1768.21,6,152.15,102.3,156.85,0.15,0,149.23,18,0.187,0,0,0
2495.1,6,231.66,713.28,5.71,0.192,2,79.64,19,0.124,0,1,0
1788.1,4,281.06,302.97,105.07,0.221,0,168.85,8,0.151,0,0,0
801.9,5,58.11,478.55,93.37,0.131,0,231.4,4,0.417,0,0,0
4118.65,4,322.37,637.37,23.69,0.224,1,267.44,14,0.134,0,0,1
2265.98,9,300.58,681.43,58.78,0.369,0,261.04,15,0.276,0,1,0
1840.17,2,422.09,698.99,130.67,0.113,2,241.05,22,0.262,0,0,1
681.73,6,197.91,58.1,4.79,0.382,0,88.46,15,0.38,0,0,0
6657.56,10,242.05,1079.13,21.89,0.237,0,193.65,18,0.127,0,1,1
3514.68,6,249.58,277.95,182.5,0.418,0,283.26,9,0.386,0,1,1
1040.11,4,332.08,97.22,39.72,0.363,0,67.62,15,0.179,0,0,1
4923.75,7,196.82,86.25,4.81,0.298,3,183.06,21,0.436,0,0,0
1099.3,5,399.61,216.41,162.26,0.311,1,140.97,4,0.465,0,1,0
827.16,5,223.13,792.55,116.52,0.218,1,276.51,2,0.673,0,1,0
845.81,4,277.6,510.81,82.11,0.332,0,63.98,18,0.364,0,0,0
307.64,4,164.28,90.6,78.89,0.33,3,35.57,21,0.148,0,0,0
2897.32,6,111.86,26.31,33.27,0.675,0,307.86,15,0.51,0,0,1
289.7,4,236.01,19.98,104.07,0.215,0,36.85,4,0.204,0,0,0
529.3,5,147.5,437.29,18.24,0.314,1,31.42,19,0.357,0,0,0
226.88,2,127.66,1241.46,22.2,0.256,1,143.18,12,0.267,0,0,0
1658.93,10,245.53,681.96,12.17,0.267,2,203.38,4,0.573,0,0,1
1555.7,7,89.42,1327.23,25.8,0.496,0,165.63,1,0.406,0,0,0
1304.15,4,211.33,307.81,13.31,0.241,2,20.0,2,0.417,0,0,0
637.42,3,253.18,120.98,20.76,0.152,1,178.14,10,0.061,0,0,0
559.9,3,378.49,1299.65,58.62,0.047,0,268.17,23,0.099,0,0,0
2876.62,7,233.53,1041.1,28.11,0.124,2,96.46,23,0.38,0,1,1
1042.57,6,296.94,711.54,72.98,0.299,0,218.24,3,0.165,0,0,0
2480.85,3,97.6,1749.69,32.6,0.195,0,258.7,12,0.743,0,0,0
746.02,9,100.13,796.87,7.5,0.542,2,148.98,3,0.376,1,0,0
2166.92,2,353.57,596.93,67.76,0.301,0,80.93,7,0.268,0,0,0
6656.03,6,165.56,558.22,3.41,0.155,1,20.0,7,0.352,1,1,1
3249.21,8,131.59,768.56,142.75,0.197,0,207.2,2,0.307,0,0,1
1197.01,4,128.65,581.57,91.94,0.468,0,199.56,2,0.525,1,0,0
2338.35,6,208.85,254.73,164.97,0.244,0,216.55,0,0.029,0,0,0
1421.31,4,326.6,2461.08,14.29,0.433,1,148.95,9,0.658,0,1,0
1822.35,4,20.0,2537.24,32.81,0.168,0,126.84,6,0.192,0,0,0
1305.56,4,565.38,146.03,10.72,0.21,2,27.95,21,0.199,0,1,0
1534.05,1,257.89,605.03,27.45,0.237,0,245.63,18,0.165,0,0,0
2235.22,3,145.68,1247.06,13.97,0.015,2,51.12,0,0.174,0,0,0
669.57,2,230.13,45.07,95.79,0.139,1,141.67,20,0.125,0,0,0
654.66,6,133.44,105.51,6.48,0.379,1,246.35,0,0.108,0,1,0
451.0,3,270.89,629.78,12.75,0.02,1,119.7,5,0.625,0,0,0
364.94,8,153.17,23.0,15.33,0.489,0,98.98,2,0.244,0,0,0
535.24,3,266.65,1431.77,67.01,0.106,1,250.05,19,0.268,0,0,0
2120.62,7,191.53,1651.9,49.76,0.392,1,183.9,20,0.432,0,0,0
740.42,5,320.56,1066.39,7.32,0.353,0,138.95,8,0.187,0,0,0
3021.82,7,456.33,1382.4,46.53,0.09,1,196.78,14,0.405,0,0,1
1871.91,4,164.6,891.09,93.68,0.49,0,171.7,3,0.122,0,0,0
252.52,1,244.07,122.4,30.09,0.13,0,20.0,6,0.419,0,0,0
3480.65,7,329.54,24.25,47.32,0.221,0,95.65,6,0.167,0,0,1
4067.56,6,396.49,1507.54,37.96,0.182,0,271.97,0,0.052,0,1,1
669.24,5,295.17,982.51,22.14,0.326,2,116.79,1,0.314,0,1,0
2752.3,3,159.94,406.61,0.13,0.437,0,130.64,17,0.156,0,0,1
767.78,5,105.47,1275.0,10.31,0.032,1,210.59,21,0.407,0,0,0
1993.55,4,282.49,43.8,147.02,0.083,1,219.6,17,0.408,0,0,0
510.56,6,330.65,307.46,21.9,0.589,0,260.62,22,0.288,0,0,0
300.93,4,312.34,334.66,17.63,0.527,1,173.15,19,0.308,0,0,0
1232.97,3,327.7,88.63,47.58,0.09,2,246.21,6,0.319,0,0,0
1597.62,6,97.07,1082.9,117.06,0.162,1,147.25,10,0.429,0,1,0
1214.78,5,181.51,1202.36,18.01,0.06,0,263.76,6,0.26,0,0,0
553.34,5,231.1,700.06,12.62,0.015,0,314.09,22,0.212,0,0,0
1212.09,8,279.48,432.83,116.12,0.428,0,52.15,23,0.317,0,0,0
2366.8,4,283.21,747.26,74.25,0.2,0,368.44,19,0.096,0,0,1
1728.67,5,290.83,1829.23,60.63,0.044,0,328.74,11,0.14,0,0,1
2170.04,4,20.0,354.22,40.73,0.423,3,262.25,18,0.273,0,1,1
925.08,3,91.35,325.47,27.72,0.137,1,176.97,13,0.609,0,1,0
5835.52,4,256.08,779.83,50.79,0.206,1,20.0,8,0.757,0,1,1
557.7,4,268.33,920.69,12.23,0.295,4,214.27,2,0.124,0,1,0
2944.11,4,231.14,489.62,85.01,0.023,0,142.29,15,0.353,0,0,0
5895.18,7,298.38,1570.4,26.93,0.252,0,326.04,18,0.387,0,1,1
2924.59,3,328.92,347.45,70.27,0.279,0,339.55,3,0.204,0,0,0
1476.57,4,116.77,819.36,83.48,0.462,0,168.34,0,0.24,0,0,0
1066.04,9,42.73,881.6,3.92,0.585,0,251.71,13,0.54,0,0,0
5095.37,4,202.38,279.44,56.27,0.264,0,20.0,13,0.249,0,0,0
435.73,2,330.08,15.23,18.03,0.493,1,70.47,20,0.341,0,0,0
685.31,5,280.64,1401.78,22.22,0.281,0,114.38,7,0.369,0,0,0
1214.93,5,216.01,526.87,66.11,0.228,0,115.31,12,0.247,0,0,0
6233.25,3,397.67,80.26,157.79,0.11,0,156.27,11,0.323,0,1,1
2643.26,11,505.19,2527.73,81.4,0.313,0,194.62,12,0.24,1,1,1
686.74,3,337.31,281.27,17.24,0.229,0,161.27,22,0.505,0,0,0
1325.7,5,439.28,514.67,61.52,0.46,1,305.0,20,0.133,0,0,0
978.16,7,69.95,529.42,19.86,0.184,0,204.21,22,0.498,0,0,0
889.1,7,265.15,370.64,28.95,0.689,2,207.05,2,0.067,0,1,0
4812.1,5,186.74,131.51,6.57,0.231,2,204.78,0,0.694,0,1,1
458.64,5,333.58,974.7,89.88,0.277,1,154.42,21,0.325,0,0,0
9034.27,5,102.2,174.01,52.05,0.066,1,211.61,22,0.338,0,0,1
4139.08,1,245.58,917.38,99.38,0.18,1,249.89,12,0.409,0,0,0
5382.25,2,174.38,1296.03,12.65,0.068,0,91.31,9,0.178,0,0,1
1138.04,7,346.78,18.72,6.92,0.125,0,38.55,19,0.625,0,0,0
1556.29,3,190.03,1052.77,84.49,0.323,1,270.44,7,0.211,0,1,0
431.32,2,63.14,812.96,105.59,0.156,0,199.35,10,0.507,0,0,0
1069.92,4,306.02,174.3,9.43,0.257,0,209.01,2,0.338,0,0,0
2962.1,4,353.29,774.47,51.35,0.219,0,80.16,12,0.201,1,0,0
6608.18,7,143.44,436.85,9.02,0.168,1,146.77,4,0.134,0,0,1
597.55,5,330.45,70.71,0.73,0.215,1,175.93,11,0.044,0,0,0
1254.5,3,262.44,593.35,39.08,0.072,0,73.92,23,0.455,0,0,0
1554.18,5,261.7,2898.04,150.11,0.361,1,190.39,0,0.276,0,0,1
447.74,5,20.0,837.14,44.64,0.142,0,224.36,6,0.046,0,0,0
3266.09,3,387.89,321.03,28.03,0.593,0,189.84,8,0.234,0,0,1
876.56,6,292.45,663.18,16.57,0.357,1,225.77,16,0.261,0,1,0
1487.14,3,283.3,1070.92,16.53,0.345,2,307.94,1,0.358,0,1,1
1150.61,5,300.14,135.91,15.26,0.114,1,297.06,6,0.41,0,1,0
821.11,11,279.36,602.03,11.73,0.303,0,99.83,14,0.347,0,1,0
1795.35,2,428.36,565.58,3.44,0.151,1,69.97,22,0.504,0,0,0
1457.37,4,382.39,378.0,70.75,0.14,1,113.45,13,0.366,0,0,0
1246.56,8,195.86,1099.7,18.94,0.195,0,182.26,8,0.308,0,0,0
872.65,7,578.68,665.95,8.48,0.479,1,120.81,20,0.599,0,1,1
2488.72,3,342.44,960.24,46.34,0.358,1,306.47,21,0.316,0,1,0
9448.56,8,484.08,725.0,136.18,0.55,1,132.65,23,0.242,0,0,1
2079.51,6,276.96,1214.73,58.32,0.207,2,138.19,20,0.297,0,0,1
4895.73,4,264.36,803.95,10.65,0.307,0,259.49,4,0.075,0,0,1
450.24,3,101.07,905.92,26.73,0.44,0,178.62,3,0.106,0,0,0
2117.01,9,37.16,204.43,87.19,0.065,1,124.33,19,0.115,0,0,0
603.43,7,252.27,1495.96,2.6,0.727,1,133.3,14,0.429,0,1,0
412.85,4,209.21,135.09,20.52,0.644,1,49.62,14,0.305,0,0,0
863.18,5,298.12,332.19,24.54,0.444,0,142.0,1,0.561,0,0,0
5954.48,5,167.88,1761.51,30.13,0.21,2,66.07,17,0.368,0,0,1
4675.15,0,336.63,91.96,40.9,0.381,1,77.02,12,0.237,0,0,1
2305.39,2,358.74,1612.0,34.03,0.118,1,226.21,19,0.072,0,0,1
390.45,5,458.48,516.04,8.88,0.497,1,239.02,15,0.442,0,1,0
1485.82,2,534.19,162.27,26.97,0.137,2,383.26,2,0.172,0,1,0
2444.75,7,340.47,1069.07,23.02,0.438,1,290.44,4,0.598,0,0,0
2154.98,5,492.38,267.13,132.48,0.161,1,264.01,5,0.552,0,0,0
286.06,7,302.77,906.34,67.9,0.395,0,142.38,13,0.369,0,1,0
742.25,7,283.48,1251.94,100.53,0.074,0,192.05,10,0.071,0,1,0
1695.82,5,131.7,673.93,61.83,0.046,1,295.81,9,0.495,0,1,0
3091.13,5,260.97,1233.42,2.93,0.702,3,168.47,2,0.264,0,1,1
201.11,4,211.72,2187.26,32.13,0.15,1,256.61,14,0.5,0,1,0
1537.44,5,136.18,639.52,75.25,0.186,1,231.61,14,0.285,0,1,0
2086.09,6,64.43,132.25,44.76,0.341,0,288.12,1,0.496,0,0,0
4228.54,7,247.5,989.2,71.05,0.439,2,259.35,20,0.493,0,1,1
3615.04,4,117.83,422.21,163.42,0.382,1,99.29,5,0.461,0,1,1
3237.55,6,232.86,606.24,14.21,0.234,1,257.87,10,0.208,0,0,1
812.45,13,346.37,788.55,204.89,0.612,0,144.97,6,0.062,0,0,0
268.27,4,143.24,1011.24,6.42,0.408,0,187.95,3,0.448,0,0,0
1220.42,3,101.88,816.86,126.31,0.519,0,138.62,22,0.418,0,0,0
4922.8,7,90.38,212.08,10.73,0.316,1,304.49,4,0.232,0,0,1
7284.14,3,169.58,1103.19,63.54,0.099,1,180.84,3,0.16,0,0,1
3679.56,6,174.82,1317.47,76.46,0.122,0,231.77,16,0.142,0,0,0
2777.6,5,90.72,30.72,83.34,0.192,2,122.88,8,0.338,0,0,1
2642.92,7,363.55,294.7,28.79,0.256,0,162.57,16,0.097,0,0,1
1036.79,4,317.89,3046.07,9.28,0.619,2,62.24,7,0.509,0,1,0
1587.54,8,66.97,156.55,79.49,0.46,0,171.77,23,0.497,0,0,0
9595.69,9,122.99,161.52,51.71,0.479,1,204.84,19,0.254,0,1,1
704.47,8,351.42,715.87,14.91,0.328,1,169.6,17,0.098,0,0,0
9088.62,6,92.89,330.19,24.93,0.339,0,104.84,3,0.369,0,0,1
1310.25,5,135.32,856.3,17.66,0.074,1,94.91,19,0.189,0,0,0
6805.13,3,224.82,243.75,123.13,0.45,1,318.86,13,0.51,0,0,1
442.83,4,158.5,444.1,81.41,0.123,0,169.63,1,0.578,0,0,0
3248.36,4,501.11,5000.0,107.08,0.43,0,97.38,11,0.281,0,0,0
865.43,6,304.32,374.01,2.65,0.432,0,133.65,3,0.207,0,0,0
439.1,5,282.78,72.08,54.09,0.176,2,146.42,11,0.355,0,0,0
2249.66,3,244.35,1085.19,15.57,0.129,1,191.63,23,0.224,0,0,1
4961.54,6,353.81,710.51,68.96,0.469,0,277.85,5,0.522,0,1,1
776.7,5,283.79,470.42,110.86,0.343,1,225.77,4,0.477,0,0,0
403.83,8,191.15,1915.07,72.61,0.488,1,118.03,14,0.548,1,0,0
1649.38,3,53.03,126.85,120.88,0.088,3,343.16,20,0.166,0,0,0
1656.67,5,173.89,538.26,25.44,0.229,1,271.91,1,0.223,0,0,0
3128.53,2,209.55,170.34,48.93,0.49,1,380.55,20,0.527,0,1,1
4673.18,4,307.2,69.75,32.2,0.115,0,134.47,16,0.513,0,0,1
1703.75,6,361.67,467.22,88.62,0.116,0,20.0,3,0.32,0,0,0
11562.28,4,249.97,2355.23,41.4,0.269,0,253.92,22,0.224,0,1,1
2262.52,6,260.15,1024.3,61.87,0.207,3,249.12,19,0.511,0,0,1
1278.67,1,106.3,213.79,49.84,0.123,0,262.8,4,0.137,0,0,0
360.84,8,147.0,496.84,99.07,0.098,1,69.36,6,0.39,0,0,0
1390.39,4,32.97,1277.42,37.57,0.081,1,61.05,8,0.335,0,1,0
1291.57,4,176.22,173.94,5.76,0.034,1,211.18,12,0.14,0,0,0
4723.5,7,289.12,182.22,148.69,0.3,0,114.91,7,0.376,0,0,0
2871.2,4,328.98,159.77,40.59,0.24,0,299.43,12,0.179,0,1,1
555.92,4,169.13,748.06,76.34,0.219,1,308.93,4,0.576,0,0,0
2147.92,5,377.92,23.5,56.82,0.319,1,75.55,15,0.304,0,0,0
3538.76,4,426.36,708.65,28.25,0.18,2,245.5,1,0.011,0,1,1
8333.44,6,354.09,1396.07,151.1,0.575,3,116.07,1,0.552,0,1,1
4391.84,6,392.89,1221.0,66.0,0.365,0,211.01,16,0.162,0,0,1
3869.37,5,139.53,879.29,13.17,0.418,1,202.86,13,0.626,0,0,1
1920.01,2,77.28,198.25,273.79,0.404,1,253.05,12,0.324,0,1,0
2665.94,6,359.91,1356.07,444.74,0.077,0,203.67,23,0.102,0,0,0
6307.56,6,415.6,2525.95,17.09,0.227,0,209.46,23,0.501,0,1,1
476.86,5,449.88,162.46,210.61,0.232,3,107.57,1,0.117,0,1,0
1274.82,2,49.5,1929.28,48.04,0.114,1,252.61,0,0.39,0,1,0
835.0,5,256.17,1533.8,10.24,0.133,1,216.87,7,0.264,0,0,0
2641.63,8,114.23,3101.33,191.4,0.12,2,160.92,22,0.589,0,0,1
6187.1,5,228.84,307.68,5.37,0.224,0,167.44,20,0.257,0,0,1
995.28,4,351.85,2175.35,50.72,0.305,0,222.81,17,0.426,0,0,0
165.62,6,294.8,158.29,90.73,0.071,1,69.66,11,0.824,0,0,0
1197.25,5,73.87,154.07,88.39,0.209,0,169.88,15,0.566,0,0,0
4507.39,4,227.71,90.52,0.31,0.251,0,211.86,9,0.569,0,0,1
3095.27,4,186.97,446.57,27.68,0.146,1,274.18,15,0.124,0,0,1
2774.39,5,360.57,9.81,4.65,0.377,1,20.0,21,0.183,0,0,1
1366.5,4,162.45,384.16,15.03,0.17,2,87.05,2,0.269,0,0,0
503.19,2,269.38,786.64,139.05,0.419,1,179.77,3,0.061,0,1,0
3026.9,4,211.54,65.19,107.89,0.425,2,239.27,15,0.692,0,1,1
785.03,5,463.14,1365.09,53.82,0.3,1,168.7,20,0.544,0,1,0
16060.16,3,333.34,277.06,114.34,0.556,2,237.99,21,0.134,0,1,1
3198.72,1,235.31,38.06,19.01,0.089,1,138.68,0,0.384,0,0,1
1011.66,7,205.81,375.51,88.05,0.496,0,271.21,17,0.585,0,1,0
981.04,5,249.22,119.21,57.75,0.181,0,133.64,6,0.192,0,0,0
1647.57,4,512.75,1268.89,66.21,0.286,2,270.04,11,0.271,0,1,0
1422.97,2,320.55,325.18,4.48,0.303,1,282.18,6,0.165,0,0,0
5523.87,8,287.57,99.56,21.46,0.312,2,214.82,9,0.727,0,1,1
2178.55,5,332.69,483.61,2.5,0.252,1,191.05,5,0.165,0,0,0
869.89,5,319.24,481.15,8.16,0.305,1,372.31,3,0.229,0,1,0
11973.37,5,329.81,257.94,15.84,0.038,0,267.07,0,0.613,0,1,1
1899.43,7,332.3,316.8,44.06,0.505,1,242.47,10,0.031,0,1,0
3900.42,5,132.4,1171.71,71.33,0.411,1,102.57,3,0.216,0,0,0
984.15,3,94.29,814.49,5.74,0.164,1,271.78,2,0.538,0,0,0
2599.61,8,333.67,193.31,2.81,0.053,1,169.3,1,0.379,0,0,1
2467.87,5,294.21,2368.05,107.55,0.131,0,348.47,6,0.329,0,0,1
273.24,4,184.71,290.76,6.99,0.486,1,154.0,23,0.488,0,1,0
13565.36,11,167.76,609.89,29.74,0.08,0,199.7,16,0.368,0,0,1
6572.47,2,311.55,677.26,5.98,0.295,1,163.76,11,0.164,0,0,1
1215.37,2,311.02,192.3,38.29,0.618,2,185.49,4,0.412,0,1,1
600.48,7,70.02,275.37,5.62,0.398,0,178.59,22,0.136,0,0,0
2559.49,2,255.44,524.21,71.83,0.254,1,37.05,18,0.592,0,0,0
1971.79,5,234.83,236.92,4.47,0.1,0,128.56,19,0.328,0,0,0
2580.32,4,218.19,291.8,28.12,0.215,0,122.4,0,0.579,0,0,0
2189.83,4,119.53,759.77,27.29,0.037,0,211.92,2,0.226,0,0,0
2999.62,5,166.99,1058.67,126.77,0.33,0,212.96,15,0.491,0,0,1
7687.15,4,212.07,1291.48,28.09,0.178,1,108.64,13,0.208,0,0,1
3191.04,5,26.94,103.83,3.68,0.372,1,242.18,1,0.533,0,0,0
632.92,2,376.63,1068.47,39.2,0.59,0,188.73,0,0.294,0,1,0
7062.56,3,241.55,2203.68,64.54,0.044,0,222.97,6,0.477,0,0,1
9326.5,4,180.66,695.4,20.58,0.054,1,214.6,21,0.412,0,0,1
42279.46,3,128.12,742.45,46.9,0.462,0,83.75,19,0.349,0,0,1
587.87,5,279.76,2486.65,6.49,0.113,0,177.1,10,0.5,0,1,0
2305.11,7,47.65,1628.69,27.7,0.187,0,239.4,11,0.468,0,0,0
225.41,3,336.87,652.56,9.07,0.397,0,200.24,3,0.08,0,0,0
3143.68,7,347.12,1161.43,15.99,0.374,0,201.45,15,0.26,0,0,0
1045.03,5,171.0,159.64,51.22,0.192,2,188.35,16,0.308,0,1,0
12375.15,3,20.0,426.34,70.04,0.117,3,120.25,0,0.21,0,0,1
833.29,5,178.07,1005.36,18.66,0.116,1,226.94,11,0.313,0,0,1
333.89,4,212.79,272.4,229.33,0.38,0,92.6,16,0.642,0,0,0
1128.6,3,234.7,483.96,16.76,0.252,1,147.43,15,0.404,0,0,0
250.76,4,464.27,151.7,8.13,0.172,0,73.49,3,0.294,0,0,0
3831.84,3,290.55,1824.68,101.04,0.042,0,214.04,17,0.34,0,0,0
229.27,8,453.92,1808.14,52.45,0.438,0,194.86,21,0.33,0,0,0
1860.23,4,345.2,520.62,56.9,0.182,1,243.75,23,0.296,0,1,1
226.37,2,297.3,170.56,79.07,0.246,0,177.21,15,0.493,0,0,0
1312.52,4,265.22,909.58,379.12,0.423,0,145.78,21,0.432,0,0,0
9352.31,6,20.0,192.17,16.71,0.125,2,196.07,1,0.149,0,1,1
2593.2,1,20.0,207.63,39.71,0.092,0,296.78,9,0.259,0,0,1
762.43,5,340.63,2861.77,60.91,0.49,2,319.84,13,0.519,0,1,0
1752.5,7,240.81,83.88,7.9,0.158,0,205.3,5,0.626,0,0,0
1840.91,3,374.26,381.45,18.32,0.378,0,342.3,15,0.219,0,1,0
2900.48,2,62.09,647.52,18.31,0.255,2,244.9,6,0.702,0,0,0
460.88,5,288.66,91.24,19.83,0.134,3,193.25,7,0.572,0,1,0
3270.07,5,305.23,31.78,63.33,0.247,0,136.28,0,0.459,0,1,1
120.98,9,173.65,625.3,44.89,0.454,3,235.72,0,0.481,1,0,0
963.06,2,122.18,97.34,62.92,0.617,2,127.04,11,0.086,0,0,0
1109.57,6,125.31,231.39,35.91,0.154,2,65.07,1,0.332,0,1,0
3406.11,5,165.25,550.17,155.57,0.351,0,154.92,12,0.159,0,0,0
1849.43,3,190.57,341.55,36.77,0.078,0,173.77,12,0.383,0,0,0
443.38,4,176.02,991.83,46.26,0.012,0,168.42,17,0.311,0,0,0
675.2,5,287.53,2625.75,17.71,0.17,0,210.78,19,0.164,0,1,1
2205.43,5,232.02,1119.32,3.03,0.089,1,249.27,2,0.471,0,0,1
1670.59,7,99.88,5000.0,84.51,0.542,0,22.01,0,0.221,1,0,0
1013.21,2,315.74,394.01,97.05,0.39,2,135.61,8,0.346,0,1,0
1117.85,6,107.67,291.35,95.14,0.22,1,108.54,23,0.362,0,0,0
3627.02,7,208.0,191.2,80.89,0.248,0,43.4,7,0.222,1,0,0
1077.4,8,126.68,1729.41,15.64,0.161,0,182.6,18,0.075,0,0,0
1655.58,2,167.13,395.35,42.76,0.184,0,171.45,3,0.766,0,0,0
15834.34,9,188.98,992.9,84.35,0.279,0,233.65,4,0.358,0,1,1
435.42,1,194.66,898.6,49.1,0.684,0,20.0,16,0.24,0,0,0
283.77,9,221.83,47.01,159.18,0.348,0,20.0,11,0.325,0,0,0
3958.38,3,244.97,1693.86,56.61,0.799,0,190.08,12,0.336,1,0,0
917.23,3,374.39,533.26,41.13,0.18,1,238.2,13,0.489,0,0,0
1315.22,5,125.8,202.42,269.04,0.263,0,200.93,16,0.181,0,0,0
827.86,6,20.0,3093.9,38.24,0.063,0,101.85,21,0.513,0,0,0
1394.37,8,119.93,1119.2,170.5,0.117,0,109.96,19,0.43,0,0,0
8942.21,6,379.53,767.22,0.61,0.243,0,138.13,18,0.192,0,1,1
4032.45,5,326.46,3563.76,39.93,0.208,0,138.7,6,0.465,0,0,1
4282.21,6,153.51,1130.4,17.05,0.142,0,252.11,13,0.217,0,0,1
438.68,4,204.84,103.31,25.18,0.522,1,98.35,10,0.456,0,1,0
571.83,3,20.0,3781.61,4.6,0.207,2,249.53,6,0.324,0,0,0
105.73,5,144.67,728.25,15.34,0.387,0,163.66,14,0.482,0,1,0
804.82,6,154.05,284.69,42.16,0.217,0,134.91,12,0.613,0,0,0
4706.52,6,339.77,1360.89,63.88,0.117,2,236.19,4,0.254,0,1,1
3031.91,7,228.21,39.28,120.58,0.116,1,70.47,13,0.238,0,0,0
1448.79,4,118.17,849.9,13.18,0.575,1,188.65,2,0.296,0,0,0
1768.17,5,79.31,138.79,79.34,0.546,1,143.44,14,0.297,0,0,0
907.88,8,349.76,73.29,1.24,0.664,0,181.29,0,0.274,0,0,0
2218.88,2,231.37,349.54,112.13,0.238,2,180.26,21,0.123,0,0,0
3888.89,10,132.04,352.5,45.16,0.31,0,154.93,21,0.246,0,0,1
359.28,6,365.91,734.09,93.46,0.051,1,165.59,7,0.092,0,0,0
2439.74,5,337.27,666.73,14.73,0.548,2,20.0,19,0.117,0,0,1
4593.67,5,187.98,931.67,23.34,0.282,0,286.16,13,0.306,0,0,1
1193.8,5,103.3,153.03,5.11,0.079,0,190.42,1,0.136,0,0,0
3643.5,1,423.05,1637.51,4.11,0.131,4,236.46,6,0.468,0,0,1
30171.54,3,322.39,1565.35,87.57,0.187,0,216.93,14,0.06,0,1,1
1628.9,8,230.93,194.96,17.62,0.23,1,221.07,12,0.218,0,0,0
2679.29,3,99.93,513.32,21.74,0.42,1,171.25,18,0.713,1,0,1
864.32,5,300.01,535.57,37.81,0.083,0,336.02,7,0.146,0,1,0
2167.33,4,123.52,2033.06,55.54,0.119,0,203.12,0,0.409,0,0,0
2864.85,2,322.02,1888.33,2.39,0.425,1,61.18,23,0.28,0,0,1
2196.99,10,308.81,55.88,42.69,0.232,0,179.4,14,0.624,0,1,0
652.17,3,163.04,2536.64,47.09,0.258,1,202.75,7,0.453,0,0,0
2222.44,7,309.28,56.82,94.98,0.17,0,171.29,19,0.265,0,0,0
7802.47,10,190.12,638.05,8.4,0.16,2,230.91,13,0.783,0,1,1
2831.71,3,368.75,298.7,29.92,0.151,1,182.95,5,0.221,0,0,1
4731.45,2,189.51,396.05,32.14,0.369,1,268.08,2,0.789,0,1,1
1426.51,3,331.53,788.33,94.05,0.245,0,222.51,5,0.296,0,0,1
3827.24,5,559.33,701.3,22.51,0.401,1,70.19,0,0.652,0,1,1
2390.52,9,151.85,146.65,4.23,0.519,0,101.38,16,0.4,0,0,1
698.61,3,83.16,2799.45,45.97,0.291,1,223.19,22,0.102,0,1,0
2486.23,5,256.25,23.29,54.23,0.762,1,131.0,14,0.088,0,0,1
670.69,4,308.51,336.52,43.66,0.761,0,254.08,20,0.443,0,0,1
960.18,5,143.62,1293.09,33.65,0.146,0,163.37,19,0.266,0,1,0
2184.91,7,235.98,1522.71,11.99,0.163,2,175.87,17,0.297,0,1,0
2433.89,7,152.56,1276.78,38.68,0.249,2,167.78,1,0.272,0,0,0
550.47,4,63.65,372.81,1.84,0.426,1,159.94,4,0.619,0,0,0
5187.39,8,278.12,895.22,41.82,0.523,0,76.06,9,0.189,0,0,1
3203.52,7,246.71,1156.16,33.58,0.513,0,85.56,7,0.235,0,0,1
893.61,6,118.89,690.11,152.48,0.459,1,226.17,18,0.096,0,1,0
388.55,9,142.7,909.1,19.28,0.329,0,82.01,0,0.331,0,0,0
1564.15,7,202.38,645.28,1.1,0.126,3,230.54,1,0.321,0,0,0
1157.54,3,232.38,45.21,71.38,0.251,0,194.16,20,0.177,0,0,0
2024.63,2,74.35,255.38,9.18,0.293,1,148.06,14,0.186,0,0,0
1257.5,5,166.04,970.28,39.31,0.114,1,123.7,22,0.423,0,0,0
242.87,11,382.58,221.17,12.09,0.446,2,250.86,10,0.422,0,1,0
1226.17,1,318.48,486.26,38.76,0.304,0,215.94,2,0.418,0,0,0
1331.93,5,205.79,611.91,43.49,0.372,1,141.95,23,0.42,0,1,0
3407.25,7,379.1,889.29,54.19,0.14,1,183.06,18,0.455,0,1,1
899.47,8,223.99,239.96,23.34,0.435,1,160.5,15,0.573,0,1,0
9688.3,3,202.8,723.52,3.15,0.11,0,165.35,5,0.082,0,0,1
267.3,9,278.06,726.08,45.43,0.092,2,392.79,13,0.297,0,0,0
6708.75,7,270.5,1491.59,99.95,0.118,0,229.48,4,0.52,0,1,1
1444.73,3,411.2,642.45,37.27,0.521,1,291.58,12,0.42,0,1,1
4270.92,10,120.38,279.73,14.4,0.465,1,162.11,19,0.223,0,0,1
1958.24,6,331.93,591.69,26.68,0.275,1,20.0,16,0.357,0,0,0
5650.82,4,216.69,90.78,38.85,0.025,1,160.01,8,0.29,0,0,1
1227.38,1,90.92,748.68,4.59,0.165,0,188.86,10,0.031,0,0,0
602.68,8,287.44,1982.8,41.98,0.368,0,154.41,3,0.351,0,0,0
7483.86,5,195.97,603.7,5.79,0.284,2,200.17,19,0.555,0,0,1
1614.08,7,403.43,276.44,9.79,0.325,1,179.67,0,0.348,0,0,0
2256.47,3,148.06,416.06,24.96,0.434,1,175.55,2,0.084,0,0,1
6215.19,5,173.09,1857.07,80.31,0.411,1,256.59,9,0.406,0,0,1
644.22,3,261.76,1341.6,86.81,0.344,1,220.84,15,0.43,0,1,0
3279.65,5,38.83,1300.35,16.61,0.08,3,135.71,8,0.373,0,0,1
1002.35,6,368.51,664.24,38.61,0.593,2,385.51,4,0.341,1,1,1
1584.19,8,383.1,403.89,4.92,0.553,1,263.95,3,0.309,0,1,0
1943.56,3,329.95,113.65,303.88,0.155,1,272.55,2,0.054,0,0,0
403.34,4,263.94,2971.0,53.06,0.394,4,165.82,13,0.137,0,0,0
829.78,6,321.93,157.89,12.69,0.184,1,261.29,15,0.355,0,0,0
6981.88,4,279.48,232.41,114.98,0.231,1,208.9,8,0.492,0,0,1
4386.08,5,351.32,1156.03,21.52,0.62,1,139.68,23,0.078,0,0,1
1698.26,11,460.82,345.55,16.1,0.047,0,163.35,17,0.153,0,0,0
2305.66,2,235.42,701.4,17.65,0.095,3,135.28,18,0.046,0,0,0
1347.16,11,216.93,1147.18,33.28,0.358,0,304.18,10,0.234,0,0,0
7020.46,7,226.61,649.76,1.7,0.12,0,185.19,9,0.464,0,1,1
1479.78,7,105.41,539.8,52.7,0.369,2,152.58,23,0.026,0,0,0
2279.8,6,260.89,41.63,147.59,0.6,1,162.6,15,0.5,0,1,0
5687.52,5,55.75,535.01,84.51,0.258,1,234.48,14,0.455,0,0,1
831.0,5,393.49,485.61,83.32,0.204,0,77.87,7,0.398,0,1,0
8593.74,4,404.0,1699.63,74.37,0.058,0,126.22,16,0.326,0,0,1
391.33,5,146.2,474.49,22.06,0.385,1,259.85,9,0.78,0,0,0
9224.72,3,120.94,795.28,10.56,0.303,0,199.9,0,0.358,0,0,1
1245.54,3,355.33,1188.83,18.87,0.271,2,163.78,15,0.154,0,0,0
1418.42,4,65.13,504.46,9.49,0.699,1,304.33,16,0.343,0,0,1
273.14,5,139.96,241.81,95.17,0.234,0,257.42,6,0.373,0,0,0
1147.34,3,121.72,1795.1,27.33,0.184,0,249.99,7,0.47,0,0,0
639.18,7,292.64,1806.99,83.56,0.152,2,96.02,20,0.401,0,1,0
984.72,3,294.37,1840.75,17.15,0.253,1,143.55,10,0.162,0,0,0
1576.07,8,273.03,254.82,7.76,0.108,0,126.3,14,0.734,0,0,0
4711.64,8,229.42,303.21,102.24,0.448,5,194.42,5,0.136,0,0,1
2225.2,6,320.47,2008.64,80.2,0.203,1,277.28,9,0.56,0,1,0
2459.41,7,246.96,107.54,40.61,0.17,0,276.15,21,0.319,0,1,0
604.55,7,423.87,853.41,6.58,0.221,0,181.59,7,0.074,0,1,0
749.38,6,360.01,276.61,20.5,0.199,0,173.87,3,0.431,0,1,0
10924.08,5,147.41,1022.11,2.96,0.312,0,248.01,8,0.315,0,0,1
866.79,8,197.35,1435.0,114.24,0.065,1,155.57,17,0.263,0,0,0
9473.07,4,215.49,419.55,13.74,0.643,1,164.2,12,0.262,0,0,1
1417.91,5,124.42,131.11,37.04,0.129,0,155.87,10,0.764,0,0,0
1812.18,4,370.95,1054.12,142.24,0.179,1,284.59,15,0.127,0,0,0
5273.05,6,334.52,45.87,48.79,0.189,1,159.2,19,0.359,0,0,1
6450.37,4,206.96,12.08,48.78,0.44,0,148.22,18,0.118,0,0,1
1618.39,1,295.54,1677.69,89.44,0.115,1,217.49,20,0.221,0,1,0
1226.3,6,187.33,1357.77,59.11,0.187,0,362.29,7,0.298,0,0,1
1709.71,7,353.23,697.73,33.25,0.243,2,179.2,3,0.33,0,1,0
2535.02,7,220.11,875.8,6.52,0.599,1,225.17,20,0.452,0,1,1
4408.56,8,20.0,2439.37,34.33,0.31,2,167.98,10,0.791,0,0,1
1815.71,6,87.47,51.86,10.04,0.046,1,105.71,22,0.52,0,0,0
3357.28,8,393.2,195.28,33.85,0.173,2,148.37,0,0.133,0,0,1
9305.49,10,220.26,1045.11,1.11,0.125,1,129.81,7,0.569,0,1,1
2647.34,1,285.76,245.26,21.73,0.199,2,274.6,19,0.639,0,0,0
2469.21,4,222.41,185.81,2.84,0.196,2,232.29,11,0.4,0,1,1
395.87,5,69.64,467.01,7.87,0.136,1,240.24,15,0.13,0,0,0
130.23,6,111.05,1029.01,59.36,0.095,1,173.38,19,0.615,0,1,0
2666.11,5,370.88,189.11,187.13,0.202,0,78.33,15,0.296,0,0,1
1644.47,8,365.54,449.06,41.59,0.535,2,186.87,8,0.225,0,1,0
1080.54,4,77.31,585.21,9.29,0.168,0,53.47,10,0.197,0,0,0
2306.6,3,385.67,151.21,23.62,0.129,1,20.0,8,0.229,0,0,0
1702.06,4,182.02,518.21,13.35,0.063,1,172.97,17,0.222,0,0,0
5584.67,6,266.83,1607.19,2.45,0.387,2,34.69,22,0.328,0,0,1
1970.63,2,242.62,1096.54,122.13,0.436,1,283.94,10,0.22,0,0,0
856.69,5,321.03,560.05,39.06,0.285,0,281.85,16,0.275,0,0,0
4866.68,6,343.79,107.08,8.06,0.499,1,183.06,6,0.262,0,0,1
1455.16,2,199.17,18.91,68.47,0.286,1,116.77,15,0.132,0,0,0
3061.12,9,376.12,55.69,9.39,0.349,3,249.56,12,0.569,0,0,1
1121.69,3,410.7,1109.73,11.57,0.316,0,405.77,12,0.408,0,0,0
944.04,4,290.51,974.92,46.01,0.148,2,147.44,11,0.289,0,0,0
1966.81,7,121.64,1096.54,27.8,0.384,1,278.9,4,0.253,0,0,0
1831.39,3,301.28,293.62,112.56,0.394,2,106.19,2,0.301,0,0,0
2921.43,2,187.65,75.38,45.4,0.31,1,252.98,16,0.097,0,0,1
1382.09,4,206.09,1002.34,10.07,0.197,1,222.53,8,0.702,0,0,0
288.2,3,137.52,2045.63,32.19,0.247,1,122.15,0,0.307,0,0,0
1172.89,4,417.64,481.46,64.87,0.179,1,235.73,17,0.294,0,1,0
3999.08,5,237.22,1156.21,45.83,0.591,0,159.02,3,0.252,0,1,1
1342.95,4,410.48,1041.78,19.37,0.332,2,243.37,20,0.54,0,1,0
1413.21,7,335.92,1537.63,24.42,0.247,0,196.34,23,0.177,0,0,0
4848.27,6,154.35,23.03,54.77,0.326,3,233.04,4,0.133,0,0,1
887.16,3,156.79,2486.31,36.59,0.249,1,159.5,8,0.712,0,0,0
386.53,10,228.87,1604.1,3.83,0.374,0,101.99,19,0.421,1,1,0
1539.74,2,244.76,1673.08,39.78,0.425,0,261.75,23,0.435,0,0,1
1114.13,5,198.68,4491.04,30.33,0.293,2,130.67,1,0.474,0,1,1
687.98,2,380.53,816.16,84.35,0.32,0,342.34,15,0.087,0,0,0
1517.2,3,260.07,68.16,5.96,0.281,1,93.71,1,0.45,0,0,0
2955.74,3,282.13,1384.36,0.05,0.064,0,261.86,19,0.463,0,1,0
1791.33,3,120.6,115.91,85.95,0.359,0,295.3,13,0.153,0,0,0
2457.7,5,34.82,1071.2,11.86,0.225,1,155.46,23,0.514,0,0,0
11085.66,4,354.02,441.35,1.6,0.498,1,186.5,12,0.424,1,1,1
1283.21,4,129.95,5.31,12.49,0.097,0,293.86,22,0.381,0,1,0
2388.33,3,216.06,457.85,108.58,0.089,1,147.6,12,0.315,0,0,0
1086.58,3,239.55,1274.32,9.39,0.469,0,98.2,11,0.14,0,0,0
775.6,3,265.1,73.17,19.28,0.403,2,262.81,1,0.369,0,0,0
1007.36,9,190.28,1.77,47.16,0.452,3,230.16,23,0.386,0,1,0
1120.18,2,150.01,482.3,9.89,0.195,3,34.7,13,0.139,0,0,0
2590.16,5,186.76,1.2,51.8,0.368,1,216.22,4,0.359,0,0,0
18940.84,4,42.83,2183.49,61.32,0.417,0,279.62,13,0.564,0,0,1
883.56,2,298.96,1393.75,13.14,0.227,1,327.98,6,0.29,0,0,1
1191.98,2,312.11,795.66,5.06,0.522,1,199.32,18,0.209,0,0,1
1697.44,7,299.04,13.98,25.71,0.044,2,205.15,16,0.313,0,0,1
2685.97,9,262.06,674.85,59.97,0.084,1,334.58,3,0.462,0,1,1
2353.25,7,378.89,889.57,83.97,0.16,0,161.45,15,0.231,0,1,1
6529.57,2,391.41,708.31,1.87,0.515,2,197.62,6,0.283,0,0,1
159.75,3,373.48,2348.33,38.46,0.342,1,83.54,2,0.404,0,0,0
166.18,4,241.8,1423.91,14.88,0.249,0,169.03,10,0.253,0,0,0
1101.16,7,233.16,363.42,26.9,0.252,1,148.67,22,0.024,0,0,0
5417.01,7,257.32,949.43,37.62,0.092,3,145.02,16,0.167,0,1,1
377.8,5,170.13,494.65,66.45,0.241,1,141.04,11,0.464,0,0,0
89.33,2,270.83,2108.75,2.03,0.072,1,118.95,21,0.272,0,1,0
3200.87,5,256.54,770.13,9.34,0.122,0,291.83,19,0.419,0,1,1
2306.89,5,355.6,697.95,47.9,0.183,0,167.28,20,0.465,0,0,0
607.77,5,414.84,555.63,29.07,0.158,1,132.27,12,0.152,0,0,0
674.83,5,281.71,379.52,11.78,0.217,1,166.06,3,0.495,0,0,0
685.57,8,330.48,128.19,3.36,0.548,1,376.55,13,0.29,0,0,0
2019.36,3,248.47,256.09,123.13,0.372,0,276.0,23,0.389,0,0,0
966.5,5,341.62,323.37,22.54,0.231,1,20.0,2,0.134,0,0,0
2963.32,2,351.61,133.81,26.43,0.382,1,177.05,21,0.19,0,0,1
104.1,6,418.56,1340.09,2.52,0.438,0,28.23,13,0.201,0,0,0
767.51,4,20.0,1.78,67.08,0.372,0,213.6,17,0.149,0,0,0
586.37,11,318.74,1979.38,242.51,0.189,2,261.33,1,0.162,0,0,0
1399.2,8,217.85,109.83,191.52,0.173,0,171.61,4,0.413,0,0,0
1055.69,4,306.46,41.85,18.64,0.294,0,323.96,16,0.548,0,1,0
4015.21,4,309.51,4269.18,162.39,0.606,1,258.51,12,0.487,1,1,1
281.65,5,154.42,5000.0,26.18,0.239,1,20.0,5,0.02,0,0,0
1892.19,5,49.19,170.31,24.49,0.351,2,240.0,5,0.064,0,0,0
3160.03,4,289.42,114.91,89.09,0.492,1,123.92,20,0.064,0,0,1
11575.52,8,202.54,176.29,78.46,0.075,1,239.49,8,0.243,0,0,1
1116.81,7,332.21,572.84,32.21,0.376,0,232.69,12,0.682,0,0,0
2501.03,7,229.65,309.92,29.66,0.287,1,76.26,12,0.477,0,0,1
297.72,2,337.96,328.02,172.81,0.174,4,71.17,13,0.097,0,1,0
165.35,6,289.85,1326.78,26.26,0.275,1,198.54,16,0.234,0,1,0
4208.13,7,79.86,1767.24,98.92,0.112,0,101.96,22,0.194,0,0,0
1798.02,3,251.1,2800.75,68.61,0.62,1,88.5,3,0.119,0,0,0
5875.3,5,249.97,578.45,5.65,0.182,0,178.47,11,0.545,0,1,1
457.88,3,210.84,226.04,8.66,0.089,1,151.43,12,0.762,0,1,0
3040.88,5,316.46,647.6,1.91,0.154,1,157.17,5,0.636,1,1,1
11717.26,5,144.48,1638.67,1.79,0.06,3,88.76,18,0.104,0,1,1
2750.96,6,434.9,25.12,46.37,0.148,2,217.78,22,0.036,0,0,1
2384.11,2,84.66,1937.48,4.01,0.802,2,165.71,19,0.218,0,0,0
1823.58,9,81.34,205.51,7.32,0.446,1,354.9,8,0.931,0,1,0
375.82,9,320.4,297.44,14.01,0.097,2,157.07,3,0.551,1,1,0
7013.37,4,508.08,362.11,40.3,0.123,1,124.25,8,0.152,0,0,1
981.56,4,175.28,1960.51,13.0,0.127,4,116.52,12,0.232,0,0,1
2994.35,2,304.92,154.86,25.2,0.359,0,194.84,19,0.354,0,0,0
378.78,3,380.14,201.86,21.8,0.234,1,319.29,10,0.681,0,1,0
555.87,10,223.07,1050.74,25.23,0.217,0,189.55,10,0.227,0,1,0
7593.8,9,187.19,2182.86,132.27,0.375,0,183.05,0,0.247,0,0,1
1277.55,8,404.53,88.51,174.83,0.177,0,203.28,9,0.285,0,0,0
7733.18,6,290.68,590.93,3.76,0.245,0,53.65,16,0.054,0,0,1
1671.99,3,316.21,1967.02,5.86,0.135,4,228.88,16,0.165,0,0,0
286.6,6,98.62,1737.87,2.81,0.067,0,107.76,5,0.014,0,0,0
4411.93,8,303.21,2372.29,24.52,0.421,2,118.85,21,0.32,0,1,1
1002.36,5,364.9,1859.09,95.23,0.299,2,273.89,4,0.061,0,0,0
3636.18,5,308.56,302.32,80.43,0.238,2,176.06,23,0.287,0,1,0
1854.2,2,313.33,186.57,21.91,0.529,0,317.47,4,0.266,0,0,1
386.4,3,444.52,1853.95,69.46,0.321,0,20.0,17,0.256,0,0,0
2130.89,8,317.66,995.71,193.12,0.201,1,164.01,12,0.239,0,0,0
16256.09,11,392.72,380.52,10.78,0.488,1,217.98,11,0.41,0,0,1
2960.12,4,345.56,998.44,166.05,0.359,0,170.61,15,0.512,0,0,1
1706.98,5,182.82,293.6,73.66,0.283,0,299.22,4,0.111,0,0,0
5299.37,4,280.87,696.57,6.09,0.312,1,99.88,17,0.288,0,0,1
2232.03,3,319.53,212.56,79.12,0.157,0,220.24,21,0.502,0,1,1
2229.5,3,20.0,659.96,5.39,0.236,1,281.71,6,0.497,0,0,0
606.91,5,272.63,2052.84,1.51,0.072,0,121.63,18,0.251,0,0,0
2284.38,4,395.16,1180.76,72.32,0.137,1,20.0,14,0.383,0,0,0
5092.09,5,139.49,853.84,112.68,0.064,1,166.14,5,0.576,0,1,1
783.63,5,118.41,225.9,25.57,0.141,1,182.05,12,0.322,0,0,0
7513.79,2,291.08,52.37,1.22,0.046,3,332.05,4,0.161,0,0,1
1649.61,1,112.4,991.87,45.51,0.261,1,294.16,23,0.194,0,1,0
744.14,1,386.03,686.6,13.28,0.196,0,228.19,6,0.257,0,0,0
4903.14,1,188.18,191.22,39.24,0.622,0,156.95,12,0.222,0,0,1
1357.24,4,331.36,2183.75,19.13,0.28,1,58.33,3,0.506,1,0,0
3864.22,7,140.54,642.4,48.69,0.343,0,194.51,22,0.12,0,1,1
1350.52,2,492.3,678.64,15.08,0.131,0,206.92,5,0.497,0,0,1
1703.05,2,514.99,283.92,8.03,0.163,1,239.66,4,0.633,0,1,1
2961.82,7,385.29,1692.12,69.8,0.642,1,283.23,9,0.782,0,1,0
2418.49,1,168.06,1776.0,38.7,0.309,0,192.98,21,0.352,0,0,0
245.79,6,241.63,1004.63,19.09,0.123,1,341.63,8,0.237,0,0,0
589.19,7,20.0,83.64,49.43,0.299,0,219.78,16,0.19,0,0,0
4579.8,3,406.74,70.53,16.93,0.126,0,198.96,16,0.095,0,0,1
1584.25,5,264.12,506.97,22.73,0.363,0,52.73,20,0.522,0,0,0
1070.91,7,239.31,122.62,23.57,0.259,0,183.76,11,0.539,0,0,0
464.72,6,141.76,322.68,12.84,0.26,0,243.08,1,0.23,0,0,0
614.17,11,368.33,150.36,29.07,0.385,0,275.04,16,0.362,0,0,0
239.42,4,314.67,296.98,84.44,0.407,1,303.48,23,0.541,0,1,0
1633.89,9,255.44,2290.54,176.97,0.112,1,158.56,7,0.159,0,1,0
993.83,9,301.62,1119.87,12.39,0.031,0,168.72,5,0.256,0,0,0
687.74,7,481.78,119.08,139.71,0.113,0,264.26,20,0.163,0,0,0
1688.97,5,140.81,884.31,16.28,0.482,0,136.39,4,0.244,0,0,0
2601.83,3,99.05,24.79,31.74,0.426,1,181.84,13,0.233,0,0,0
14664.69,4,156.29,3289.6,5.3,0.17,3,233.98,10,0.605,0,1,1
398.66,6,394.23,606.91,46.83,0.403,0,102.75,4,0.427,0,1,0
5763.97,4,283.6,563.23,35.75,0.183,0,41.59,6,0.423,0,0,1
4784.33,4,157.52,219.9,56.8,0.08,1,94.96,13,0.544,0,0,1
829.57,7,313.22,489.75,45.87,0.163,0,194.28,6,0.363,0,0,0
2215.51,2,190.41,597.64,199.28,0.066,3,153.25,4,0.522,0,0,1
1144.09,2,270.93,858.82,73.52,0.661,0,151.67,21,0.32,0,0,0
2176.97,5,306.9,37.6,168.32,0.477,0,93.84,18,0.39,0,0,0
8177.41,5,176.98,335.05,37.28,0.391,2,225.64,2,0.415,0,1,1
3312.99,3,32.09,391.51,16.52,0.129,0,75.18,16,0.243,0,0,1
3006.73,4,278.99,129.22,37.96,0.148,0,63.38,1,0.335,0,0,0
1175.78,6,226.74,219.32,31.44,0.163,3,188.16,15,0.1,0,1,0
409.91,4,175.64,216.05,27.86,0.531,0,178.4,9,0.514,0,0,0
1467.82,1,279.63,1330.17,25.63,0.247,0,93.95,0,0.501,0,0,0
6042.71,2,324.73,929.81,83.39,0.197,0,88.67,21,0.226,0,0,1
392.62,3,20.0,2048.55,67.57,0.46,0,182.85,21,0.27,0,0,0
629.49,9,262.85,296.73,51.62,0.402,2,199.17,9,0.287,0,0,0
2051.38,3,235.89,1707.37,51.79,0.126,0,177.83,13,0.502,0,0,0
675.43,5,205.1,1594.92,23.41,0.135,0,296.59,19,0.29,0,0,0
818.5,3,328.2,475.31,28.84,0.282,1,100.99,7,0.195,0,1,0
1183.7,2,25.82,794.81,8.28,0.153,0,78.28,18,0.361,0,0,0
461.45,5,20.0,728.95,43.25,0.093,0,123.6,16,0.711,0,0,0
682.58,6,56.36,294.34,7.55,0.132,1,306.18,1,0.428,0,1,0
3653.45,4,335.11,243.13,123.44,0.239,1,302.13,14,0.575,0,0,1
489.13,9,192.52,148.06,26.86,0.132,0,123.85,9,0.375,0,0,0
365.82,10,220.47,1454.48,2.18,0.059,0,52.19,2,0.252,0,0,0
962.92,5,454.51,610.05,0.09,0.23,0,236.31,22,0.424,0,0,0
3759.18,5,301.99,330.43,56.4,0.16,1,153.73,20,0.461,0,1,1
1484.86,3,372.27,570.67,47.28,0.119,0,265.03,12,0.493,0,0,0
1136.17,6,241.96,67.22,73.54,0.169,0,205.0,13,0.323,0,0,0
1890.05,6,20.0,89.62,69.19,0.338,2,152.23,18,0.579,0,0,0
315.54,3,223.0,1139.54,0.15,0.242,2,178.41,8,0.487,0,1,0
2965.22,5,150.38,1852.08,9.14,0.392,0,227.56,23,0.419,0,1,1
2652.97,7,153.29,308.85,19.72,0.245,0,125.94,19,0.391,0,0,0
1200.74,6,296.96,420.99,3.18,0.621,0,204.6,12,0.235,0,0,0
4943.97,7,20.0,374.37,9.81,0.549,0,158.2,18,0.485,1,0,1
585.52,3,166.28,521.67,43.55,0.29,0,105.55,14,0.469,0,0,0
5585.39,7,197.08,427.52,30.54,0.205,0,131.33,8,0.203,0,0,1
2110.11,5,327.42,390.52,98.5,0.368,2,208.86,8,0.468,1,1,1
1291.36,8,499.67,862.92,12.67,0.244,0,108.58,0,0.454,0,0,1
1772.46,8,20.0,254.09,38.32,0.264,1,196.47,15,0.294,0,0,0
1624.14,7,261.82,2286.64,98.91,0.13,1,263.03,10,0.416,0,1,0
6125.91,6,208.72,295.09,3.12,0.176,1,20.0,20,0.248,0,0,1
616.05,6,279.73,193.23,102.04,0.381,0,67.98,23,0.511,0,0,0
843.43,6,563.58,2857.77,21.08,0.328,2,241.0,5,0.468,0,1,1
5096.47,12,81.42,207.85,98.13,0.399,0,169.35,16,0.224,0,0,1
996.72,5,177.83,615.46,57.25,0.122,0,202.08,20,0.219,0,0,0
4449.44,7,403.02,319.09,55.86,0.06,0,189.2,6,0.505,0,1,1
9891.55,4,303.19,64.51,2.46,0.279,2,211.96,1,0.389,0,1,1
1209.79,6,345.52,2444.6,141.67,0.066,2,239.43,20,0.156,0,0,0
3573.72,6,198.27,375.06,28.2,0.14,0,246.7,14,0.527,0,0,0
570.38,6,366.4,828.1,5.74,0.289,2,161.72,4,0.322,0,0,0
3845.79,2,357.54,1585.87,72.8,0.451,1,240.78,14,0.301,0,0,1
2207.08,4,292.54,644.13,100.8,0.328,1,200.55,23,0.308,0,0,1
2901.66,4,487.39,998.21,132.6,0.257,1,121.28,19,0.396,0,0,1
948.07,2,282.62,1228.23,35.3,0.123,1,167.59,16,0.14,0,0,0
343.41,6,301.03,384.42,25.86,0.248,1,259.44,19,0.253,0,0,0
2990.67,6,197.06,792.76,43.79,0.094,1,119.72,12,0.345,0,0,0
229.66,2,302.79,184.5,17.61,0.22,1,306.29,6,0.054,0,0,0
1316.39,5,284.95,45.54,24.95,0.307,0,191.42,7,0.221,0,0,1
4634.03,4,330.44,3457.54,38.72,0.414,2,264.97,6,0.274,0,1,1
2190.53,4,294.85,77.74,86.98,0.477,1,203.94,13,0.156,0,0,1
12687.12,5,296.57,447.9,96.02,0.319,2,133.8,15,0.452,0,0,1
5039.74,8,199.85,55.83,7.03,0.305,1,105.09,23,0.539,0,0,1
940.21,5,331.51,2048.04,7.19,0.011,1,139.98,21,0.304,0,0,0
1858.11,5,272.02,92.5,10.18,0.177,1,278.8,2,0.108,0,0,1
1724.39,6,211.01,1235.32,45.36,0.299,2,284.73,4,0.323,0,1,0
371.6,4,155.98,1006.32,11.33,0.294,3,69.5,14,0.055,0,0,0
705.99,8,350.46,36.87,47.41,0.305,1,64.17,14,0.479,0,0,0
1031.98,4,349.82,1022.01,64.62,0.432,0,205.81,10,0.271,0,0,0
235.99,3,236.13,2787.06,97.78,0.24,0,168.53,5,0.29,0,0,0
1895.98,9,96.69,588.86,100.99,0.209,0,47.5,0,0.108,0,0,0
1409.41,6,429.16,273.43,12.08,0.074,1,363.07,13,0.403,0,0,0
339.38,1,408.97,629.92,18.71,0.203,1,213.15,3,0.278,0,0,0
2708.67,6,536.94,103.18,10.02,0.257,0,249.26,10,0.331,0,1,1
3699.2,6,24.83,2498.17,57.05,0.174,2,240.68,12,0.455,0,0,1
2268.86,2,216.85,363.72,58.05,0.215,0,159.56,2,0.276,0,0,0
1307.58,6,161.62,488.52,0.2,0.462,3,220.71,20,0.265,0,0,0
3266.39,6,35.73,410.52,9.01,0.41,0,253.22,12,0.513,1,1,0
3569.64,3,256.95,22.6,20.39,0.029,2,190.06,10,0.564,0,0,1
2458.74,5,279.94,27.97,11.61,0.31,1,304.04,5,0.28,0,1,0
792.65,3,241.09,661.11,40.08,0.38,1,249.95,10,0.228,0,0,0
2384.16,9,55.84,558.25,2.06,0.242,1,58.1,6,0.277,0,0,0
5975.84,6,323.75,3443.79,87.5,0.404,1,241.67,23,0.42,0,1,1
995.63,5,107.34,244.39,31.38,0.402,0,97.27,3,0.221,0,0,0
14734.39,9,375.41,367.7,45.05,0.124,1,73.8,14,0.197,0,1,1
1068.88,6,369.07,3529.15,43.35,0.424,1,219.28,22,0.403,0,1,0
1867.6,5,297.04,39.25,29.96,0.186,3,165.36,1,0.445,0,1,1
922.89,5,201.16,823.2,41.9,0.155,3,189.89,7,0.172,0,1,0
2260.34,4,267.21,85.75,3.96,0.341,1,20.0,9,0.418,0,0,0
316.64,3,176.31,2340.95,24.27,0.373,2,230.84,23,0.253,0,1,0
1047.29,5,325.75,271.84,61.87,0.2,1,300.62,0,0.623,0,0,0
606.61,3,419.53,1346.03,22.8,0.279,1,233.71,5,0.639,0,0,0
2070.07,7,405.74,1937.6,14.65,0.502,3,153.02,15,0.4,1,1,1
4887.55,5,253.25,1501.94,41.63,0.103,1,132.81,11,0.353,0,0,0
3449.57,4,419.38,651.17,32.37,0.236,0,209.91,15,0.292,0,0,1
168.74,8,290.6,2901.97,38.12,0.261,0,210.27,6,0.448,0,0,0
13933.76,3,20.0,903.11,158.97,0.329,0,213.45,10,0.133,0,0,1
2429.11,4,406.07,1233.97,8.13,0.298,0,208.95,20,0.419,0,0,0
831.72,3,272.21,223.9,47.92,0.671,0,292.95,1,0.435,1,1,0
2115.67,7,305.97,433.54,1.55,0.238,0,102.86,20,0.584,0,1,0
2156.39,3,202.41,729.41,52.09,0.37,1,20.0,11,0.453,1,0,0
928.11,9,410.87,126.08,10.99,0.49,3,56.97,10,0.133,0,1,0
2203.75,3,161.41,2698.75,82.23,0.606,0,279.41,5,0.316,0,0,0
984.89,3,399.98,92.96,15.71,0.345,0,280.75,4,0.321,0,0,0
1206.69,3,132.04,1055.99,25.63,0.601,0,271.54,11,0.507,0,1,0
910.25,3,282.17,47.82,36.26,0.315,0,380.12,2,0.097,0,0,0
431.53,6,415.77,86.64,47.08,0.337,5,228.64,4,0.367,0,1,0
2091.92,8,428.37,781.12,17.77,0.217,0,273.54,5,0.689,0,1,1
3246.39,0,352.63,481.89,8.52,0.441,0,181.9,5,0.276,0,1,1
3025.66,3,384.1,2.92,50.42,0.111,1,217.98,0,0.687,0,1,1
4104.85,7,361.11,400.26,29.16,0.397,1,349.2,13,0.378,0,0,1
2500.74,3,200.16,230.24,2.97,0.462,0,63.36,11,0.334,0,0,0
1061.33,7,312.35,1641.99,38.49,0.572,1,221.9,1,0.329,0,0,0
4186.68,2,284.29,985.04,31.48,0.085,1,175.54,5,0.369,0,0,1
465.21,6,381.35,1070.0,35.91,0.117,4,201.73,4,0.441,0,0,0
734.6,4,389.43,2411.92,5.66,0.317,0,213.19,12,0.411,0,1,0
689.39,5,256.83,989.91,32.03,0.157,1,34.48,22,0.157,0,0,0
5324.4,3,238.78,140.03,68.37,0.416,1,184.55,22,0.077,0,1,1
4641.48,6,376.13,2215.67,7.12,0.061,1,97.1,10,0.239,0,1,1
2943.35,6,228.22,96.03,48.85,0.294,0,157.15,4,0.568,0,0,0
5281.31,7,387.16,171.16,9.79,0.22,2,213.35,10,0.579,0,1,1
750.48,3,267.22,268.54,18.49,0.232,2,197.22,11,0.076,0,0,1
2562.13,2,184.59,154.0,22.52,0.07,2,203.64,6,0.269,0,0,1
1595.31,8,204.31,14.79,72.07,0.331,2,179.43,14,0.103,0,1,1
4217.01,2,20.0,491.7,12.81,0.225,1,20.0,20,0.16,0,0,1
1611.27,8,242.67,931.72,15.3,0.131,1,209.05,10,0.156,0,0,1
1230.35,4,326.71,437.48,102.05,0.174,1,137.8,9,0.313,0,0,0
3105.43,7,556.28,214.07,68.02,0.096,1,179.45,5,0.262,0,1,1
4342.34,4,175.95,1715.81,35.29,0.065,0,98.78,7,0.299,0,0,0
926.72,7,209.02,393.21,18.99,0.611,0,174.75,22,0.419,0,0,0
1700.92,3,169.86,1460.5,78.44,0.254,3,157.89,22,0.486,0,1,0
627.38,5,157.96,157.3,41.34,0.546,0,119.93,19,0.453,0,0,0
148.7,6,319.77,324.43,20.05,0.205,1,161.05,7,0.413,0,0,0
2209.36,8,203.12,1301.71,18.91,0.352,1,113.19,8,0.149,1,0,1
3323.94,7,163.22,24.74,30.56,0.156,2,76.77,14,0.367,0,1,1
2349.76,5,298.43,2025.5,148.47,0.04,0,235.67,14,0.379,0,0,0
257.35,9,316.12,404.08,51.54,0.093,0,257.73,15,0.32,0,1,0
1273.02,6,166.12,3052.71,56.87,0.734,0,305.58,8,0.539,0,0,0
196.69,9,380.77,966.81,24.46,0.181,1,84.47,10,0.369,0,0,0
7113.15,6,450.12,2386.93,187.68,0.368,1,209.2,11,0.042,0,0,1
610.3,9,335.27,54.8,26.13,0.611,0,223.25,4,0.254,0,0,0
6344.88,5,314.91,1024.15,0.6,0.231,1,232.07,5,0.178,0,0,1
4655.8,8,20.0,1666.52,80.77,0.31,0,180.67,9,0.519,0,1,0
734.66,4,148.25,3509.77,35.96,0.333,2,331.36,21,0.058,0,0,0
582.43,5,84.29,27.18,8.14,0.371,0,142.23,2,0.692,1,0,0
2566.68,0,361.59,69.44,1.16,0.367,1,52.24,19,0.395,0,0,1
777.18,2,367.52,1052.47,242.41,0.098,1,294.49,14,0.478,0,1,0
2003.17,2,303.27,31.76,52.11,0.208,0,247.31,12,0.54,0,0,0
1115.63,2,219.81,9.15,31.35,0.045,2,278.6,4,0.07,0,1,0
304.55,2,218.18,630.09,20.32,0.323,0,68.27,16,0.201,0,0,0
194.32,2,712.8,603.11,3.75,0.228,0,58.67,5,0.24,0,1,0
2268.07,2,345.89,760.5,51.83,0.329,1,186.4,3,0.161,0,0,0
1031.16,11,238.79,11.35,23.02,0.333,2,97.54,7,0.752,1,0,0
1039.93,6,308.78,559.81,228.72,0.065,0,185.14,1,0.284,0,0,0
3625.92,3,96.33,270.26,5.74,0.327,0,71.91,2,0.229,0,0,0
5845.59,3,318.69,1128.67,14.13,0.397,1,37.14,5,0.115,0,0,1
1376.71,5,219.86,342.42,25.83,0.164,0,128.28,14,0.468,0,0,0
1286.14,5,310.63,352.79,79.83,0.255,0,130.53,22,0.388,0,1,0
2981.38,2,136.22,849.59,75.03,0.196,2,158.34,20,0.255,0,0,1
465.48,5,468.71,864.62,14.0,0.236,0,163.45,17,0.216,0,1,0
2260.07,7,143.86,48.06,22.41,0.595,0,248.19,23,0.08,0,0,0
3139.71,6,208.95,786.81,3.05,0.206,1,226.13,0,0.21,0,0,0
3569.68,3,117.82,858.01,23.77,0.052,2,164.79,9,0.425,0,0,0
260.67,6,162.84,489.29,9.22,0.049,1,220.7,22,0.69,0,1,0
844.42,1,233.42,1407.58,126.01,0.614,0,232.97,23,0.281,0,1,0
751.25,11,255.94,7.31,82.51,0.22,1,157.39,15,0.68,0,1,0
1997.97,4,221.04,2763.04,9.02,0.556,0,172.23,8,0.815,0,0,1
2924.11,5,311.03,377.32,33.74,0.596,1,195.6,16,0.108,0,0,1
8076.47,4,532.4,724.48,158.89,0.445,0,169.75,8,0.781,0,0,1
1102.17,1,226.65,27.94,26.43,0.286,1,157.63,13,0.205,0,0,0
1099.3,5,189.91,987.27,29.72,0.19,0,186.79,15,0.024,0,0,0
5708.27,6,415.27,627.69,20.89,0.068,1,206.3,16,0.171,0,1,1
2432.26,7,136.28,2582.44,33.89,0.062,2,99.53,14,0.11,0,0,0
6423.07,6,447.98,439.28,45.39,0.09,0,237.51,12,0.282,0,0,1
2413.25,8,29.83,1023.74,4.71,0.313,0,162.78,7,0.508,0,0,0
568.43,4,370.17,61.7,4.85,0.565,0,131.87,2,0.269,0,0,0
476.69,11,136.38,53.37,73.27,0.234,1,135.83,15,0.423,0,0,0
383.17,7,132.59,2380.86,203.01,0.161,0,263.02,13,0.375,0,1,1
3505.37,8,297.31,233.68,33.79,0.193,0,153.16,21,0.17,0,1,0
5934.85,6,359.69,1947.93,98.8,0.571,1,95.84,15,0.569,0,1,1
11491.49,7,333.25,73.36,101.62,0.039,0,117.95,17,0.696,0,0,1
4201.12,2,167.56,812.31,23.07,0.583,1,203.47,5,0.291,0,0,1
5783.93,6,353.77,641.63,19.94,0.462,1,177.03,4,0.344,0,1,1
1012.3,3,149.99,2709.33,65.39,0.194,1,254.81,21,0.243,0,0,0
568.83,6,219.64,414.03,120.69,0.233,0,46.15,19,0.788,0,0,0
4230.52,6,180.77,39.69,96.07,0.272,0,259.45,2,0.13,0,0,1
2745.4,3,232.0,514.08,19.23,0.426,0,173.78,22,0.221,0,0,0
2013.13,9,185.02,1390.66,21.93,0.284,0,154.88,5,0.343,0,0,0
2663.43,3,271.53,43.11,66.64,0.145,2,175.81,4,0.44,0,0,0
2497.85,6,87.64,29.49,19.09,0.184,2,304.73,2,0.015,0,1,0
6527.75,5,320.73,1379.66,95.52,0.119,1,298.85,14,0.147,0,0,1
6601.06,2,189.66,1389.7,35.59,0.302,1,277.12,7,0.099,0,0,1
3115.73,6,123.46,178.49,17.31,0.307,0,211.02,5,0.392,0,0,0
4212.46,6,373.87,857.13,16.87,0.199,2,340.88,10,0.752,0,1,1
3023.17,4,473.29,53.14,76.61,0.369,0,110.04,19,0.23,0,0,1
1140.05,8,316.74,1160.62,6.66,0.099,1,93.17,15,0.464,0,1,0
3852.84,2,278.75,291.3,134.36,0.242,1,325.18,2,0.338,0,1,1
448.32,6,203.34,209.62,26.67,0.203,2,92.32,15,0.276,0,0,0
5186.9,7,90.23,905.68,92.87,0.217,0,235.64,3,0.114,0,0,1
547.56,4,319.21,1940.33,78.58,0.626,1,317.09,13,0.558,0,0,0
2406.2,4,62.3,33.91,75.54,0.183,1,202.55,1,0.5,0,0,0
776.54,7,305.61,124.14,56.11,0.417,1,280.91,19,0.287,0,1,0
3144.43,5,42.4,236.28,34.6,0.263,1,89.91,18,0.387,0,0,0
1747.73,1,274.34,2102.62,24.71,0.157,0,303.71,1,0.52,0,1,0
366.96,3,404.4,1677.49,43.47,0.315,1,236.59,12,0.101,0,0,0
2753.7,5,293.75,1901.61,37.43,0.199,0,151.16,21,0.101,0,0,0
1014.43,3,382.86,380.33,21.62,0.395,1,26.19,7,0.074,0,0,0
4364.01,4,426.65,210.79,33.98,0.417,0,256.19,4,0.526,0,0,1
1810.44,5,254.75,170.22,22.71,0.416,0,123.99,13,0.466,0,0,0
2684.96,4,472.49,1709.34,53.64,0.252,2,198.29,23,0.324,0,0,1
693.97,1,216.19,210.36,90.1,0.402,2,167.21,5,0.089,0,1,0
1002.92,9,132.4,605.45,77.3,0.151,3,214.56,15,0.458,0,1,0
1142.94,3,131.36,322.46,20.83,0.161,0,231.01,8,0.131,0,0,0
4258.63,10,364.41,552.82,35.61,0.127,1,183.23,9,0.432,0,1,1
9675.74,2,220.69,339.43,0.54,0.261,1,217.57,20,0.127,0,0,1
808.22,2,197.85,277.32,102.12,0.149,1,272.14,15,0.139,0,0,0
5307.35,4,338.84,445.95,14.08,0.024,0,94.6,18,0.583,0,0,1
206.5,7,62.79,323.88,29.09,0.426,0,181.1,17,0.333,0,0,0
547.75,5,564.99,1464.52,8.28,0.239,0,204.11,18,0.183,0,1,0
693.13,2,109.81,695.25,56.68,0.464,0,123.65,19,0.012,0,0,0
467.54,6,323.83,155.03,39.41,0.012,0,147.33,11,0.408,0,0,0
371.08,6,315.14,215.29,22.69,0.345,0,134.91,10,0.327,0,0,0
2732.57,4,232.7,44.03,38.31,0.231,0,259.39,15,0.452,0,1,1
1459.62,4,383.18,284.98,9.24,0.346,0,206.08,2,0.182,0,0,0
2642.3,3,348.8,885.76,74.72,0.353,1,101.59,6,0.344,0,0,0
3606.43,1,236.84,161.65,15.46,0.164,0,172.34,17,0.271,0,0,0
2358.11,5,325.15,83.58,47.73,0.153,1,214.51,22,0.402,0,0,1
3490.37,4,20.0,309.73,114.83,0.253,1,311.3,4,0.799,0,1,0
1686.6,2,201.77,758.48,1.97,0.651,1,296.5,6,0.581,1,0,1
551.7,2,316.31,512.11,24.51,0.607,0,254.84,16,0.156,0,0,0
5207.29,8,170.68,323.0,7.25,0.15,1,332.79,21,0.069,0,0,1
1003.14,6,240.11,1716.14,119.66,0.257,0,162.59,3,0.371,0,0,0
709.39,4,227.73,505.73,22.32,0.616,1,155.52,9,0.377,0,0,0
1513.35,4,44.93,485.64,12.0,0.116,1,275.67,21,0.152,0,0,0
725.74,3,359.27,25.73,56.42,0.275,0,131.8,16,0.174,0,0,0
1191.03,3,265.5,815.86,39.17,0.336,2,164.65,9,0.326,0,0,0
2550.52,5,108.65,491.98,84.9,0.368,2,329.66,20,0.655,0,0,1
2561.48,4,471.77,125.4,69.93,0.064,1,129.57,16,0.634,0,0,1
736.69,7,272.71,223.5,183.79,0.204,0,225.78,10,0.355,0,1,0
1110.2,7,278.74,180.88,4.74,0.3,1,128.26,11,0.061,0,0,0
5294.02,5,238.47,104.18,4.18,0.26,0,189.54,23,0.577,0,0,1
2970.25,5,478.71,457.51,118.95,0.159,0,127.69,7,0.282,0,0,0
14401.17,4,361.9,361.15,155.87,0.378,3,149.86,5,0.314,0,0,1
5884.8,3,165.73,357.18,26.1,0.198,1,98.06,12,0.498,0,0,1
5677.65,4,20.0,231.78,30.43,0.116,0,208.74,7,0.604,0,0,1
451.3,2,331.51,458.77,23.0,0.437,2,147.56,7,0.268,0,0,0
3881.05,2,234.79,634.41,75.18,0.304,1,35.91,17,0.475,0,0,1
1714.53,6,207.28,756.37,73.66,0.342,3,337.49,16,0.579,0,1,1
1042.13,7,232.11,198.59,12.45,0.565,1,197.84,19,0.158,0,0,0
2138.83,2,33.89,1041.1,24.22,0.311,1,141.18,0,0.44,0,1,0
4652.74,4,266.42,21.92,11.94,0.119,0,236.11,20,0.636,0,0,1
2983.44,7,220.07,1110.45,2.39,0.353,0,235.73,19,0.291,0,1,0
751.09,2,196.43,266.11,2.89,0.12,1,182.01,9,0.686,0,1,1
3798.87,6,257.97,369.63,7.94,0.442,1,313.15,10,0.061,0,0,1
955.67,5,437.16,695.36,1.52,0.447,0,277.42,6,0.046,0,1,0
2245.5,9,209.49,754.21,27.51,0.125,0,108.95,22,0.257,0,0,0
1334.95,5,400.22,437.38,3.31,0.592,1,272.45,14,0.241,0,0,0
1452.63,3,269.48,2223.19,94.0,0.462,0,61.09,6,0.401,0,0,0
3890.31,5,410.74,1563.38,62.25,0.516,0,161.81,6,0.306,0,0,1
638.94,2,242.76,203.95,76.54,0.596,1,224.11,8,0.334,0,0,0
12647.25,15,145.34,711.15,48.05,0.487,0,193.58,4,0.348,0,0,1
292.63,8,505.55,1021.19,54.51,0.656,0,244.08,4,0.236,0,1,0
994.59,6,372.06,195.64,6.02,0.477,2,137.99,16,0.245,0,0,0
2618.12,4,421.87,14.9,3.0,0.41,0,179.65,18,0.284,0,0,0
3243.19,10,322.31,2970.69,226.48,0.106,1,68.8,18,0.118,0,0,0
1635.21,3,257.72,2542.73,23.34,0.266,1,144.02,2,0.26,0,0,1
1707.2,3,368.9,308.94,2.63,0.061,0,48.41,4,0.356,0,0,0
2725.89,6,320.6,218.62,8.7,0.113,0,120.33,4,0.108,0,0,0
1435.01,5,186.43,134.37,103.66,0.808,0,269.51,23,0.208,0,1,0
7282.15,6,306.48,929.61,11.52,0.452,1,163.89,11,0.147,1,0,1
4185.36,5,208.9,1126.15,31.47,0.283,0,197.8,13,0.125,0,0,1
4327.84,6,96.18,436.34,55.05,0.493,1,209.19,17,0.406,0,0,1
688.04,6,242.76,222.51,168.88,0.083,1,57.89,13,0.295,0,0,0
1670.05,8,177.57,476.42,0.71,0.139,0,142.58,10,0.386,0,0,0
1338.81,2,502.3,581.13,33.43,0.471,0,151.61,18,0.405,0,0,1
661.43,5,123.49,627.16,276.47,0.64,0,34.7,23,0.605,1,0,0
2591.95,4,197.77,468.68,6.49,0.146,0,132.3,3,0.265,0,0,0
1056.12,2,181.64,2.99,6.6,0.193,0,98.24,17,0.305,0,0,0
3482.15,6,343.93,510.59,4.55,0.271,2,163.8,14,0.134,0,0,1
620.06,7,280.35,341.28,35.45,0.227,1,206.09,15,0.273,0,0,0
10087.38,6,478.95,650.56,21.42,0.469,1,197.9,9,0.349,1,0,1
737.8,9,431.05,57.52,62.98,0.13,0,258.82,9,0.274,0,1,0
2251.39,4,262.67,1690.82,42.35,0.335,0,98.62,11,0.24,0,0,0
3991.25,5,119.99,1666.38,43.48,0.246,0,249.22,16,0.229,0,0,0
1021.84,3,295.01,664.3,35.78,0.367,0,213.42,6,0.043,0,0,0
4240.64,0,278.08,1068.85,241.82,0.384,3,166.48,23,0.429,0,0,1
528.91,8,70.93,460.87,38.72,0.082,0,193.1,12,0.11,0,0,0
7724.23,5,225.83,713.86,3.76,0.493,0,208.82,17,0.161,0,0,1
1833.81,7,274.01,769.19,19.44,0.609,0,109.9,4,0.216,0,0,0
995.84,7,255.24,349.43,75.86,0.26,0,70.26,14,0.03,0,0,0
1340.53,5,132.65,2592.74,49.5,0.474,1,118.45,5,0.435,0,1,0
4059.92,2,248.55,738.26,57.59,0.21,2,193.14,11,0.511,0,0,1
1007.82,6,235.96,3727.83,127.43,0.253,0,174.13,0,0.192,0,0,0
854.61,3,308.6,453.03,29.33,0.382,1,248.44,6,0.504,1,1,0
1448.76,9,140.8,26.28,0.99,0.367,1,81.19,5,0.346,0,0,0
557.26,2,390.62,288.13,230.71,0.243,2,124.68,10,0.252,0,0,0
11165.05,3,309.59,841.66,30.31,0.335,1,239.73,2,0.188,0,1,1
1026.19,11,91.28,1929.42,5.14,0.113,1,114.52,19,0.186,0,0,0
4153.13,6,282.4,763.95,39.77,0.429,2,49.08,5,0.57,0,0,1
2229.36,1,255.07,510.57,44.6,0.024,0,247.75,0,0.31,0,0,1
675.51,8,239.8,67.35,41.54,0.445,1,279.25,16,0.355,0,0,1
1797.31,8,73.69,125.1,167.5,0.226,0,184.38,8,0.592,0,0,0
3960.01,8,211.87,43.96,19.26,0.23,0,266.94,5,0.301,0,0,1
1497.78,3,173.81,993.57,1.76,0.795,1,255.1,2,0.458,0,0,0
5961.71,8,196.13,1422.72,126.13,0.134,0,141.27,6,0.445,0,0,1
5021.66,7,358.89,143.72,10.61,0.645,2,465.48,22,0.442,1,1,1
4531.98,4,169.3,314.71,69.2,0.267,1,166.17,5,0.733,0,0,1
1141.78,6,513.08,521.77,11.41,0.21,0,163.94,14,0.227,0,1,1
614.1,7,547.26,123.25,88.3,0.368,2,237.4,10,0.23,0,1,1
978.88,2,293.18,430.55,118.43,0.154,0,20.0,22,0.269,0,0,0
2200.06,8,95.88,2724.94,5.57,0.068,0,293.71,0,0.07,0,0,0
3120.62,14,95.83,1015.94,7.97,0.239,3,140.59,21,0.348,0,1,0
206.11,6,306.93,146.11,129.71,0.481,1,77.04,9,0.321,0,0,0
1793.43,2,222.25,83.24,73.64,0.341,0,157.92,10,0.286,0,0,0
2117.71,3,162.86,471.25,1.98,0.449,1,68.2,8,0.34,0,0,1
1369.85,5,251.52,3535.03,10.06,0.042,0,330.72,17,0.138,0,0,0
6576.6,8,94.13,1261.12,26.56,0.377,1,100.07,0,0.564,1,0,1
2756.67,5,535.99,277.52,99.83,0.049,1,205.85,8,0.75,0,0,0
6702.21,1,319.04,21.31,8.19,0.087,1,188.99,1,0.078,0,1,1
1456.86,4,446.49,423.86,64.39,0.322,1,134.21,0,0.308,0,1,0
4616.89,7,365.54,139.99,4.37,0.25,0,159.93,1,0.231,0,0,1
9274.89,12,341.41,159.03,31.48,0.119,1,159.24,10,0.474,0,1,1
6712.28,1,143.27,141.67,65.28,0.282,0,120.07,16,0.698,0,0,1
606.59,6,20.0,1017.25,3.35,0.258,1,322.08,4,0.182,0,0,0
1402.94,2,375.06,29.2,11.42,0.425,0,112.82,6,0.318,0,0,0
1280.28,1,252.26,665.44,78.46,0.174,0,261.29,6,0.496,0,0,0
2949.1,12,514.87,1117.14,8.93,0.499,1,90.43,13,0.293,0,1,1
3591.6,5,198.51,136.07,55.06,0.161,0,240.86,7,0.151,0,0,0
781.42,9,252.77,1787.43,51.39,0.093,0,251.75,19,0.361,0,0,0
1934.95,3,209.79,65.08,36.74,0.216,3,130.14,8,0.127,0,1,1
239.86,4,410.18,918.34,11.26,0.348,2,236.1,12,0.07,0,1,0
7646.05,3,20.0,150.96,26.97,0.247,0,168.35,19,0.167,0,0,1
1083.15,1,297.63,1312.05,48.61,0.334,0,50.84,2,0.129,0,0,0
1911.92,4,171.74,677.78,106.74,0.352,0,73.53,16,0.485,0,0,0
1326.57,6,259.04,711.73,79.94,0.265,1,242.76,1,0.55,0,0,0
5687.51,5,436.8,339.75,46.74,0.171,2,89.91,21,0.206,0,1,1
105.9,4,121.44,266.44,12.97,0.137,0,186.67,7,0.217,0,0,0
1778.26,6,119.29,497.88,12.21,0.081,0,192.23,10,0.389,0,0,0
1626.49,4,475.93,1134.11,84.07,0.302,0,203.68,19,0.66,0,0,0
1148.67,2,207.85,147.35,54.6,0.2,0,184.13,16,0.421,0,0,0
10160.13,7,186.26,1355.43,22.16,0.379,1,204.12,3,0.045,0,0,1
744.47,3,188.18,522.89,177.86,0.428,1,294.87,11,0.403,0,1,0
3911.97,3,53.85,481.5,110.26,0.164,0,302.82,17,0.213,0,0,0
2581.83,4,437.13,13.39,55.66,0.068,1,108.44,18,0.163,0,0,1
6383.8,4,423.22,106.09,23.04,0.299,0,109.16,19,0.147,0,0,1
927.8,5,42.33,452.47,18.46,0.133,1,174.01,13,0.184,0,0,0
868.73,1,209.03,3183.32,140.16,0.166,0,103.44,15,0.349,0,0,0
5410.35,1,62.0,230.31,29.3,0.171,3,134.82,16,0.579,0,0,1
2766.45,5,346.97,8.25,80.48,0.287,1,104.27,3,0.652,0,1,0
385.7,2,322.0,457.94,140.44,0.055,1,293.65,7,0.11,0,0,0
1054.37,2,130.69,12.87,33.86,0.193,1,170.1,5,0.599,0,0,0
2660.8,7,196.96,327.85,52.94,0.585,0,247.32,23,0.598,0,1,0
4178.74,2,412.51,349.63,4.51,0.148,1,242.69,21,0.642,0,0,1
916.69,5,233.34,1.88,52.86,0.118,1,120.5,13,0.229,0,0,0
98.08,5,175.43,1209.73,12.11,0.526,2,105.68,23,0.169,0,0,0
3051.0,6,366.43,1952.11,55.51,0.011,0,215.66,3,0.081,0,0,1
533.62,6,259.53,5000.0,5.33,0.144,1,313.76,16,0.308,0,0,0
240.49,3,404.51,568.69,34.18,0.511,1,246.95,22,0.171,0,0,0
106.45,6,365.1,292.94,36.8,0.428,1,111.04,4,0.108,0,0,0
4080.52,9,328.37,1011.19,33.04,0.171,3,228.98,22,0.45,0,1,1
2056.21,3,144.21,1066.85,70.68,0.356,1,187.1,6,0.17,0,0,0
1442.8,4,410.09,381.38,70.23,0.186,0,238.86,4,0.427,0,0,0
7251.94,3,250.91,667.0,61.27,0.33,1,158.41,19,0.488,0,0,1
3419.76,4,259.44,1379.75,49.93,0.366,1,268.53,16,0.768,0,1,1
9102.46,9,69.76,167.76,117.38,0.268,2,104.76,20,0.252,0,0,1
449.11,3,168.7,16.55,42.86,0.133,0,234.93,18,0.348,0,0,0
1746.64,3,139.67,620.7,21.41,0.699,2,230.74,20,0.379,0,1,0
358.99,4,311.39,873.45,3.05,0.244,0,182.48,21,0.268,0,0,0
1437.44,6,358.6,684.48,38.37,0.283,2,229.46,22,0.427,0,0,0
1410.06,3,217.26,725.56,12.92,0.22,0,221.72,18,0.086,0,0,0
3383.32,5,267.34,399.5,24.47,0.328,0,139.93,6,0.243,0,0,1
1892.33,2,242.04,843.28,2.56,0.26,0,141.47,16,0.309,0,0,0
3372.49,5,461.98,35.0,51.2,0.383,0,60.24,12,0.196,0,1,1
3653.5,4,20.0,131.13,108.88,0.129,1,188.97,5,0.378,0,0,1
15598.48,11,119.59,470.75,19.66,0.278,2,34.72,22,0.228,0,1,1
1319.1,5,215.02,2291.6,81.71,0.076,0,266.27,19,0.123,0,0,0
705.55,7,288.16,827.37,6.75,0.635,1,191.55,14,0.799,0,0,0
2312.5,5,190.52,351.15,64.21,0.034,1,133.11,2,0.026,0,0,0
810.56,2,54.35,489.93,4.16,0.205,1,293.84,22,0.713,0,0,0
7958.22,6,329.45,1494.75,14.96,0.048,0,219.6,16,0.167,0,0,1
1362.1,5,453.01,625.53,22.33,0.293,0,155.28,20,0.091,0,1,0
1027.03,2,61.88,39.24,8.53,0.119,0,231.95,17,0.141,0,0,0
1128.54,5,297.41,431.47,10.2,0.267,2,226.31,1,0.646,1,1,1
3708.63,4,385.89,392.86,60.02,0.105,0,296.23,14,0.113,0,1,0
1544.19,4,304.78,1841.19,5.03,0.179,0,146.38,13,0.14,0,0,0
951.78,5,377.2,291.55,135.83,0.016,0,236.7,5,0.457,0,0,0
9560.09,4,205.03,53.5,73.13,0.091,1,273.02,7,0.171,0,0,1
768.03,6,144.13,350.58,22.06,0.273,0,345.27,17,0.224,0,0,0
1873.5,4,407.08,35.91,49.55,0.15,0,248.3,6,0.076,0,0,0
3471.38,6,295.26,1428.42,63.54,0.074,1,179.12,10,0.278,0,0,0
353.78,5,273.15,713.68,45.13,0.196,0,110.26,16,0.322,0,0,0
2922.69,3,279.05,506.96,48.15,0.007,0,122.46,11,0.368,0,0,0
629.48,3,75.38,356.84,123.83,0.239,1,109.55,2,0.364,0,0,0
4116.6,6,172.43,432.56,106.47,0.378,0,203.78,17,0.432,0,0,1
690.45,4,271.69,1240.34,122.56,0.244,0,117.52,15,0.208,0,0,0
3614.72,5,457.46,158.78,108.23,0.327,1,199.23,5,0.153,0,0,1
5463.44,3,121.1,59.3,57.82,0.052,1,227.5,9,0.6,0,1,1
4278.84,6,163.21,659.93,33.84,0.496,0,230.26,1,0.292,0,1,1
2324.63,8,320.28,1566.66,33.41,0.141,0,198.97,0,0.257,0,0,0
1434.68,1,20.0,660.86,73.82,0.103,1,247.32,3,0.537,0,0,0
1015.95,6,226.08,1272.32,128.82,0.298,1,159.55,7,0.363,0,1,0
7871.74,5,102.98,1786.14,4.61,0.276,1,141.02,22,0.379,0,0,1
898.3,5,508.19,64.0,104.71,0.115,0,198.82,14,0.05,0,0,0
640.94,6,345.07,711.68,94.75,0.259,1,136.8,23,0.083,0,0,0
3517.02,9,138.95,1430.65,4.58,0.638,0,202.11,10,0.524,0,1,1
815.55,6,259.51,825.23,53.44,0.231,0,101.26,17,0.237,0,0,0
699.2,7,133.65,716.29,178.58,0.238,0,245.36,16,0.125,0,0,0
426.83,3,125.26,1241.22,95.41,0.128,1,217.83,2,0.198,0,0,0
1115.54,5,95.95,982.79,3.25,0.453,0,197.16,2,0.2,0,0,0
1664.51,4,165.7,557.12,129.64,0.269,1,178.35,5,0.407,0,0,0
2305.59,7,296.99,36.03,9.5,0.319,2,43.68,1,0.175,0,0,0
4681.18,2,393.35,760.16,3.76,0.279,1,342.22,6,0.63,0,1,1
3062.23,4,121.67,191.8,12.93,0.214,0,242.41,7,0.07,0,0,1
1493.87,8,137.66,234.52,33.01,0.034,3,334.83,21,0.039,0,1,1
1482.97,1,520.43,910.41,84.43,0.13,0,279.95,10,0.179,0,0,1
3011.39,4,266.02,482.78,15.54,0.311,0,287.71,9,0.42,0,0,1
6454.74,12,213.82,1009.22,24.74,0.306,2,95.34,9,0.369,0,0,1
2051.47,4,150.11,398.8,7.6,0.36,1,222.77,22,0.493,0,0,1
1131.01,8,170.91,1632.37,17.23,0.367,0,251.78,3,0.405,0,0,0
669.9,6,255.73,445.59,116.18,0.103,0,258.13,6,0.602,0,0,0
426.15,9,387.82,544.7,57.1,0.238,1,226.48,23,0.259,0,1,0
3520.19,7,115.81,107.99,56.03,0.258,2,185.42,19,0.129,0,0,1
3222.71,5,220.83,560.24,14.37,0.327,1,241.34,14,0.097,0,1,0
3220.73,4,464.43,219.34,7.9,0.253,4,210.09,0,0.361,0,1,1
1589.76,8,65.97,1151.69,109.21,0.245,0,156.46,15,0.083,0,0,0
7383.0,2,401.78,1001.54,143.81,0.28,0,275.55,14,0.273,0,0,1
1114.19,3,501.81,12.78,2.75,0.469,0,279.37,17,0.08,0,1,0
4699.77,2,254.91,544.68,37.77,0.222,0,105.94,10,0.295,0,0,1
1739.33,4,407.91,37.17,28.97,0.475,0,128.75,2,0.198,0,0,0
984.02,9,20.05,673.84,67.05,0.275,0,106.99,22,0.541,0,0,0
3269.95,5,217.86,1855.29,17.96,0.308,0,42.5,15,0.171,0,0,1
2723.4,4,379.48,1614.94,48.46,0.489,1,282.39,16,0.045,0,0,1
2583.69,5,76.91,223.58,4.31,0.272,4,437.88,18,0.752,0,0,1
1961.13,6,406.92,120.76,86.57,0.34,1,246.89,22,0.08,0,1,0
1740.81,4,552.86,1252.58,13.64,0.263,1,156.2,4,0.398,0,1,0
19699.96,6,162.61,632.05,18.84,0.507,0,127.79,10,0.327,0,0,1
5909.15,6,339.1,441.08,23.76,0.417,1,99.37,16,0.226,0,0,1
3725.02,7,365.6,1330.68,11.57,0.244,2,284.89,0,0.151,0,0,1
2021.91,7,442.59,232.83,82.75,0.429,1,91.32,0,0.363,0,1,0
4950.07,3,112.91,203.51,3.56,0.244,0,230.3,9,0.129,0,0,1
3035.09,5,171.57,757.26,135.55,0.318,0,179.62,5,0.099,0,0,0
1856.05,3,327.51,254.61,133.39,0.169,1,224.25,9,0.448,0,0,1
1334.67,5,260.92,445.2,87.83,0.25,0,243.68,22,0.164,0,0,0
1667.5,5,468.66,485.3,151.98,0.52,1,181.65,3,0.383,0,0,1
75.91,4,213.31,183.55,71.59,0.185,0,98.43,17,0.423,0,0,0
2231.88,4,199.04,50.94,41.34,0.165,0,300.97,11,0.301,0,0,1
1109.34,4,294.34,1164.27,63.94,0.42,0,267.95,7,0.473,0,0,0
8889.89,5,291.56,1224.45,0.2,0.126,2,150.85,16,0.339,0,0,1
1843.36,7,235.52,729.78,57.83,0.351,2,165.7,12,0.464,0,0,0
550.62,2,139.44,128.71,2.15,0.091,1,205.41,2,0.471,0,0,0
1720.07,4,267.04,517.34,109.31,0.338,2,286.74,11,0.618,0,1,1
635.16,7,305.63,156.71,113.42,0.141,2,339.81,3,0.213,0,0,0
2902.73,2,147.98,1704.75,6.07,0.112,2,144.69,18,0.06,0,0,1
2418.61,5,113.61,955.98,56.91,0.035,0,20.0,2,0.12,0,0,0
4711.87,10,294.48,25.5,55.15,0.143,0,164.96,16,0.209,0,0,0
819.85,9,621.34,1.33,34.47,0.374,0,201.15,6,0.542,0,0,0
1870.59,6,401.9,3296.27,1.27,0.458,1,322.34,18,0.12,0,1,0
461.73,3,227.72,32.53,6.06,0.265,0,222.9,7,0.301,0,0,0
3646.4,10,225.4,1607.1,53.83,0.085,1,112.09,11,0.318,0,0,0
3037.75,1,270.87,2495.51,37.71,0.345,1,285.44,1,0.465,0,0,1
2968.48,11,180.63,294.66,2.37,0.145,0,133.28,0,0.451,1,1,0
1810.97,2,299.69,621.46,36.44,0.186,1,180.41,13,0.362,0,0,0
2737.42,6,74.75,833.96,94.6,0.174,0,214.93,16,0.61,0,0,0
8994.24,5,196.67,587.89,110.58,0.433,1,201.61,8,0.319,0,0,1
1359.55,9,414.77,192.13,59.7,0.593,0,313.24,10,0.287,0,1,0
2076.93,9,337.46,696.36,54.33,0.458,3,184.88,9,0.177,0,1,1
610.25,7,334.62,239.45,73.29,0.28,2,215.32,9,0.201,0,1,0
758.8,9,386.91,144.28,7.16,0.21,1,26.69,22,0.478,1,1,0
1993.83,7,211.77,563.41,10.55,0.247,2,107.22,4,0.707,0,1,0
5453.07,4,84.03,372.17,33.25,0.107,0,135.73,5,0.297,0,0,1
1399.29,2,276.06,22.23,29.98,0.157,0,84.29,5,0.206,0,0,0
1428.08,3,307.49,2391.45,10.19,0.491,2,133.65,14,0.497,0,0,0
1203.65,5,459.68,32.29,56.7,0.39,1,190.72,22,0.732,0,1,0
1059.17,4,167.9,1866.07,67.56,0.298,1,27.23,4,0.203,0,0,0
2428.36,2,220.49,168.32,15.79,0.229,0,151.77,21,0.169,0,0,0
404.54,2,392.85,122.39,18.77,0.205,1,194.67,23,0.715,0,0,0
6508.99,3,358.36,57.34,14.88,0.217,2,216.76,23,0.584,0,0,1
929.44,1,75.28,443.69,16.33,0.23,2,263.87,12,0.3,0,1,0
3721.58,4,390.56,707.18,22.68,0.416,0,284.27,13,0.196,0,1,1
507.76,4,460.43,1872.52,29.09,0.343,0,94.46,2,0.192,0,0,0
3529.25,7,190.22,1225.05,33.1,0.269,0,259.53,22,0.358,0,0,1
3540.22,6,390.12,139.12,33.17,0.163,2,138.41,4,0.567,0,1,1
2655.01,1,332.04,146.87,48.02,0.336,0,347.68,15,0.226,0,0,0
668.86,4,149.87,6.56,21.09,0.318,0,112.53,22,0.239,0,0,0
2320.52,5,96.26,931.34,35.0,0.188,1,355.9,2,0.518,0,1,0
553.88,5,300.64,14.11,35.27,0.298,2,135.71,7,0.383,0,0,0
1404.22,4,384.92,119.31,5.08,0.229,0,278.46,5,0.329,0,0,0
5061.47,4,209.44,805.3,49.63,0.111,3,146.72,16,0.245,0,0,1
4010.62,9,110.25,130.27,16.3,0.26,3,222.59,22,0.424,0,1,1
1835.7,9,20.0,133.05,2.41,0.329,1,177.91,11,0.095,0,0,0
682.11,4,266.84,213.26,52.08,0.154,2,268.76,15,0.496,0,1,0
3448.13,7,161.32,389.25,2.48,0.102,0,88.23,12,0.261,0,0,0
1843.43,2,151.74,6.32,29.16,0.386,1,21.6,17,0.58,0,0,0
177.63,5,455.58,1096.53,48.53,0.291,0,96.57,8,0.476,0,0,0
3954.58,6,343.12,1189.15,328.07,0.168,0,246.27,19,0.418,0,0,1
1764.76,4,333.43,365.5,36.19,0.321,0,244.07,7,0.166,0,0,0
6017.64,1,244.14,1280.08,19.15,0.809,0,333.61,22,0.162,0,0,1
604.7,5,314.72,268.12,33.87,0.441,0,257.33,5,0.485,1,1,0
75.44,2,287.76,3397.63,10.89,0.379,3,90.06,12,0.565,0,0,0
2390.08,5,209.21,405.64,28.81,0.308,0,228.17,12,0.073,0,0,0
2420.1,7,247.95,884.07,103.21,0.162,0,149.09,5,0.238,0,0,1
333.4,3,397.9,311.41,7.32,0.048,1,170.66,10,0.148,0,0,0
679.6,4,292.79,479.48,37.77,0.243,2,200.45,17,0.331,0,0,0
28430.5,5,538.97,828.7,48.49,0.255,2,417.19,11,0.406,0,1,1
1331.94,6,405.48,341.59,18.77,0.243,1,173.77,22,0.466,0,1,0
3755.43,6,242.54,855.07,66.57,0.251,1,136.04,13,0.225,0,0,1
943.26,5,276.48,126.27,54.49,0.312,2,168.07,17,0.064,0,0,0
223.56,11,252.86,528.94,31.18,0.228,0,128.56,3,0.16,0,0,0
1524.99,4,420.44,254.91,51.09,0.307,0,313.42,5,0.442,0,0,0
1386.3,2,111.01,2020.87,91.71,0.275,3,212.72,2,0.462,0,0,0
1212.11,6,235.77,1393.02,45.87,0.446,2,205.27,1,0.262,0,0,0
1612.21,2,335.97,534.64,42.06,0.019,1,322.78,21,0.275,0,0,0
2354.93,10,316.06,483.74,48.57,0.424,0,213.55,18,0.136,0,1,0
1556.01,2,430.89,1436.56,56.29,0.109,1,120.21,7,0.23,0,0,0
510.81,6,202.55,938.11,25.8,0.156,1,245.39,7,0.482,0,0,0
2940.06,3,63.6,919.89,90.64,0.325,2,251.38,6,0.283,0,0,0
257.4,5,312.37,635.71,128.79,0.324,1,172.37,2,0.144,0,1,0
232.67,4,276.34,1586.49,48.62,0.132,1,139.58,22,0.265,0,0,0
3786.44,5,306.72,168.08,108.9,0.475,0,322.55,9,0.726,0,0,0
3001.96,5,205.91,1583.74,68.26,0.17,0,134.51,2,0.155,0,0,0
1707.19,6,326.32,588.41,27.49,0.454,1,150.44,19,0.108,0,1,0
447.89,2,222.96,776.87,34.26,0.148,2,171.98,15,0.199,0,0,0
890.77,5,333.19,2625.06,42.21,0.353,1,180.5,8,0.486,0,0,1
1390.27,9,234.8,442.02,139.9,0.42,0,130.52,12,0.518,0,0,0
366.54,6,441.4,882.17,52.22,0.582,1,112.39,21,0.186,0,0,0
863.48,5,38.75,590.73,35.52,0.128,2,320.27,6,0.181,0,0,0
3471.46,4,38.14,2145.97,6.59,0.083,0,154.38,11,0.138,0,1,0
7534.93,5,329.9,534.99,54.96,0.35,0,96.21,22,0.295,0,0,1
1188.64,4,74.18,236.71,40.45,0.567,3,83.7,7,0.385,0,0,0
3852.54,5,270.7,527.36,140.68,0.721,0,198.25,15,0.291,0,0,1
266.65,4,192.53,1988.8,20.93,0.07,1,76.0,8,0.492,0,0,0
3496.27,7,411.96,555.66,79.35,0.046,0,112.16,2,0.265,0,1,1
809.2,4,257.09,126.39,16.6,0.042,2,154.25,22,0.561,0,1,0
2458.6,5,188.18,624.02,9.42,0.226,2,343.53,16,0.416,0,0,0
1411.27,3,452.27,392.29,0.61,0.098,1,144.36,20,0.182,0,0,0
6771.07,3,327.47,839.34,112.89,0.326,1,321.69,14,0.435,0,1,1
754.13,3,115.87,220.97,29.41,0.322,0,165.75,2,0.329,0,0,0
3386.68,5,20.08,311.23,16.51,0.457,4,20.0,11,0.13,0,0,1
1367.16,5,409.04,581.49,25.8,0.359,3,353.89,13,0.096,0,1,0
1543.33,1,290.22,100.71,62.21,0.459,0,150.64,16,0.143,0,0,0
1504.4,1,353.75,189.09,24.98,0.468,1,85.26,3,0.31,0,1,0
776.14,2,391.06,1292.93,12.79,0.457,0,79.27,13,0.688,0,0,0
1782.73,5,322.15,2240.39,4.59,0.068,0,159.86,0,0.372,1,0,0
1698.25,5,287.01,2792.95,48.61,0.713,0,191.05,5,0.065,0,0,0
2301.32,0,236.72,2215.03,180.02,0.256,1,154.58,6,0.13,0,0,0
1967.47,3,302.07,2278.12,50.36,0.167,0,205.53,10,0.476,0,0,0
4015.81,5,210.96,1376.71,146.77,0.319,0,60.39,4,0.272,0,0,0
4552.85,4,410.52,1064.28,105.19,0.188,1,213.2,23,0.295,0,1,1
632.31,4,334.84,211.0,8.47,0.166,0,55.48,17,0.347,0,0,0
4310.34,1,428.22,466.33,105.62,0.273,1,242.37,12,0.589,0,1,1
552.06,2,290.36,405.95,0.05,0.162,1,140.51,16,0.323,0,1,0
3254.7,6,260.08,1048.49,35.63,0.251,1,230.78,22,0.167,0,0,0
3360.14,7,239.96,516.07,36.98,0.255,0,250.69,12,0.501,0,0,0
267.38,6,455.36,357.25,64.88,0.212,0,303.02,19,0.1,0,0,0
1984.22,6,108.4,1345.93,70.53,0.204,0,210.64,22,0.119,0,0,0
1131.73,6,28.82,1108.74,13.18,0.52,2,68.3,13,0.312,0,0,0
846.61,10,227.11,368.13,106.87,0.161,1,213.58,13,0.559,1,1,0
6980.34,11,237.7,434.85,9.87,0.317,0,158.23,18,0.486,0,0,1
940.41,4,383.23,1789.35,162.83,0.156,1,198.92,22,0.746,0,1,0
807.24,3,417.37,1055.44,210.41,0.031,1,169.26,9,0.271,0,0,0
1950.22,5,235.54,936.9,59.67,0.048,1,113.35,22,0.149,0,0,0
3588.86,4,201.03,995.01,52.3,0.249,0,264.5,15,0.088,0,0,1
1569.25,2,20.0,86.34,193.65,0.354,0,259.88,23,0.075,0,1,0
5804.39,4,534.56,663.18,13.85,0.453,0,161.94,20,0.269,0,1,1
3074.74,3,325.92,275.12,51.45,0.327,0,223.73,7,0.492,0,1,1
204.75,7,410.55,70.92,26.06,0.29,1,208.33,3,0.107,0,0,0
1064.79,6,383.21,1050.63,9.17,0.086,0,148.62,21,0.168,0,0,0
1030.87,7,35.77,290.31,6.84,0.524,2,102.7,20,0.354,0,0,0
2920.06,4,191.45,296.92,60.26,0.369,2,276.67,5,0.22,0,1,0
131.0,5,250.51,817.0,13.0,0.342,2,323.03,10,0.764,0,1,0
23132.87,2,230.57,877.92,45.73,0.076,1,281.8,2,0.129,0,0,1
3074.9,3,351.76,514.06,13.57,0.049,1,155.45,3,0.466,0,0,0
2098.29,4,89.3,650.39,30.24,0.238,0,92.92,11,0.273,0,0,0
5893.28,4,200.09,1511.78,67.8,0.152,0,168.31,6,0.537,0,0,1
18838.43,4,250.28,90.61,37.55,0.325,0,151.35,13,0.765,0,0,1
4318.86,9,137.38,54.07,102.58,0.549,3,253.67,20,0.357,0,1,1
4669.53,8,364.2,854.26,37.36,0.506,1,156.79,19,0.4,0,1,1
2060.47,7,285.11,740.69,10.8,0.048,0,113.6,21,0.275,0,0,0
1569.44,4,396.21,164.56,113.7,0.463,0,293.78,4,0.33,0,0,0
1123.5,4,494.02,590.35,27.06,0.834,1,247.59,1,0.728,0,1,1
791.47,7,228.96,1095.29,101.04,0.149,0,202.58,21,0.372,0,0,0
909.58,3,352.3,1052.54,13.22,0.193,0,157.58,21,0.661,0,1,0
468.46,8,22.32,724.52,50.55,0.38,0,226.73,7,0.1,0,0,0
1675.94,7,74.53,111.82,9.03,0.199,0,273.35,13,0.179,0,0,0
335.4,4,288.61,289.93,4.17,0.051,0,81.33,10,0.399,0,0,0
2188.38,4,212.72,416.41,340.44,0.1,0,91.0,20,0.121,0,0,0
1743.53,3,443.59,1241.89,0.53,0.26,0,69.08,5,0.37,0,0,0
2094.22,5,324.54,627.88,44.73,0.131,1,148.7,13,0.436,0,1,0
1072.63,3,78.28,1057.0,0.68,0.023,0,163.87,20,0.649,0,0,0
39216.79,7,286.95,2056.47,40.12,0.34,1,348.15,20,0.443,1,1,1
7045.3,5,195.82,782.37,5.26,0.077,0,85.07,6,0.227,0,0,1
520.85,9,410.55,216.55,77.45,0.428,1,187.65,23,0.279,0,1,0
2282.14,3,225.44,120.27,17.32,0.253,1,188.64,15,0.39,0,0,0
984.36,5,211.28,1.0,21.11,0.14,2,197.72,19,0.543,0,1,0
655.58,6,130.69,154.51,14.54,0.336,2,175.8,8,0.295,0,0,1
473.39,4,112.3,250.9,6.05,0.206,1,171.79,4,0.342,0,0,0
2785.59,3,155.4,251.53,34.69,0.339,0,362.38,7,0.751,0,0,1
914.72,8,366.42,879.89,29.68,0.272,1,109.65,9,0.516,0,1,0
4759.16,13,454.38,130.24,38.76,0.317,0,71.73,22,0.288,0,1,0
4884.3,1,445.1,457.39,49.16,0.466,0,143.12,15,0.405,0,0,1
7143.19,4,306.74,3.94,4.64,0.014,0,227.23,12,0.549,0,0,1
770.94,5,156.6,242.14,26.68,0.465,3,312.64,1,0.165,0,0,0
2908.42,3,102.47,33.54,44.89,0.518,0,264.19,2,0.044,0,0,0
3403.14,3,278.28,989.09,19.51,0.569,0,189.77,8,0.112,0,0,0
1125.32,4,129.65,349.94,10.62,0.153,1,152.78,4,0.599,0,0,0
835.67,3,492.96,523.29,46.61,0.719,3,215.14,12,0.509,0,1,1
9040.96,4,342.4,1146.55,63.37,0.203,1,99.76,7,0.212,0,0,1
2269.91,8,251.03,1589.77,69.43,0.021,0,89.19,7,0.166,0,0,0
3415.12,4,279.26,581.65,19.7,0.444,2,222.59,6,0.412,0,0,0
794.67,0,250.23,839.34,5.21,0.455,2,120.47,0,0.188,0,0,1
534.17,8,381.35,1065.39,123.6,0.278,1,132.02,12,0.216,0,0,0
1023.06,2,290.46,268.73,58.21,0.083,0,346.13,16,0.135,0,0,1
1597.15,5,173.09,982.78,148.26,0.129,1,351.79,9,0.299,0,0,0
623.77,3,291.56,848.31,7.87,0.196,1,188.19,13,0.532,0,0,0
1790.33,4,222.84,468.24,53.54,0.072,0,116.07,9,0.362,0,0,0
334.12,5,202.74,333.33,10.93,0.557,1,330.22,6,0.496,0,1,0
589.9,1,210.68,2909.31,100.66,0.446,1,163.17,23,0.438,0,0,0
3536.57,9,231.2,3433.38,36.65,0.532,1,280.51,7,0.346,0,0,1
3306.98,7,20.0,950.23,38.04,0.412,1,185.46,14,0.314,0,0,1
1221.85,5,316.67,387.82,133.49,0.176,1,284.44,22,0.204,0,0,0
653.43,6,331.03,1113.96,18.12,0.268,0,139.98,18,0.266,0,0,0
647.16,3,124.46,909.65,48.25,0.296,1,167.48,13,0.597,0,0,0
1244.8,6,62.61,629.94,7.79,0.139,1,170.43,18,0.218,0,0,0
3444.45,4,424.07,113.1,22.56,0.262,2,159.87,22,0.66,0,1,1
4574.47,6,508.76,2344.0,10.83,0.374,1,42.57,17,0.25,0,0,1
1100.44,5,239.71,211.97,11.24,0.211,0,184.31,11,0.66,0,1,0
570.5,11,385.36,399.72,54.1,0.139,0,195.3,9,0.191,0,0,0
2363.37,5,231.45,335.35,16.88,0.499,1,146.61,11,0.62,0,0,1
793.51,9,274.75,133.56,14.45,0.162,0,76.61,1,0.154,0,1,0
1076.8,7,201.78,19.85,82.52,0.027,1,235.57,18,0.431,0,1,0
6804.07,6,340.57,2125.15,32.11,0.416,1,64.26,1,0.266,0,0,1
4134.47,6,288.25,1076.04,23.9,0.295,1,295.43,16,0.628,0,1,1
2117.46,7,419.19,16.75,84.41,0.235,1,71.15,9,0.175,0,0,0
506.78,5,210.63,931.2,33.54,0.069,0,90.97,23,0.322,0,0,0
2233.66,6,305.01,111.14,84.35,0.554,1,260.11,22,0.27,0,1,1
5232.57,6,346.55,1029.86,19.17,0.155,1,183.8,22,0.547,1,0,1
1241.86,6,305.75,562.85,163.4,0.263,0,195.68,22,0.434,0,0,0
6982.16,4,291.82,3048.14,128.63,0.21,2,128.02,23,0.267,0,0,1
6586.29,7,425.33,453.01,86.75,0.397,0,292.53,13,0.61,0,1,1
9544.62,4,126.16,1105.67,11.96,0.463,2,292.88,9,0.412,0,0,1
2453.43,4,321.57,33.75,65.01,0.172,2,288.59,1,0.102,0,0,1
3253.19,7,165.26,2193.56,85.08,0.196,1,182.45,3,0.309,0,0,1
7436.74,0,146.75,661.27,22.58,0.429,2,278.47,9,0.697,0,1,1
2828.19,5,205.43,301.76,7.56,0.107,0,113.97,20,0.425,0,0,0
1095.28,4,293.96,108.56,15.71,0.427,0,235.39,3,0.653,0,0,0
1154.54,3,307.42,819.14,44.05,0.387,0,179.23,23,0.133,0,0,1
2295.15,4,222.54,1097.26,14.5,0.55,0,188.25,21,0.185,0,0,0
497.42,4,348.33,71.36,54.18,0.24,1,227.23,18,0.737,0,1,0
1566.72,7,357.66,143.93,24.87,0.223,1,214.41,1,0.654,0,1,0
5412.94,5,469.87,389.46,12.78,0.339,0,228.55,18,0.039,0,1,1
202.1,8,201.26,1527.12,47.48,0.161,0,82.41,21,0.283,0,0,0
8387.37,6,160.42,3256.4,3.83,0.337,1,152.2,9,0.479,0,0,1
5554.56,5,263.74,1093.28,49.02,0.359,1,181.78,22,0.207,0,0,1
1141.66,6,83.73,4.48,183.25,0.489,2,125.53,9,0.502,0,0,0
3113.15,4,516.45,1870.22,62.14,0.394,1,151.63,22,0.733,1,0,1
1813.74,2,211.56,21.53,19.88,0.109,0,53.04,9,0.292,0,0,0
6185.67,5,154.71,1819.41,115.78,0.372,2,127.31,12,0.08,0,1,1
4830.39,5,259.04,422.54,37.52,0.437,0,65.1,7,0.288,0,0,1
445.83,9,261.75,1083.25,37.58,0.084,4,327.41,13,0.348,0,1,0
3252.77,7,278.96,72.87,23.77,0.162,0,198.67,4,0.371,0,0,1
1471.99,3,305.21,144.19,2.68,0.222,1,256.06,18,0.447,0,1,0
1964.18,2,134.46,479.39,15.73,0.304,1,248.36,3,0.19,0,0,0
872.91,7,292.45,31.41,85.27,0.392,0,131.47,22,0.318,0,0,0
10385.2,5,216.21,395.12,15.04,0.133,0,83.45,4,0.128,0,0,1
5115.66,5,197.58,1115.35,26.58,0.171,0,103.08,10,0.636,0,0,1
862.84,3,360.23,850.7,50.25,0.314,0,152.63,19,0.759,0,0,0
475.99,6,58.65,346.82,16.59,0.087,1,214.64,21,0.158,0,0,0
1229.46,2,337.06,7.11,83.52,0.089,0,193.68,20,0.347,0,0,0
2791.97,5,464.8,251.41,114.49,0.316,0,170.34,0,0.135,0,0,1
2298.95,7,297.27,1197.71,3.18,0.303,1,135.24,4,0.359,0,1,0
6330.49,4,491.76,333.05,42.74,0.193,2,208.93,12,0.467,0,1,1
3983.51,8,338.48,379.21,21.5,0.073,0,211.0,22,0.349,0,0,1
4767.46,8,216.64,61.68,40.41,0.308,0,60.62,1,0.452,0,0,0
2507.03,8,155.58,736.42,39.57,0.154,0,297.52,13,0.151,0,0,0
450.65,3,235.39,778.08,0.5,0.234,0,211.6,8,0.517,0,0,0
1486.68,4,266.71,450.89,52.27,0.206,0,137.41,23,0.456,0,0,0
5219.15,8,215.74,1143.6,12.16,0.32,0,163.87,17,0.251,0,0,1
1717.25,11,340.9,1675.59,40.95,0.071,1,20.84,4,0.28,0,0,0
2990.18,7,91.17,1110.76,112.87,0.576,1,184.07,12,0.222,0,1,1
1314.55,8,118.58,628.75,10.68,0.366,0,128.46,8,0.334,0,0,0
645.61,5,275.91,2195.24,15.75,0.271,0,246.3,20,0.139,0,1,0
1598.24,5,173.65,385.28,3.29,0.288,2,83.93,4,0.207,0,0,0
2462.78,6,229.9,850.73,33.84,0.197,0,151.88,17,0.412,0,0,1
938.53,6,98.24,684.99,102.05,0.454,0,103.65,21,0.189,0,0,0
1428.37,0,212.58,1473.94,39.35,0.233,2,20.0,20,0.109,0,0,0
706.65,8,215.6,553.87,21.73,0.281,0,308.48,19,0.354,0,0,0
5537.2,7,174.12,645.03,118.13,0.43,0,195.61,2,0.547,1,0,1
1346.88,5,296.67,483.84,37.99,0.102,1,177.56,11,0.373,0,0,0
7729.16,3,123.24,121.14,181.91,0.045,1,31.96,13,0.088,0,0,1
8339.41,4,421.52,1740.24,69.36,0.204,1,133.77,1,0.059,0,0,1
1667.29,6,284.25,1583.38,121.14,0.447,1,191.6,21,0.35,0,0,1
659.55,4,171.45,969.76,52.25,0.269,1,210.23,16,0.214,0,0,0
224.55,4,20.0,341.91,227.15,0.118,2,211.75,17,0.565,0,0,0
414.87,6,486.18,350.92,37.27,0.214,2,195.98,5,0.058,0,0,0
457.68,3,314.93,29.33,51.17,0.232,1,99.72,0,0.145,0,0,0
7175.8,3,381.89,64.66,7.21,0.28,2,294.06,8,0.296,0,0,1
2030.07,3,328.53,576.9,138.01,0.159,0,240.45,16,0.244,0,0,0
2669.39,5,358.36,40.88,20.4,0.434,0,146.06,17,0.453,0,0,0
196.29,7,283.12,83.6,54.69,0.415,2,138.53,0,0.125,0,0,0
545.68,5,296.53,231.43,22.36,0.299,0,87.87,19,0.544,0,0,0
4389.98,6,272.7,374.33,108.23,0.315,0,142.97,14,0.399,1,1,1
2408.54,2,350.48,537.65,5.85,0.265,0,218.61,23,0.489,0,0,0
1560.55,2,355.42,313.87,115.88,0.722,0,290.33,17,0.333,0,1,0
3180.65,5,296.83,2259.91,49.14,0.358,0,174.08,21,0.814,1,0,1
9281.68,5,358.31,2411.04,156.75,0.759,2,298.25,8,0.284,0,0,1
1449.48,3,366.49,46.14,35.02,0.105,2,294.25,3,0.791,0,1,0
1937.92,9,181.76,3382.22,33.99,0.165,1,107.31,7,0.346,0,0,0
2192.06,4,177.4,151.87,22.22,0.213,1,161.0,7,0.241,0,1,0
19773.73,6,352.2,322.03,19.95,0.114,0,195.34,18,0.453,0,0,1
221.55,6,168.49,1451.28,6.58,0.428,2,251.44,7,0.388,0,0,0
3580.38,4,302.11,931.08,19.82,0.254,1,141.78,18,0.394,0,1,1
1611.95,8,136.14,48.01,46.97,0.166,1,253.32,21,0.204,0,0,0
3186.8,5,222.97,1191.91,4.41,0.243,0,116.73,16,0.581,0,0,0
936.95,5,20.0,870.71,10.29,0.062,0,151.44,19,0.238,0,0,0
1721.64,7,179.06,2404.57,98.29,0.399,1,171.55,22,0.1,0,0,0
3682.73,6,269.03,1926.44,4.79,0.573,0,20.0,23,0.271,0,0,1
40656.35,6,159.11,2958.42,13.81,0.079,1,180.33,9,0.383,0,0,1
4056.34,7,45.39,485.41,0.19,0.47,2,174.36,20,0.262,0,1,1
774.28,6,156.03,980.72,63.43,0.258,0,173.61,0,0.338,0,0,0
1183.51,9,213.24,2614.16,95.14,0.283,0,257.66,21,0.435,0,0,0
1148.93,4,310.69,1.7,105.82,0.273,1,136.16,15,0.568,0,0,0
300.17,5,244.53,1244.46,115.23,0.232,2,178.81,2,0.37,0,1,0
1299.73,10,136.96,44.37,25.84,0.082,0,83.66,1,0.01,0,0,0
3762.46,4,380.03,5000.0,40.99,0.048,0,106.41,7,0.287,0,0,0
505.61,1,458.18,11.18,56.62,0.663,0,186.39,2,0.127,0,0,0
5158.92,7,161.15,647.21,123.04,0.481,2,236.07,6,0.234,1,1,1
2944.74,2,466.1,588.7,79.59,0.28,1,413.7,12,0.168,0,1,1
867.63,7,218.26,290.77,33.58,0.313,1,259.07,13,0.196,0,1,0
1569.43,6,305.94,1054.45,35.64,0.59,0,230.74,21,0.317,0,0,1
8940.28,5,407.27,237.64,20.5,0.247,2,185.44,0,0.664,0,1,1
3765.17,5,400.12,274.88,0.59,0.153,1,279.86,3,0.304,0,0,1
1823.99,1,212.45,159.11,7.8,0.361,5,342.01,4,0.548,0,1,0
1425.56,4,401.76,1001.6,20.15,0.118,0,251.47,5,0.321,0,0,0
1952.0,7,314.21,149.1,46.56,0.19,0,143.93,18,0.173,0,0,0
1083.81,3,233.74,1823.66,62.59,0.196,0,184.26,15,0.433,0,0,0
220.36,9,164.55,271.56,110.83,0.202,1,248.05,22,0.161,0,1,0
13935.26,6,227.05,584.88,40.43,0.121,0,233.52,19,0.362,0,0,1
2111.86,7,339.07,515.58,25.06,0.128,1,51.64,4,0.171,0,0,0
2692.29,4,204.18,969.48,58.79,0.232,0,118.35,0,0.363,0,1,1
1706.32,4,282.96,213.3,24.87,0.062,2,89.78,0,0.435,0,1,0
866.86,3,188.39,1459.29,5.74,0.12,1,48.08,0,0.096,0,0,0
1501.28,6,358.41,1071.21,0.21,0.117,2,167.69,4,0.156,0,0,1
365.26,2,146.96,335.59,61.62,0.257,0,210.86,22,0.085,0,0,0
17625.23,7,521.27,102.53,114.68,0.113,0,155.67,20,0.426,0,0,1
526.1,5,278.91,562.18,56.67,0.16,1,162.51,7,0.291,0,0,0
644.22,1,170.55,3150.92,1.4,0.524,1,35.4,6,0.187,0,0,0
1164.14,8,188.52,19.64,12.38,0.04,1,97.52,11,0.135,0,0,0
6555.61,7,127.86,1490.75,146.28,0.399,0,144.92,3,0.464,1,0,1
1834.47,1,374.41,962.55,61.84,0.082,0,164.6,12,0.162,0,0,0
525.24,2,288.87,161.87,66.87,0.174,0,264.02,16,0.107,0,0,0
6338.13,3,289.25,517.65,82.08,0.384,1,148.41,4,0.27,0,0,1
3755.59,7,300.72,790.4,121.86,0.213,0,256.08,23,0.516,0,1,1
3097.76,4,164.02,954.38,28.92,0.508,1,208.05,17,0.157,0,0,0
3698.69,2,215.15,2034.35,28.12,0.498,0,206.73,12,0.357,0,1,1
19818.32,6,29.38,1651.34,1.17,0.358,1,46.63,0,0.129,0,0,1
16076.2,2,483.73,318.51,138.36,0.514,1,165.86,10,0.267,0,0,1
909.85,7,87.03,102.3,6.99,0.105,1,257.0,4,0.192,0,0,0
9171.76,3,179.25,88.09,29.95,0.108,1,37.48,2,0.763,0,1,1
2652.26,4,224.66,2772.42,45.82,0.219,3,262.36,14,0.641,0,0,1
2978.26,6,278.78,2495.56,253.51,0.057,0,370.46,20,0.143,0,0,1
332.86,4,260.79,1369.68,25.48,0.036,0,46.67,8,0.448,0,0,0
1524.79,6,306.86,3148.33,55.24,0.472,0,66.44,17,0.223,0,0,0
802.05,5,490.99,256.35,152.54,0.104,0,226.99,9,0.134,0,1,0
4138.38,5,298.2,1396.95,42.37,0.125,0,195.37,19,0.226,0,0,1
5276.83,5,120.49,558.09,38.22,0.515,2,76.88,21,0.143,0,0,0
227.13,7,435.76,1284.44,42.55,0.493,0,280.46,10,0.434,1,1,0
1768.64,6,423.76,754.99,85.15,0.141,2,122.06,19,0.241,0,1,0
5551.71,4,288.4,1497.6,2.18,0.234,0,57.35,16,0.273,0,0,1
1500.15,5,319.65,405.13,71.38,0.272,2,152.16,9,0.197,0,1,1
3748.32,6,167.81,3618.12,9.45,0.38,1,289.83,6,0.166,1,1,1
2568.73,3,374.78,197.98,72.89,0.029,1,126.95,2,0.718,0,1,0
2544.43,6,147.45,893.28,80.49,0.421,2,209.08,6,0.094,0,0,1
1378.41,10,169.69,1297.93,49.2,0.195,2,66.69,16,0.568,0,0,0
535.62,5,335.92,705.03,28.91,0.291,0,294.01,1,0.312,0,0,0
589.03,8,370.43,274.33,65.93,0.224,1,74.12,10,0.417,0,1,0
3675.16,6,141.69,659.15,0.96,0.382,0,153.9,13,0.325,0,0,0
1843.57,5,202.34,562.09,52.31,0.313,1,311.59,14,0.26,0,1,0
1574.18,5,207.46,168.7,13.22,0.321,1,64.6,0,0.301,0,0,0
1183.36,7,377.45,1152.44,54.01,0.229,0,153.76,7,0.248,0,1,0
1332.5,7,206.52,248.69,7.41,0.259,1,131.08,14,0.47,0,0,0
5150.82,4,212.06,1427.57,9.9,0.205,1,244.37,3,0.463,0,0,1
1293.05,6,410.66,192.96,30.06,0.646,0,127.66,17,0.271,0,0,0
472.92,4,79.46,558.23,37.75,0.323,0,242.27,1,0.766,0,0,0
3803.4,8,176.26,950.53,26.92,0.296,1,126.62,11,0.346,0,0,1
1473.1,4,20.0,4384.02,47.22,0.364,1,166.69,16,0.813,0,1,0
1865.71,2,20.0,252.85,2.75,0.561,3,321.94,23,0.307,0,1,0
9023.42,5,176.32,807.62,10.74,0.397,0,164.48,18,0.192,0,0,1
1771.25,6,41.74,133.18,0.18,0.439,0,304.62,21,0.085,0,0,0
2414.35,4,101.65,1370.24,41.74,0.312,1,220.91,18,0.251,0,0,0
556.17,5,20.0,1581.19,58.66,0.108,1,255.22,19,0.23,0,0,0
1451.47,7,211.19,1751.1,33.05,0.27,1,191.48,17,0.283,0,0,0
3326.0,8,330.04,2328.15,30.92,0.299,0,75.61,2,0.69,0,0,1
381.7,4,243.28,351.65,27.73,0.278,1,20.0,23,0.229,0,0,0
2210.22,5,361.66,878.36,20.47,0.384,2,86.39,5,0.357,0,0,0
1999.78,6,92.82,303.54,44.37,0.243,1,227.18,19,0.385,0,0,0
1884.25,2,459.53,1302.91,0.31,0.554,1,123.35,19,0.386,0,0,0
5100.83,3,238.22,429.73,45.25,0.307,0,36.89,1,0.478,0,1,1
2526.12,6,101.78,647.58,33.66,0.114,1,35.35,17,0.352,0,1,0
7927.33,3,237.9,114.16,49.11,0.41,0,355.86,4,0.226,0,0,1
669.42,5,295.12,1520.33,96.36,0.049,1,206.99,19,0.375,0,0,0
2071.29,8,345.61,527.68,88.22,0.223,0,274.44,15,0.401,0,0,1
1967.4,2,403.06,818.38,82.28,0.319,1,138.31,19,0.772,0,1,1
620.64,3,261.96,885.19,26.51,0.378,1,270.45,9,0.268,0,0,0
4704.6,3,242.1,256.44,24.71,0.34,2,257.7,18,0.468,0,0,1
18484.23,7,291.53,1267.73,11.59,0.197,1,330.81,4,0.048,0,0,1
1777.55,7,401.77,1431.95,1.61,0.099,2,212.81,18,0.464,0,1,1
2995.96,7,162.06,580.13,35.18,0.179,0,256.93,17,0.488,0,1,1
1967.5,3,148.16,1861.59,183.88,0.215,0,184.41,15,0.145,0,0,0
885.73,2,238.84,140.34,69.75,0.389,1,141.4,3,0.017,0,0,0
292.73,4,384.16,428.14,39.65,0.203,1,287.27,17,0.341,0,1,0
892.68,5,186.72,36.27,17.69,0.102,2,251.23,8,0.209,0,1,0
449.46,7,338.5,406.75,6.5,0.203,1,215.71,15,0.104,0,0,0
9937.81,5,300.42,4657.49,15.31,0.347,0,194.65,7,0.236,0,0,1
1611.45,4,198.06,497.68,38.2,0.183,1,143.89,8,0.149,0,1,0
1279.32,9,178.32,434.69,48.92,0.368,1,175.98,2,0.236,0,0,0
4399.09,6,291.43,931.34,22.78,0.471,0,175.78,14,0.128,0,0,1
588.9,12,109.95,39.86,5.54,0.255,1,173.79,1,0.437,0,0,0
839.78,3,412.47,349.28,15.25,0.331,0,175.55,23,0.195,0,0,0
1935.41,4,431.63,609.26,14.85,0.177,1,123.34,11,0.156,0,1,0
5058.22,6,230.39,529.42,38.3,0.561,0,106.37,16,0.205,0,0,1
2985.99,6,483.76,822.84,5.45,0.359,3,293.03,12,0.234,0,1,1
2317.69,4,279.21,119.67,17.0,0.348,1,196.0,20,0.46,0,1,1
1954.95,2,189.58,412.15,21.05,0.274,1,133.22,3,0.888,0,1,0
2697.92,5,204.01,803.22,37.46,0.211,1,274.98,11,0.041,0,0,1
2212.0,8,226.27,287.23,17.74,0.254,2,345.75,16,0.174,0,0,1
645.5,6,186.15,759.22,8.12,0.3,0,183.98,16,0.506,0,0,0
1893.3,2,150.91,2542.03,1.29,0.042,1,460.9,7,0.757,0,0,0
617.89,4,380.85,2131.83,9.5,0.194,1,80.61,23,0.162,0,0,0
1960.75,4,225.53,1034.28,87.07,0.174,1,276.95,17,0.319,0,0,0
1118.06,4,24.23,156.45,21.56,0.283,0,20.0,4,0.461,0,0,0
22911.21,2,543.99,1226.88,38.72,0.2,1,136.84,3,0.484,0,0,1
1737.33,5,328.26,473.49,33.67,0.239,0,72.11,10,0.246,0,0,0
443.97,8,25.41,2424.81,16.17,0.183,0,59.06,11,0.549,0,1,0
1581.01,4,75.6,756.21,92.73,0.3,0,138.26,12,0.545,0,0,0
3039.23,7,50.33,196.33,139.54,0.373,0,174.77,7,0.576,0,1,0
9636.99,2,262.85,299.67,11.94,0.539,1,44.45,18,0.278,0,0,1
1002.8,3,303.81,307.42,82.36,0.078,1,162.27,7,0.523,0,0,0
371.51,3,280.18,258.69,70.49,0.362,2,228.46,10,0.121,0,0,0
4092.2,5,190.12,1182.1,91.09,0.074,2,255.15,23,0.461,0,1,1
454.59,4,177.69,328.48,26.29,0.189,0,244.06,17,0.462,0,0,0
1168.93,6,270.0,174.15,57.96,0.376,1,191.12,18,0.116,0,0,0
1397.42,6,175.29,725.26,10.54,0.29,0,80.03,14,0.312,0,0,0
1686.43,4,255.11,500.06,172.29,0.729,0,228.97,13,0.168,0,0,0
3601.71,3,343.7,17.93,64.13,0.03,0,119.65,1,0.298,0,0,0
912.66,2,174.07,261.82,3.98,0.338,1,70.72,8,0.437,0,0,0
1375.08,5,415.44,31.15,105.18,0.511,0,122.84,19,0.393,0,0,0
1782.42,5,86.93,1165.51,159.8,0.234,3,183.33,8,0.321,0,1,1
2099.8,3,196.12,2413.15,20.3,0.256,5,192.42,5,0.296,0,1,0
1993.86,2,250.48,554.79,38.71,0.156,1,172.53,7,0.288,0,1,0
2796.17,3,89.49,653.46,240.95,0.238,0,285.7,11,0.265,0,0,0
4204.2,4,269.03,1491.9,29.98,0.338,0,251.65,7,0.431,0,0,1
2677.49,8,300.19,15.32,54.79,0.497,0,246.36,4,0.551,0,1,0
2845.76,5,97.91,141.7,30.12,0.597,2,108.62,16,0.289,0,1,1
371.58,7,166.17,849.88,3.93,0.213,1,132.37,13,0.075,0,0,0
1901.18,2,169.81,1083.03,35.62,0.208,1,129.84,7,0.402,0,0,0
2920.49,7,62.53,787.22,87.65,0.345,1,288.45,23,0.087,0,0,1
3747.86,4,279.03,2240.72,2.12,0.544,1,63.0,20,0.647,1,1,0
904.74,3,224.03,398.55,29.08,0.384,1,178.72,9,0.486,0,1,0
935.39,5,139.74,647.89,86.38,0.131,0,190.97,18,0.238,0,0,0
1018.31,4,214.89,2506.23,21.8,0.563,1,254.68,22,0.477,0,0,0
3091.51,7,246.51,1839.19,189.49,0.191,0,318.77,6,0.479,0,0,0
5084.14,7,20.0,25.03,24.16,0.405,1,191.43,1,0.35,0,0,1
1202.96,6,243.1,347.26,76.43,0.235,1,208.54,21,0.113,0,1,0
4482.62,6,156.57,1074.57,14.09,0.298,2,190.21,11,0.51,0,1,1
2045.67,3,41.95,1.0,20.2,0.217,3,223.98,0,0.239,0,1,0
1596.73,9,331.83,1590.15,63.83,0.219,1,132.38,0,0.52,0,0,0
1463.54,4,155.32,557.9,2.94,0.109,0,317.22,22,0.074,0,0,0
3814.68,7,448.8,72.46,4.92,0.173,2,194.58,22,0.608,0,0,1
2503.83,6,256.57,467.38,15.51,0.353,0,149.67,16,0.244,0,0,0
17603.01,1,251.64,542.8,14.44,0.361,0,69.98,20,0.624,0,0,1
771.07,0,313.29,365.74,3.42,0.212,1,204.35,19,0.463,0,0,0
3035.41,5,464.38,484.57,178.56,0.064,1,286.82,20,0.371,0,1,1
1065.07,7,178.28,1776.04,17.37,0.144,1,148.3,23,0.64,0,1,0
758.02,6,393.77,313.33,64.1,0.507,1,220.42,2,0.688,0,1,0
1788.5,5,203.59,2593.65,24.96,0.38,0,204.81,19,0.127,0,0,0
2074.24,1,211.44,929.3,235.3,0.267,3,216.69,14,0.39,0,1,1
33462.26,5,235.5,1810.81,7.56,0.535,0,68.53,22,0.247,1,0,1
1503.96,8,224.79,187.54,23.44,0.061,3,179.37,11,0.506,0,1,0
583.95,9,212.95,541.58,28.26,0.04,1,186.32,8,0.121,0,0,0
2375.61,3,72.83,666.7,63.17,0.155,0,163.66,8,0.265,0,0,0
227.09,3,241.43,71.31,34.26,0.138,0,105.11,11,0.487,0,0,0
1649.2,3,210.58,544.41,69.38,0.064,1,162.94,18,0.486,0,0,0
1837.25,3,379.7,1578.36,92.02,0.283,0,256.02,1,0.333,0,1,0
4002.2,7,241.03,42.88,17.07,0.134,1,164.96,15,0.629,0,1,0
4786.82,5,37.25,822.46,81.46,0.184,0,176.48,7,0.454,0,0,0
1092.73,5,200.75,3590.32,33.82,0.532,0,192.26,5,0.398,0,0,0
1555.24,3,315.63,599.65,3.98,0.175,0,180.85,20,0.167,0,0,1
840.4,7,66.96,289.2,17.62,0.181,1,240.67,6,0.601,0,0,0
585.19,7,20.0,703.48,81.21,0.431,1,117.2,23,0.138,0,0,0
2464.87,2,309.78,623.73,24.63,0.295,0,147.9,1,0.731,1,0,0
505.94,6,363.03,88.89,4.9,0.378,0,99.69,8,0.168,0,0,0
1194.37,5,334.38,192.94,50.85,0.073,1,67.86,22,0.381,0,0,0
668.36,2,372.38,885.48,94.96,0.161,0,213.12,18,0.365,0,0,0
3132.8,5,127.56,718.29,7.13,0.196,0,246.43,1,0.273,0,0,0
10953.67,1,280.87,337.67,39.15,0.282,2,155.86,23,0.31,0,1,1
491.97,4,293.99,3072.82,11.64,0.362,0,138.58,7,0.236,0,0,0
283.43,7,386.53,827.99,20.61,0.626,0,157.69,7,0.231,0,0,0
1595.77,5,369.12,209.93,26.71,0.331,0,38.08,9,0.418,0,1,0
1836.65,5,335.97,509.69,0.26,0.296,0,168.57,7,0.654,0,0,0
2249.94,2,177.13,994.7,21.98,0.239,0,70.16,20,0.252,0,0,0
1157.11,5,31.11,891.76,18.51,0.041,0,66.37,10,0.315,0,0,0
1479.35,6,20.0,226.24,55.19,0.564,0,174.61,2,0.046,0,0,0
2611.06,3,314.65,834.95,106.06,0.189,0,261.82,2,0.247,0,0,1
5117.55,6,350.43,323.82,5.56,0.176,0,154.21,11,0.281,0,0,1
255.94,4,162.4,489.26,32.97,0.364,0,326.85,8,0.28,0,0,0
1250.2,5,330.85,884.87,16.2,0.348,1,233.99,16,0.276,0,0,0
2239.05,4,311.83,695.9,219.17,0.499,0,166.47,4,0.369,0,0,1
722.0,9,120.62,997.87,75.78,0.447,3,332.87,0,0.276,0,0,0
10210.48,11,385.17,384.8,6.27,0.057,0,31.91,7,0.558,0,0,1
957.75,5,288.98,1115.46,23.01,0.03,0,239.38,15,0.25,0,1,0
1734.9,4,20.0,12.63,5.89,0.363,0,270.61,23,0.361,0,0,0
3152.72,5,194.94,166.57,77.33,0.233,0,136.71,14,0.348,0,0,0
1000.96,4,370.21,2896.2,33.38,0.677,2,292.21,11,0.181,0,0,1
285.27,6,158.52,72.58,52.11,0.325,1,118.24,19,0.638,0,1,0
1177.73,4,375.21,867.54,42.77,0.103,0,167.42,2,0.426,0,1,0
5061.61,5,394.67,1988.8,10.08,0.224,2,207.17,6,0.147,0,0,1
1290.91,5,157.43,1570.3,0.65,0.094,0,148.09,22,0.271,0,1,0
775.54,3,123.89,1951.23,102.1,0.127,0,135.22,0,0.205,0,0,0
4562.71,2,327.19,3303.59,4.84,0.356,2,130.18,14,0.181,0,0,1
1298.84,7,309.51,353.63,78.38,0.207,0,152.52,13,0.399,0,0,0
1085.55,6,318.38,320.57,10.63,0.601,0,264.29,16,0.322,0,0,1
2099.5,4,232.92,103.05,95.79,0.533,0,314.68,8,0.012,0,0,1
3907.88,4,421.3,180.01,45.04,0.256,0,20.0,12,0.261,0,0,1
19569.23,4,357.71,846.46,25.47,0.185,0,237.58,19,0.429,0,1,1
4134.97,3,197.23,321.75,53.7,0.289,1,119.05,4,0.406,0,0,1
5766.61,5,334.13,333.8,15.99,0.311,0,267.89,9,0.067,0,0,1
1090.11,5,267.22,830.59,27.12,0.372,2,249.2,15,0.398,0,1,0
648.16,0,76.34,88.41,86.79,0.564,0,111.91,15,0.148,0,0,0
1924.33,6,68.45,46.06,0.45,0.016,1,137.2,9,0.058,0,0,0
2012.57,5,246.05,1298.99,13.33,0.183,1,155.1,7,0.089,0,0,0
614.92,9,181.77,1247.93,67.6,0.301,1,244.78,6,0.56,0,0,0
1517.33,4,125.49,389.02,63.55,0.582,1,182.97,16,0.161,0,1,0
2695.44,8,200.85,719.29,8.94,0.332,1,114.41,20,0.043,0,0,0
2592.54,7,317.36,217.53,203.7,0.207,1,140.65,21,0.467,0,1,1
2993.77,4,286.06,366.63,56.42,0.066,0,242.51,5,0.222,0,0,0
2418.65,6,248.21,29.67,23.21,0.095,0,256.1,19,0.248,0,0,0
1088.97,9,53.9,255.73,21.61,0.531,0,58.03,0,0.532,0,0,0
1081.49,7,26.25,13.21,36.98,0.542,0,198.66,16,0.226,0,0,0
545.14,1,409.8,441.42,1.84,0.025,2,77.73,23,0.375,0,1,0
10772.75,7,241.1,586.71,62.68,0.407,0,216.13,15,0.144,0,0,1
1832.53,9,347.54,547.08,3.54,0.325,0,176.96,18,0.211,0,0,0
1443.96,4,265.71,333.27,52.92,0.505,0,216.43,1,0.26,0,0,0
714.23,5,160.55,185.49,80.91,0.277,2,88.47,17,0.193,0,0,0
34052.47,2,201.75,484.61,117.84,0.353,2,314.6,23,0.432,0,0,1
618.11,5,389.78,1631.74,7.99,0.619,1,246.51,0,0.499,0,0,0
1177.5,2,320.35,3270.53,68.41,0.365,1,182.48,0,0.452,0,1,0
2740.34,0,157.01,300.02,204.59,0.448,1,291.0,14,0.52,0,0,1
3295.17,4,357.53,2933.05,3.51,0.067,1,328.66,10,0.183,0,1,1
4712.3,5,158.66,456.11,1.43,0.449,2,144.17,15,0.315,0,0,1
11021.56,5,297.57,760.03,11.94,0.296,0,162.23,18,0.424,0,0,1
2999.37,5,52.65,1302.54,11.47,0.251,1,243.99,17,0.572,0,0,0
628.9,5,226.75,356.31,19.24,0.379,1,34.85,7,0.514,0,1,0
1398.36,6,280.52,186.84,128.56,0.324,1,136.14,13,0.132,0,0,0
2459.79,8,182.07,255.15,57.45,0.335,0,121.76,1,0.132,0,0,0
14303.02,6,342.87,1459.18,0.54,0.125,1,199.94,8,0.109,1,0,1
446.84,2,105.84,2180.26,34.2,0.181,2,88.96,8,0.475,0,0,0
6018.4,5,340.37,110.02,104.26,0.142,2,104.79,6,0.257,0,0,1
2164.43,1,289.54,948.68,38.22,0.206,0,319.77,18,0.19,0,0,1
4179.01,3,157.09,28.42,10.8,0.137,0,327.49,10,0.378,0,0,1
1632.72,10,53.2,1663.26,153.91,0.412,3,303.8,18,0.435,0,1,1
778.65,3,439.55,1554.96,18.36,0.103,0,40.13,22,0.076,0,0,1
3830.97,6,246.5,1191.91,21.55,0.154,0,164.99,20,0.427,0,0,0
3478.76,3,184.47,1391.55,22.03,0.146,1,165.05,22,0.182,0,0,1
4779.34,3,202.94,741.78,25.1,0.713,0,323.55,6,0.236,0,0,1
1784.15,6,132.35,127.49,61.68,0.152,0,224.46,13,0.266,0,0,0
992.45,5,328.26,1967.93,18.88,0.42,2,59.37,7,0.553,0,0,0
380.4,5,265.35,121.61,31.28,0.196,0,224.97,14,0.156,0,0,0
4102.59,3,81.62,204.12,15.29,0.254,1,112.37,3,0.405,0,0,0
2762.49,4,256.24,453.37,35.46,0.445,0,170.5,18,0.582,0,0,1
688.29,4,92.03,551.27,147.21,0.296,1,139.8,2,0.25,0,0,0
1055.14,7,344.95,81.02,17.1,0.217,2,201.42,4,0.274,0,1,0
1133.7,3,158.39,1147.31,84.76,0.107,0,225.91,21,0.233,0,0,0
410.35,2,389.77,118.16,12.36,0.236,1,203.97,9,0.138,0,1,0
798.17,4,426.91,850.81,7.81,0.128,1,133.48,16,0.32,0,0,0
581.82,4,203.38,481.16,4.78,0.178,1,184.45,12,0.264,0,0,0
1196.94,4,157.05,1332.54,195.26,0.213,1,93.14,7,0.458,0,1,0
863.77,2,72.43,280.33,42.25,0.05,0,160.79,14,0.355,0,0,0
355.31,6,21.29,1448.89,36.11,0.272,0,128.72,18,0.235,0,0,0
13664.96,7,69.96,232.56,0.36,0.32,0,20.0,1,0.273,0,1,1
6326.74,7,185.08,683.3,33.11,0.216,2,194.59,9,0.077,0,0,1
829.63,4,20.0,532.6,54.34,0.246,1,116.32,14,0.315,0,0,0
2374.21,4,338.52,347.8,26.38,0.414,0,84.69,10,0.11,0,0,0
2744.8,4,307.09,9.48,6.9,0.15,1,281.77,14,0.197,0,0,0
5949.64,5,307.39,405.8,15.58,0.2,0,105.1,7,0.683,0,0,1
797.43,7,390.59,100.78,62.61,0.585,0,287.59,8,0.113,0,0,0
5388.96,6,110.12,204.08,32.25,0.414,2,123.17,15,0.228,0,0,1
1045.34,3,117.14,932.57,32.63,0.295,0,46.99,3,0.702,0,0,0
475.39,8,385.51,677.58,1.96,0.077,0,172.58,6,0.202,0,1,1
3729.9,4,182.1,599.06,37.68,0.72,0,205.6,8,0.46,0,0,1
6573.22,4,297.12,664.12,27.65,0.227,0,232.32,15,0.287,0,0,1
24050.45,1,20.0,102.32,105.86,0.442,0,122.84,4,0.366,0,0,1
544.72,3,378.59,143.91,23.97,0.127,0,115.19,7,0.236,0,0,0
3637.02,5,292.42,626.11,46.98,0.137,1,218.74,22,0.585,0,1,0
1200.15,6,69.6,417.82,137.36,0.027,1,207.9,2,0.213,0,1,0
3957.46,7,426.1,497.71,41.76,0.266,1,278.95,20,0.593,0,1,1
415.51,5,268.5,1690.58,1.51,0.34,0,99.73,14,0.113,0,0,0
511.44,8,481.92,163.82,5.36,0.498,0,74.23,7,0.29,0,0,0
832.24,3,20.0,1932.59,170.33,0.141,3,132.53,12,0.196,0,0,0
1956.6,5,292.64,1558.66,40.16,0.512,1,262.59,10,0.289,0,0,0
952.34,2,177.03,1856.5,10.49,0.464,2,103.35,22,0.285,0,0,0
3494.88,5,213.98,820.35,41.94,0.304,0,111.32,9,0.153,0,0,0
5048.74,2,267.83,1595.7,157.8,0.35,2,154.58,21,0.093,0,0,1
3293.08,6,33.83,3785.44,2.29,0.15,0,216.18,17,0.451,0,0,0
9125.13,7,503.0,510.04,37.44,0.069,1,256.87,18,0.336,0,1,1
2740.31,3,457.91,1583.29,7.32,0.166,1,131.23,4,0.043,0,1,1
535.45,4,276.98,1872.17,29.6,0.183,0,309.02,18,0.423,0,0,0
7068.31,5,91.88,296.58,53.15,0.556,1,105.65,14,0.152,0,0,1
987.17,6,215.44,467.73,30.73,0.24,1,198.77,11,0.272,0,0,0
4493.64,6,277.95,682.04,164.58,0.192,0,135.03,3,0.176,0,0,1
8723.14,5,168.02,343.59,43.92,0.317,0,227.9,3,0.236,0,0,1
2854.6,4,353.2,311.06,165.66,0.345,1,333.73,13,0.781,0,1,1
404.98,7,267.86,383.35,18.87,0.462,2,108.06,18,0.231,0,0,0
721.83,6,241.21,441.19,1.07,0.586,2,160.22,23,0.39,0,1,0
6786.87,4,343.62,232.57,8.4,0.524,1,217.96,6,0.262,0,0,1
1526.72,5,43.15,512.92,3.71,0.468,0,141.85,15,0.234,0,0,0
1957.79,7,154.95,1206.76,67.16,0.268,1,199.0,13,0.284,0,0,0
3861.55,3,236.5,783.57,10.53,0.426,1,247.96,4,0.604,1,0,1
3627.59,4,160.06,382.12,70.75,0.418,1,195.75,17,0.3,0,0,1
2389.41,3,79.79,135.87,38.56,0.425,0,50.78,20,0.123,0,0,0
1467.52,6,109.96,1390.01,12.22,0.156,1,131.39,0,0.425,0,0,0
1322.57,8,249.42,572.86,47.52,0.03,2,89.62,8,0.098,0,1,1
4263.73,2,281.25,2839.02,0.58,0.257,0,62.09,10,0.262,0,0,1
3145.0,8,526.18,233.02,20.38,0.032,0,278.97,5,0.467,0,1,1
1397.86,1,379.54,154.4,76.78,0.313,0,161.05,16,0.437,0,0,0
5335.36,7,117.55,6.43,69.16,0.136,2,78.8,15,0.061,0,0,1
1589.17,9,398.36,68.99,78.2,0.358,1,277.06,7,0.367,0,1,1
771.5,8,256.13,389.43,44.28,0.231,2,232.27,15,0.236,0,1,0
846.43,3,232.11,176.76,42.58,0.426,3,44.8,10,0.251,0,0,1
679.43,3,168.39,30.9,26.16,0.349,0,210.43,8,0.31,0,0,0
1376.9,5,59.45,204.29,148.34,0.132,0,233.82,22,0.294,0,0,0
6208.81,8,251.09,1043.78,149.28,0.466,0,108.39,6,0.512,1,0,1
808.28,6,95.2,1064.52,0.44,0.697,1,123.58,5,0.268,0,0,0
2183.04,5,214.84,129.67,163.8,0.253,0,206.47,16,0.374,0,0,0
937.59,14,389.05,2205.24,102.22,0.49,2,240.63,0,0.428,0,1,0
1393.66,5,373.55,138.57,46.57,0.138,0,198.04,11,0.085,0,0,0
399.4,2,220.65,74.87,19.62,0.344,1,20.0,22,0.098,0,0,0
1450.21,8,370.09,142.29,27.3,0.448,3,77.43,16,0.272,0,0,1
1489.65,4,282.46,121.14,94.26,0.169,0,186.4,5,0.685,0,1,0
3103.51,4,430.11,799.1,7.99,0.55,3,23.87,14,0.538,0,0,1
2260.36,4,108.21,135.93,48.49,0.456,1,201.99,9,0.231,0,0,0
545.45,6,235.17,804.81,13.12,0.069,1,102.74,15,0.385,0,1,0
5346.5,3,191.96,259.03,23.76,0.07,0,222.76,22,0.265,0,0,1
2231.22,6,298.52,228.45,0.25,0.207,2,247.6,10,0.253,0,0,0
2204.8,3,291.24,1820.38,174.32,0.303,0,248.31,16,0.333,0,0,1
1791.52,6,248.69,192.98,5.75,0.455,1,20.0,4,0.284,0,0,0
1077.33,3,518.52,1599.53,72.09,0.268,2,124.87,2,0.276,0,1,0
2248.01,6,110.99,289.38,41.23,0.117,1,224.53,9,0.698,0,1,1
2909.07,4,145.95,3788.98,88.02,0.284,2,139.68,9,0.943,0,0,0
315.17,7,365.91,3167.67,36.25,0.182,0,334.16,8,0.168,0,0,1
1054.94,5,295.32,1406.41,207.98,0.196,1,258.76,2,0.14,0,1,0
1401.16,10,146.74,1620.49,46.7,0.399,0,222.66,2,0.477,0,0,0
2335.94,7,406.33,1386.46,47.91,0.129,0,60.33,4,0.616,0,1,0
5962.89,2,255.11,794.64,126.78,0.204,2,182.04,2,0.309,0,0,1
835.69,5,257.04,1324.48,14.92,0.333,0,68.4,4,0.194,0,0,0
1098.87,6,178.49,791.69,22.54,0.531,1,201.17,1,0.139,0,0,0
1082.97,4,303.04,1476.97,54.68,0.208,0,175.23,23,0.233,0,1,1
811.17,5,107.94,2193.53,7.61,0.196,1,240.99,4,0.237,0,0,0
1277.7,6,154.36,1119.73,82.93,0.232,1,223.51,7,0.526,0,0,0
3908.08,8,355.11,2674.8,44.81,0.404,0,62.94,0,0.458,0,0,1
630.28,7,20.0,475.7,70.31,0.434,0,215.17,2,0.229,0,0,0
2773.36,4,178.16,2076.35,231.6,0.346,1,160.2,5,0.788,0,1,1
329.67,6,317.96,205.19,188.32,0.135,1,95.78,9,0.404,0,0,0
1031.39,4,423.44,25.49,29.68,0.384,1,154.66,1,0.6,0,0,0
1300.51,5,268.82,109.66,16.5,0.018,0,155.91,15,0.498,0,0,0
9651.41,10,348.58,139.72,50.3,0.289,2,246.63,8,0.034,0,0,1
1373.61,3,325.26,1391.76,62.13,0.584,2,256.43,1,0.466,0,0,0
200.09,3,166.13,410.01,17.46,0.541,0,211.08,16,0.05,0,0,0
244.96,6,202.84,212.4,16.52,0.421,1,243.49,9,0.35,0,0,0
1870.63,4,261.72,1338.2,12.1,0.357,2,180.49,8,0.452,1,1,0
3340.15,6,488.01,180.64,120.08,0.09,2,126.7,6,0.253,0,1,0
2631.89,6,296.1,64.86,5.36,0.324,0,289.57,14,0.347,0,0,1
2137.88,8,234.16,502.17,14.14,0.154,2,280.97,9,0.306,0,0,0
5780.58,7,89.45,57.55,48.96,0.726,0,259.8,13,0.742,0,0,1
1054.06,3,201.88,261.62,31.52,0.214,0,344.27,11,0.583,0,0,0
4424.49,5,203.84,964.07,6.43,0.217,3,150.81,1,0.34,0,0,1
353.54,3,329.0,375.4,17.09,0.052,2,209.28,3,0.223,0,0,0
731.47,7,178.86,73.23,26.22,0.188,0,113.53,18,0.44,0,0,0
296.77,3,260.31,412.66,159.34,0.19,3,208.81,2,0.691,0,0,1
1373.55,4,272.51,575.83,25.19,0.554,2,246.3,20,0.576,0,0,0
1726.31,6,273.17,230.39,6.15,0.033,0,76.65,17,0.341,0,0,1
2026.57,6,172.68,149.92,179.44,0.23,0,97.67,1,0.732,0,0,1
1923.46,8,186.06,1147.29,28.46,0.223,0,151.24,10,0.324,0,0,0
715.12,7,288.5,56.2,7.52,0.736,1,288.63,1,0.399,0,1,0
1494.82,4,178.05,2514.77,47.22,0.23,0,280.9,8,0.325,0,0,0
404.46,4,43.38,6.1,82.66,0.222,1,196.62,22,0.1,0,0,0
7067.27,4,272.73,842.7,61.99,0.12,2,173.58,1,0.277,0,0,1
1334.58,6,20.0,114.73,18.67,0.173,1,183.36,10,0.142,0,1,0
1108.89,7,230.78,633.66,13.65,0.477,0,226.84,21,0.038,0,0,0
8856.8,8,121.63,165.92,107.23,0.501,2,317.75,2,0.255,0,1,1
522.04,3,215.7,27.94,10.78,0.068,2,197.52,0,0.013,0,0,0
586.64,4,454.79,1571.56,70.69,0.255,1,77.95,0,0.098,0,0,0
604.12,1,323.1,441.23,1.16,0.367,0,108.55,12,0.431,0,0,0
1689.4,5,179.94,257.51,27.2,0.543,1,194.38,22,0.256,0,0,0
2783.97,5,88.6,2354.08,209.74,0.403,0,114.94,8,0.168,0,0,0
3788.31,5,22.46,68.44,50.24,0.271,0,186.45,16,0.302,0,0,1
23670.75,1,86.42,342.8,18.6,0.393,2,198.42,19,0.636,0,1,1
190.67,7,139.24,156.19,60.16,0.231,0,136.03,22,0.274,0,1,0
3323.37,3,102.09,3786.03,21.8,0.099,1,163.41,15,0.629,0,0,1
1035.74,6,298.3,631.76,139.71,0.099,1,273.41,12,0.322,0,1,0
1005.85,4,237.22,1337.99,13.39,0.084,1,95.18,6,0.103,0,0,0
972.85,3,438.04,142.86,19.28,0.329,1,20.0,7,0.227,0,1,0
728.68,9,120.26,290.42,58.36,0.12,0,244.94,7,0.345,0,1,0
9745.15,4,205.5,773.24,79.31,0.161,0,192.59,19,0.111,0,0,1
4197.72,8,38.33,156.84,42.96,0.404,0,255.36,8,0.423,0,0,1
1850.47,6,254.85,554.62,17.07,0.05,0,164.82,7,0.225,0,1,0
6981.48,2,20.0,2146.07,42.56,0.223,0,334.39,20,0.242,0,0,1
398.41,9,111.89,2130.3,12.37,0.193,3,128.42,12,0.272,0,1,0
477.85,4,239.44,350.66,2.96,0.458,0,147.26,2,0.067,0,0,0
204.8,6,20.0,580.77,126.08,0.25,1,210.96,1,0.043,0,0,0
898.37,8,163.98,176.92,32.81,0.019,1,257.06,15,0.356,0,1,0
2125.36,9,186.46,3072.37,32.72,0.235,0,214.0,8,0.611,0,0,0
2003.92,5,349.31,586.96,68.28,0.323,0,130.49,5,0.236,0,0,0
2099.26,7,312.89,184.85,41.05,0.55,0,180.05,16,0.253,0,0,0
440.96,6,241.92,1490.24,30.28,0.462,3,227.69,7,0.72,1,1,1
4036.59,5,153.04,436.3,79.14,0.256,1,204.83,7,0.346,0,0,1
2297.62,6,214.1,808.78,32.22,0.173,1,289.71,17,0.656,0,1,0
3763.31,6,329.24,1484.1,121.94,0.605,2,100.02,3,0.389,0,0,1
272.39,6,283.36,295.93,18.28,0.411,0,185.93,8,0.605,0,0,0
2468.81,6,413.37,690.02,1.71,0.278,1,131.72,10,0.366,0,1,1
551.28,5,244.15,46.21,8.08,0.398,1,222.37,16,0.38,0,0,0
1215.22,6,271.7,213.83,85.51,0.105,1,79.18,19,0.243,0,1,0
3085.18,3,108.74,119.5,130.33,0.355,0,130.68,23,0.221,0,0,1
1980.48,2,215.2,826.69,3.9,0.334,3,119.26,12,0.49,0,1,0
771.6,11,265.35,235.13,119.68,0.084,0,206.7,6,0.43,0,0,0
1819.42,8,235.53,1141.65,143.84,0.411,0,66.56,0,0.836,0,0,0
390.91,8,457.54,1145.49,70.19,0.159,0,309.68,4,0.334,0,0,0
5711.67,1,90.28,1226.88,71.58,0.286,0,340.75,8,0.449,0,0,1
1472.5,7,203.81,113.83,0.08,0.14,0,176.87,11,0.654,0,0,0
5533.36,6,438.68,597.32,12.6,0.349,1,184.91,1,0.547,0,1,1
1067.92,3,333.06,909.3,12.08,0.086,0,260.73,23,0.246,0,0,0
1071.08,9,270.36,311.8,43.55,0.115,0,271.85,23,0.089,0,0,0
842.03,7,95.34,240.95,53.49,0.145,0,155.85,22,0.261,0,0,0
4342.36,5,270.61,1012.56,115.97,0.171,2,180.64,19,0.579,0,0,1
889.42,4,221.37,346.22,33.47,0.559,0,154.85,15,0.855,0,1,0
3444.71,6,379.43,228.95,34.76,0.158,1,172.06,16,0.33,0,0,1
1233.42,6,261.4,662.09,2.79,0.431,0,191.29,18,0.354,0,0,0
250.64,1,437.51,774.88,298.29,0.376,1,146.56,7,0.209,0,0,0
1022.17,7,486.97,1199.76,145.57,0.417,0,129.72,10,0.187,0,0,0
556.07,4,287.36,33.43,3.73,0.473,0,147.8,6,0.143,0,0,0
1870.39,4,297.73,153.4,40.79,0.469,0,267.14,20,0.367,1,0,1
549.82,6,232.5,1201.36,21.37,0.45,0,200.86,20,0.19,0,0,0
4564.09,2,57.66,607.21,27.96,0.091,0,309.69,20,0.644,0,1,1
1650.65,5,62.12,1312.23,52.73,0.197,1,32.98,5,0.312,0,0,0
1513.84,2,360.28,476.13,27.21,0.32,2,112.38,4,0.181,0,1,1
3483.85,5,417.89,492.04,34.22,0.05,0,207.33,0,0.067,0,0,1
4740.54,5,183.63,379.3,15.95,0.193,1,222.22,16,0.486,0,0,1
1772.07,1,214.12,940.04,4.3,0.381,1,301.19,1,0.117,0,0,0
836.14,7,216.07,713.68,70.36,0.025,2,166.82,11,0.195,0,0,0
306.75,3,153.55,399.03,23.77,0.034,1,217.52,3,0.256,0,1,0
910.46,4,517.85,166.16,108.84,0.329,0,72.49,3,0.527,0,1,0
975.34,2,205.44,1.92,145.0,0.287,2,169.27,15,0.166,0,0,0
2012.35,5,385.16,76.64,4.62,0.054,0,350.97,2,0.355,0,0,0
1280.3,4,20.0,91.29,57.66,0.144,0,187.56,9,0.12,0,0,0
3597.28,6,395.56,674.03,85.78,0.291,0,114.88,8,0.539,0,1,1
979.48,2,500.41,1139.02,52.07,0.63,1,296.36,13,0.5,0,1,0
1707.8,2,289.37,488.34,19.93,0.025,3,190.57,9,0.56,0,0,0
5907.56,7,337.17,427.9,16.74,0.285,2,89.08,5,0.251,0,1,1
2544.85,2,368.6,113.35,31.02,0.098,1,301.71,3,0.562,0,1,1
1702.69,7,317.35,1850.21,14.99,0.107,0,78.93,21,0.765,1,1,0
990.35,2,230.64,1063.02,113.04,0.246,0,304.26,20,0.223,0,0,0
959.84,7,154.75,431.53,2.51,0.245,2,83.0,8,0.628,0,0,0
772.31,7,341.91,81.64,5.98,0.09,1,202.5,4,0.402,0,0,0
1052.57,6,105.21,1497.08,46.64,0.133,2,239.79,2,0.164,0,0,0
3849.37,7,332.1,148.71,53.7,0.426,0,139.73,23,0.137,0,1,1
1448.25,7,128.18,895.17,66.6,0.221,0,171.71,9,0.207,0,0,0
468.82,4,116.56,331.94,16.12,0.184,2,121.5,4,0.099,0,0,0
10595.34,4,20.0,1570.35,17.44,0.468,0,78.07,22,0.119,0,0,1
2489.82,2,188.84,707.34,26.69,0.538,0,93.12,15,0.579,0,0,0
442.77,3,378.1,206.39,13.36,0.425,0,259.67,10,0.419,0,1,0
1162.29,4,328.57,10.2,23.68,0.074,0,298.22,9,0.071,0,0,0
2020.07,5,195.4,190.97,59.69,0.337,2,201.27,23,0.208,0,0,1
9942.68,3,146.8,363.73,34.52,0.343,0,314.5,0,0.257,0,0,1
596.98,4,449.1,985.86,169.97,0.358,0,307.62,0,0.214,0,0,0
4798.41,2,20.0,194.79,43.33,0.607,0,337.34,22,0.245,1,0,1
7328.21,6,247.52,242.51,19.92,0.37,0,268.36,19,0.601,0,1,1
964.25,4,116.65,456.89,10.03,0.05,1,338.9,23,0.574,0,1,0
1369.89,3,268.9,35.1,12.41,0.054,0,87.48,16,0.299,0,0,0
641.42,7,266.3,1170.2,0.81,0.562,0,271.58,20,0.523,0,1,0
1475.19,5,367.15,65.62,29.18,0.362,0,101.39,2,0.49,1,1,0
1743.08,9,395.29,1068.54,160.96,0.141,1,334.18,14,0.385,0,1,0
3496.96,7,20.0,249.54,75.1,0.339,0,60.36,21,0.113,0,0,1
5378.6,3,158.95,492.85,17.88,0.165,0,342.15,13,0.722,1,1,1
855.69,4,260.2,422.64,80.17,0.498,0,191.8,3,0.183,0,0,0
252.82,8,381.06,233.63,134.24,0.289,1,299.09,12,0.173,0,0,0
1770.04,7,320.22,236.26,55.84,0.142,1,180.57,20,0.428,0,0,0
2424.88,5,103.42,2381.53,35.85,0.415,2,145.07,6,0.411,0,0,0
2320.22,3,275.73,291.62,7.3,0.205,2,111.81,12,0.456,0,1,1
1304.18,6,348.47,161.78,4.15,0.469,0,264.23,12,0.301,0,1,0
2048.27,2,142.99,230.67,12.35,0.247,1,242.89,8,0.038,0,0,1
8229.21,11,162.53,950.48,54.43,0.44,2,136.28,5,0.073,0,0,1
2648.46,4,182.48,295.55,8.41,0.613,2,261.03,5,0.174,0,0,1
1244.68,7,165.11,150.61,38.09,0.554,0,52.07,5,0.498,0,0,0
1096.42,7,223.89,428.21,28.69,0.496,0,188.93,12,0.206,0,0,0
1525.61,6,248.56,100.04,49.52,0.043,0,307.26,0,0.161,0,0,0
9290.43,7,248.56,406.88,2.67,0.143,1,226.5,1,0.141,0,1,1
1505.23,4,305.05,1585.68,196.12,0.315,2,40.25,12,0.229,0,0,1
1772.61,2,209.32,373.33,58.55,0.384,1,46.98,19,0.111,0,1,0
1116.2,8,124.95,577.46,63.96,0.168,0,20.0,15,0.53,0,1,0
5426.14,5,136.77,1245.25,0.82,0.43,0,274.89,20,0.196,0,0,1
12833.8,5,310.01,580.49,4.14,0.342,2,89.96,20,0.267,0,0,1
2837.31,3,158.59,38.84,58.21,0.243,1,270.13,22,0.373,0,1,1
1964.07,4,296.47,193.52,5.81,0.569,0,225.76,1,0.271,0,0,0
1875.79,2,307.25,1797.45,112.86,0.206,1,128.33,20,0.117,0,0,0
166.62,7,375.15,1296.34,48.57,0.531,0,241.92,16,0.45,0,1,0
3809.11,6,139.62,1143.92,3.69,0.379,2,78.77,19,0.609,0,0,1
2067.65,1,149.74,634.32,47.55,0.236,0,135.79,11,0.334,0,0,0
2774.82,4,354.06,348.65,81.16,0.395,1,68.18,4,0.367,0,0,1
887.61,6,28.14,948.34,80.7,0.086,1,119.49,11,0.645,0,0,0
1230.95,7,324.15,870.97,25.64,0.3,2,207.0,15,0.154,0,1,0
1198.68,6,376.78,823.48,30.82,0.108,0,141.89,12,0.172,0,0,0
5022.2,4,31.03,560.42,66.62,0.062,0,77.04,14,0.161,0,0,1
1237.98,4,266.44,240.22,103.63,0.22,1,94.0,14,0.326,0,0,0
14510.97,10,190.28,457.35,78.89,0.092,0,84.94,8,0.389,0,0,1
2781.82,5,429.18,574.14,45.33,0.416,3,182.74,7,0.176,0,1,1
504.88,8,454.78,194.68,64.53,0.241,1,145.27,2,0.341,0,0,0
1589.94,8,541.73,209.15,52.83,0.321,1,118.54,17,0.169,0,1,0
942.3,3,428.76,1255.57,43.04,0.219,0,263.41,15,0.315,0,0,0
201.47,6,425.48,308.26,126.09,0.197,0,283.82,6,0.088,0,0,0
8950.56,7,568.14,2909.83,52.19,0.176,1,357.83,8,0.438,0,1,1
3652.41,6,267.63,458.72,24.06,0.359,1,194.22,3,0.412,0,0,1
3081.61,5,325.76,750.73,183.17,0.345,0,126.59,0,0.206,0,1,0
2133.25,6,439.88,560.85,149.49,0.282,0,171.91,16,0.497,0,0,0
453.95,2,239.4,543.59,75.83,0.258,0,264.23,11,0.497,0,0,0
1114.75,4,159.69,1765.86,1.66,0.51,0,167.83,3,0.486,0,0,1
4195.55,4,177.12,78.11,65.21,0.13,0,164.19,8,0.312,0,0,0
631.93,2,213.06,339.39,1.52,0.384,1,120.1,21,0.393,0,0,0
143.77,3,245.36,269.51,3.82,0.417,2,261.53,2,0.007,0,1,0
1440.71,5,171.81,315.63,21.73,0.38,0,267.97,4,0.412,0,0,0
1569.08,5,48.0,1949.7,19.0,0.141,0,181.9,5,0.793,0,0,0
2070.54,5,401.35,57.96,41.48,0.498,2,258.42,17,0.381,0,1,1
3746.28,8,525.7,266.58,13.98,0.358,3,111.81,18,0.499,0,1,1
3420.72,3,77.13,1070.55,11.11,0.451,0,94.35,4,0.306,1,0,0
2342.02,3,103.75,218.24,54.92,0.355,1,199.51,9,0.339,0,0,0
5976.15,5,170.89,1432.35,29.29,0.457,1,264.18,13,0.23,0,1,1
395.85,1,100.29,320.28,2.72,0.675,1,189.89,21,0.302,0,0,0
2994.65,5,197.64,96.1,29.21,0.152,1,101.89,3,0.474,0,0,0
3383.07,5,249.4,585.87,71.09,0.204,1,63.38,6,0.174,0,0,1
523.45,3,312.63,572.86,3.45,0.06,1,158.57,2,0.18,0,0,0
402.27,4,208.91,31.93,123.73,0.134,1,143.41,17,0.103,0,0,0
857.53,5,428.53,1012.43,32.36,0.465,0,316.97,11,0.507,0,1,0
933.05,4,132.84,122.28,35.88,0.34,1,237.3,21,0.651,0,1,0
3840.74,8,180.83,192.06,17.79,0.336,4,94.11,5,0.407,1,1,1
977.95,3,530.62,661.31,52.06,0.257,3,225.99,23,0.463,0,1,0
767.89,5,279.53,1771.52,1.08,0.298,0,225.94,5,0.572,0,0,0
980.8,7,305.86,16.67,67.07,0.099,1,112.64,13,0.598,0,0,0
5533.81,8,151.12,1384.14,5.22,0.078,0,131.75,12,0.292,0,0,1
1831.78,5,272.7,1122.41,29.41,0.136,2,125.33,12,0.389,0,0,0
1511.34,1,257.53,141.1,7.96,0.405,0,257.76,14,0.476,0,0,0
1619.7,4,263.07,373.51,9.29,0.587,0,305.53,5,0.136,0,1,0
6581.78,3,292.34,1891.33,31.22,0.404,0,121.24,10,0.322,0,0,1
854.77,4,405.33,126.62,3.38,0.392,1,103.82,19,0.169,0,0,0
6737.93,4,98.85,94.45,8.12,0.096,1,20.0,14,0.39,0,0,1
2231.65,1,320.95,1063.06,39.22,0.114,1,290.18,19,0.174,0,0,0
1540.07,3,280.26,509.29,59.55,0.292,1,97.24,13,0.28,0,0,0
22046.31,10,333.31,267.4,22.27,0.145,0,31.91,23,0.227,0,0,1
629.14,2,366.68,150.86,100.44,0.424,1,103.76,9,0.45,0,1,0
1269.42,4,224.85,1024.75,8.77,0.231,0,251.6,23,0.283,0,0,0
527.19,5,225.23,463.15,41.12,0.241,1,170.4,4,0.369,0,0,0
4686.6,8,327.05,218.92,4.68,0.254,0,120.15,5,0.407,0,0,1
9790.71,4,152.81,2297.18,9.16,0.251,1,193.44,20,0.08,0,0,1
9603.88,2,231.75,658.72,119.72,0.144,1,20.0,21,0.378,0,0,1
6148.41,2,263.01,348.61,246.64,0.648,1,183.31,14,0.69,1,0,1
1483.83,5,375.29,1017.4,298.9,0.32,2,113.81,8,0.342,0,1,1
1254.83,4,265.73,548.82,80.58,0.279,1,291.09,13,0.277,0,0,0
339.96,4,272.73,7.57,11.13,0.406,0,187.81,4,0.356,0,0,0
13847.69,7,223.03,1469.22,16.85,0.231,1,53.45,13,0.036,0,0,1
2889.9,5,285.87,54.92,4.66,0.297,1,190.73,19,0.493,0,0,1
1105.49,3,271.77,3634.02,2.78,0.167,1,275.32,14,0.094,0,0,0
6823.02,2,172.16,344.3,65.95,0.277,0,71.14,16,0.279,0,0,1
683.51,4,325.31,595.28,38.87,0.326,2,175.36,7,0.42,0,1,0
2715.2,5,91.13,5000.0,54.03,0.365,0,187.91,22,0.05,0,0,1
1521.38,4,261.69,250.9,43.39,0.131,0,119.13,20,0.437,0,0,0
3424.38,3,463.79,496.91,0.59,0.331,1,137.03,23,0.261,0,1,1
1696.68,5,76.7,1124.85,19.27,0.208,0,115.86,21,0.161,0,0,0
423.72,4,132.99,503.36,58.75,0.504,1,165.38,19,0.297,0,0,0
1949.98,7,393.99,324.96,98.73,0.293,0,158.91,14,0.394,0,0,0
5160.89,8,347.72,102.84,8.38,0.014,0,147.33,1,0.391,0,1,1
1755.98,5,131.5,575.68,6.28,0.166,1,248.09,1,0.239,0,0,0
3924.97,3,106.19,641.91,159.57,0.155,1,176.57,3,0.146,0,0,0
635.54,7,20.0,212.03,170.94,0.171,1,61.53,3,0.385,0,0,0
1761.18,8,34.54,325.05,69.32,0.283,0,186.66,4,0.401,0,0,0
968.25,7,223.88,283.77,3.05,0.421,2,29.14,9,0.194,0,0,0
3816.09,6,391.86,446.01,49.75,0.16,0,168.55,19,0.587,0,0,1
1865.89,6,377.31,1280.53,6.87,0.467,2,160.44,13,0.311,0,0,0
3604.99,1,344.81,323.46,93.35,0.166,0,254.11,15,0.4,0,0,1
5365.32,3,79.72,254.46,18.06,0.079,0,186.52,4,0.278,0,0,1
3610.56,3,417.01,1465.32,32.23,0.537,0,150.33,9,0.303,0,0,0
2375.87,4,325.74,1333.17,10.34,0.407,0,79.95,17,0.429,0,0,0
666.33,2,73.82,1261.17,64.57,0.37,1,194.32,6,0.132,0,0,0
1803.01,10,101.63,1086.21,34.88,0.375,1,267.9,19,0.221,0,0,0
1060.94,4,347.1,1756.54,61.18,0.819,0,170.39,11,0.256,0,0,0
1281.69,4,354.9,999.25,19.26,0.665,2,20.0,6,0.256,0,0,0
1243.23,7,202.63,148.49,23.65,0.132,0,163.06,20,0.311,0,0,0
678.63,3,190.53,26.83,113.41,0.365,1,183.97,15,0.527,0,1,0
255.36,4,308.4,160.58,14.67,0.131,0,196.17,21,0.128,0,0,0
926.91,5,271.63,362.85,116.66,0.301,0,212.72,2,0.558,0,1,0
2193.78,7,323.22,43.51,3.94,0.379,1,27.29,8,0.194,0,0,0
469.57,6,78.0,1131.76,8.65,0.25,1,230.05,6,0.239,0,0,0
1836.62,4,248.13,820.24,54.41,0.369,2,213.64,18,0.489,0,0,1
12091.63,4,292.93,1012.67,257.31,0.178,2,146.55,12,0.382,0,1,1
5029.4,6,273.48,80.55,135.76,0.09,0,208.92,8,0.291,0,0,1
9353.83,2,254.25,318.91,35.51,0.199,0,292.58,20,0.197,0,0,1
2673.46,3,160.94,492.08,37.52,0.421,1,378.46,5,0.483,0,1,0
5811.01,6,290.28,738.23,42.6,0.206,1,162.11,16,0.229,0,0,1
876.59,2,37.83,1298.71,78.58,0.665,0,151.52,16,0.122,0,0,0
949.24,4,278.07,3015.64,40.02,0.314,1,185.83,12,0.338,0,0,0
116.85,4,426.43,68.62,6.27,0.177,0,156.79,16,0.302,0,0,0
5920.32,6,275.6,820.98,91.09,0.172,1,90.08,23,0.341,0,0,1
8436.51,5,139.76,115.89,108.28,0.122,1,98.97,6,0.32,0,0,1
1039.84,4,210.73,285.19,125.05,0.242,1,185.36,17,0.571,0,0,0
1402.55,5,151.63,1182.89,27.29,0.345,1,162.85,5,0.223,0,0,0
850.77,9,274.24,4106.05,12.5,0.164,1,236.27,12,0.132,0,1,0
2650.9,9,252.87,598.05,6.36,0.157,1,162.53,9,0.27,0,0,1
5568.79,8,137.76,348.47,37.18,0.335,2,159.78,18,0.22,0,0,1
316.47,7,379.49,192.74,16.25,0.424,0,200.35,20,0.264,0,0,0
2722.86,6,212.31,1220.57,27.87,0.375,0,298.19,4,0.227,0,0,0
1371.04,5,301.82,1872.39,5.21,0.162,1,312.01,10,0.372,0,1,0
2025.14,3,436.71,1510.15,11.11,0.101,2,109.89,21,0.209,0,0,1
2861.19,4,102.68,570.18,28.85,0.4,1,148.94,8,0.257,0,0,1
1497.87,6,438.13,711.65,9.84,0.299,1,242.67,18,0.408,0,0,1
1630.13,2,176.71,1449.35,12.76,0.045,0,20.0,3,0.382,0,0,0
1459.9,5,409.34,2114.42,1.01,0.43,0,103.31,2,0.328,0,0,1
4771.02,2,393.46,2237.62,3.79,0.212,0,199.89,0,0.276,0,0,1
2748.36,0,174.92,936.38,6.19,0.211,1,228.65,6,0.222,0,0,0
2254.27,9,236.54,170.24,53.44,0.073,0,187.04,11,0.057,0,1,0
507.27,2,24.76,300.32,8.13,0.366,0,186.23,10,0.384,0,0,0
1238.21,6,209.1,247.64,106.26,0.235,1,65.34,20,0.676,0,0,0
4441.15,5,130.89,152.42,76.95,0.605,1,117.46,9,0.403,0,0,1
1877.5,6,161.26,230.96,85.0,0.038,0,158.28,11,0.083,0,0,0
3496.55,7,257.68,1631.39,21.7,0.033,1,119.75,8,0.438,0,0,0
10577.79,6,301.1,1176.91,2.97,0.257,1,113.75,20,0.333,0,0,1
5108.22,4,174.13,35.78,3.98,0.429,0,246.11,4,0.361,0,0,1
1984.57,5,254.14,127.86,58.51,0.106,0,271.88,22,0.444,0,1,0
1084.65,7,191.58,3350.55,128.29,0.149,1,214.78,2,0.654,0,1,0
140.67,4,303.86,204.92,9.64,0.427,1,262.44,23,0.164,0,1,0
1527.85,2,222.07,804.96,99.85,0.338,1,47.53,13,0.243,0,0,0
1305.04,5,118.53,184.1,52.92,0.274,1,161.79,21,0.455,0,0,0
2671.42,6,163.63,212.91,56.46,0.112,2,211.22,11,0.295,0,0,1
1550.13,6,217.36,552.15,59.81,0.166,2,196.04,9,0.213,0,0,0
1312.4,4,326.29,535.02,3.21,0.675,1,108.74,1,0.083,0,0,1
305.09,2,431.77,831.16,46.3,0.304,2,118.83,20,0.446,0,0,0
706.29,5,173.26,147.33,33.01,0.345,0,138.3,5,0.593,0,1,0
2912.16,5,39.41,243.82,90.57,0.249,0,123.29,5,0.233,0,0,0
10055.83,5,400.41,782.85,27.94,0.293,1,74.24,18,0.226,0,0,1
1640.04,2,317.72,81.98,35.62,0.373,0,308.6,18,0.212,0,0,0
2509.43,6,284.84,1920.38,43.43,0.361,0,163.75,17,0.491,0,1,0
4686.67,4,91.02,157.59,44.18,0.375,0,182.8,12,0.314,0,0,1
803.6,1,240.85,461.57,25.54,0.749,1,189.01,5,0.351,0,0,0
2609.24,5,334.51,92.02,9.09,0.513,1,195.09,20,0.421,0,0,0
862.22,8,80.46,923.73,14.48,0.686,1,145.02,20,0.261,0,0,0
4293.36,8,360.1,316.71,26.59,0.283,0,303.55,5,0.17,0,0,1
2103.59,5,299.67,61.19,48.34,0.145,2,159.74,5,0.616,0,0,0
2436.83,7,397.09,718.44,30.3,0.17,0,251.89,4,0.264,0,0,1
826.67,8,345.68,3156.82,78.42,0.218,1,240.54,22,0.162,0,0,0
3666.65,1,20.0,1637.66,42.79,0.278,0,300.14,19,0.353,0,0,1
14540.79,4,129.77,970.93,20.98,0.712,0,82.93,14,0.21,1,0,1
659.9,5,331.74,10.18,34.37,0.076,1,286.38,5,0.359,0,0,0
1287.22,1,103.15,1572.12,22.26,0.218,1,57.16,4,0.319,0,0,0
2279.26,7,156.68,1816.36,1.54,0.068,1,135.12,18,0.24,0,0,0
3969.54,3,230.43,30.99,16.5,0.241,0,159.08,16,0.183,0,0,1
1033.24,3,189.83,104.44,29.97,0.142,3,178.28,22,0.416,0,1,0
106.37,3,20.0,480.4,14.74,0.374,2,139.01,10,0.848,0,0,0
7038.78,9,303.31,411.42,63.57,0.095,0,90.37,23,0.665,0,0,1
3868.05,4,223.04,278.99,99.07,0.244,1,162.83,0,0.326,0,0,1
316.41,3,279.1,176.44,17.62,0.06,0,84.57,15,0.643,0,0,0
984.79,1,225.72,637.22,1.23,0.453,2,304.22,15,0.508,0,1,0
8674.84,5,20.0,1180.35,104.19,0.106,1,158.55,17,0.172,0,0,1
7690.93,4,172.23,2212.2,43.07,0.181,0,20.0,21,0.261,0,0,1
4622.26,5,139.65,286.6,0.29,0.391,0,308.09,5,0.057,0,0,1
1516.09,8,253.6,971.85,34.65,0.562,0,20.0,2,0.295,0,0,0
1964.49,2,329.56,1241.65,5.09,0.582,0,248.6,9,0.113,0,0,0
1586.16,2,202.87,520.01,56.03,0.088,1,183.02,18,0.484,0,0,0
5587.23,2,325.54,2031.61,38.16,0.093,1,134.16,19,0.769,0,1,1
753.07,1,414.86,18.6,122.2,0.59,1,86.19,13,0.758,0,1,0
807.71,8,320.37,1845.92,25.13,0.103,1,371.21,13,0.649,0,1,0
4965.53,11,474.6,1784.23,128.61,0.209,0,128.54,13,0.41,0,0,1
1729.59,2,108.78,117.87,90.54,0.481,1,168.16,22,0.358,1,0,1
7175.78,3,378.17,463.03,69.81,0.484,1,218.91,1,0.341,0,1,1
923.79,2,192.52,580.31,28.81,0.157,1,116.08,2,0.215,0,0,1
1711.66,7,287.89,411.3,26.75,0.201,1,173.69,3,0.353,0,1,0
718.8,9,68.28,1807.29,25.1,0.292,2,231.64,12,0.348,0,1,0
1821.4,4,479.45,998.58,2.65,0.384,1,115.05,0,0.14,0,1,1
412.18,4,163.75,105.46,46.58,0.221,2,143.08,12,0.078,0,0,0
1110.28,5,351.16,2088.47,79.95,0.084,0,120.53,9,0.365,0,0,0
429.98,2,466.56,37.82,68.14,0.117,1,261.35,11,0.365,0,0,0
3618.89,7,245.21,724.41,43.71,0.368,1,301.75,7,0.133,0,1,1
3701.86,4,401.66,591.67,22.1,0.255,0,177.3,9,0.272,0,0,1
320.45,6,100.51,60.13,59.34,0.552,2,162.09,14,0.104,0,0,0
6862.9,5,356.91,952.17,37.63,0.278,0,69.67,22,0.497,0,0,1
21969.6,5,267.88,2628.11,91.55,0.452,1,113.89,12,0.153,1,0,1
1893.17,2,223.9,490.65,15.97,0.294,0,152.7,15,0.376,0,0,1
952.31,6,174.17,577.07,5.38,0.241,0,344.05,11,0.317,0,0,0
30464.9,8,78.41,387.45,0.16,0.16,3,282.62,13,0.523,1,1,1
483.49,5,266.5,1664.92,67.94,0.827,2,211.45,15,0.483,0,1,1
1844.76,3,200.3,2102.6,45.73,0.109,0,180.56,15,0.021,0,0,0
2163.8,5,325.49,404.79,3.09,0.381,0,48.2,0,0.517,1,1,1
6940.63,9,285.23,1772.21,91.61,0.51,3,110.71,8,0.035,1,0,1
2590.84,2,289.31,182.9,32.43,0.208,1,217.53,19,0.222,0,1,0
1098.13,7,324.93,489.81,30.93,0.534,0,179.86,5,0.271,0,1,0
698.42,4,123.89,232.19,57.69,0.323,1,137.0,9,0.461,0,0,0
1284.57,7,71.08,202.78,50.35,0.294,2,130.69,12,0.225,0,0,0
660.55,8,135.34,1555.93,13.64,0.344,0,236.5,16,0.296,0,1,0
1896.61,3,213.38,1002.05,51.74,0.132,0,219.53,4,0.03,0,0,0
1028.45,3,135.39,55.4,97.67,0.176,0,176.16,2,0.296,0,0,0
405.84,7,100.59,1133.12,24.86,0.327,1,160.0,10,0.192,0,1,0
6343.25,6,66.89,680.64,17.11,0.362,0,215.09,0,0.182,0,0,0
1099.19,8,230.03,1237.06,3.1,0.115,0,178.2,16,0.235,0,0,0
508.7,8,219.62,719.81,46.46,0.247,0,120.24,20,0.329,0,0,0
1528.04,4,247.86,379.08,70.4,0.503,1,230.32,2,0.526,0,0,0
1935.99,5,344.05,546.52,171.54,0.394,2,114.19,22,0.078,0,0,0
315.3,6,250.19,122.17,47.33,0.367,0,228.66,8,0.386,0,0,0
2519.08,3,313.82,297.56,29.7,0.459,0,204.2,1,0.131,0,0,0
634.5,4,324.19,18.07,136.8,0.245,0,155.36,6,0.657,0,0,0
10006.89,6,103.08,417.01,9.85,0.324,1,20.0,22,0.093,0,0,1
3053.25,5,493.1,76.54,61.62,0.213,0,42.59,23,0.413,0,1,0
1212.09,5,148.3,864.5,19.82,0.51,1,204.66,13,0.128,0,1,0
858.2,6,236.71,1949.29,98.84,0.468,0,52.69,11,0.616,0,1,0
1627.88,6,178.0,1079.74,68.37,0.17,1,258.0,15,0.259,0,1,0
3336.88,4,235.25,185.98,20.29,0.382,0,34.67,19,0.164,0,0,0
1762.53,9,401.31,565.93,74.54,0.526,0,150.31,14,0.253,0,0,1
1455.12,6,384.6,995.75,110.55,0.492,0,164.69,20,0.198,1,0,1
1916.72,0,194.3,1310.67,14.54,0.337,1,306.98,22,0.288,0,0,1
988.45,2,79.97,266.16,42.4,0.498,0,249.27,21,0.276,0,0,0
1282.79,5,477.26,518.66,27.2,0.342,0,94.5,23,0.191,0,0,0
224.57,1,423.31,88.15,130.1,0.146,1,273.94,19,0.135,0,1,0
4787.32,5,20.0,1036.75,179.31,0.203,1,211.77,6,0.089,0,0,1
2437.67,3,272.32,456.37,5.48,0.135,0,106.57,6,0.52,0,0,0
834.26,5,79.93,34.07,39.79,0.221,1,282.42,16,0.16,0,0,0
12073.1,7,226.83,603.03,37.84,0.476,1,123.16,10,0.276,1,0,1
1972.42,7,271.02,1253.83,101.5,0.281,0,20.0,10,0.237,0,0,1
641.53,6,315.64,36.36,75.5,0.006,0,125.22,7,0.234,0,1,0
4258.78,6,42.52,413.11,16.92,0.255,2,185.13,15,0.288,0,0,1
2692.02,1,439.85,526.02,36.91,0.409,0,298.11,8,0.479,0,0,1
2682.7,7,129.99,5000.0,23.75,0.221,0,141.26,23,0.462,0,0,0
1181.15,6,186.11,197.45,21.78,0.642,0,64.17,18,0.234,0,0,0
2836.98,5,270.28,1368.1,65.64,0.457,1,200.3,21,0.218,0,0,0
1391.64,3,183.69,126.19,45.74,0.204,0,138.78,7,0.086,0,0,0
3152.47,6,308.9,2659.44,11.09,0.46,0,284.51,8,0.253,0,0,1
269.09,3,295.97,293.04,48.47,0.308,0,330.5,4,0.361,0,0,0
1171.6,3,313.46,125.85,31.15,0.15,0,20.0,19,0.223,0,0,0
10118.85,7,285.86,384.7,20.85,0.315,1,164.95,22,0.114,0,0,1
839.61,4,82.44,12.27,3.44,0.38,0,135.64,6,0.281,0,0,0
988.47,3,306.03,92.21,132.04,0.465,0,99.73,5,0.11,0,0,0
1155.21,5,421.99,548.38,98.91,0.354,1,223.58,0,0.419,0,1,0
536.57,5,174.47,2259.11,18.09,0.159,2,317.29,6,0.357,0,1,0
198.68,4,243.19,470.92,40.64,0.377,0,209.24,1,0.385,0,0,0
1435.71,6,368.54,863.58,100.0,0.139,1,215.19,2,0.234,0,1,0
2071.15,3,366.92,982.27,36.64,0.457,1,74.77,22,0.456,0,0,0
1715.56,3,163.5,29.8,7.65,0.376,0,143.68,2,0.071,0,0,0
1564.19,8,145.73,310.98,32.19,0.295,3,222.79,22,0.17,0,0,0
1887.56,3,250.95,4659.53,18.84,0.192,0,323.62,4,0.072,0,0,0
5028.32,8,287.9,5.63,30.61,0.184,2,305.05,1,0.342,0,0,1
1494.51,4,344.33,508.16,94.19,0.489,1,226.98,10,0.122,0,1,1
1018.33,7,20.0,1453.4,26.28,0.444,2,94.03,16,0.449,0,0,0
1364.95,3,221.56,272.2,80.32,0.398,0,177.42,22,0.067,0,0,0
3227.12,3,255.45,4554.03,13.24,0.141,0,128.9,10,0.622,0,0,1
7420.69,3,50.72,532.59,45.04,0.673,1,175.51,21,0.16,0,0,1
964.74,7,274.61,1962.7,27.76,0.226,1,248.1,20,0.538,0,1,0
1996.07,7,162.44,601.18,180.77,0.434,1,121.84,5,0.071,0,0,0
2536.04,3,370.52,405.52,0.04,0.609,0,188.34,5,0.076,0,0,0
670.1,0,209.83,990.57,22.6,0.148,1,120.73,16,0.524,0,0,0
1845.34,3,238.19,2541.27,83.93,0.136,2,245.89,14,0.545,0,1,1
417.52,5,98.3,377.4,24.84,0.08,0,202.66,9,0.611,0,0,0
308.26,2,402.84,1601.64,12.26,0.234,2,223.41,23,0.231,0,0,1
2609.06,7,362.73,862.13,95.96,0.422,1,271.68,0,0.193,0,0,0
1231.67,6,256.27,380.63,44.79,0.545,0,167.59,9,0.32,0,0,0
2213.39,5,219.96,45.67,40.67,0.497,1,88.25,18,0.368,0,0,0
1775.98,4,356.72,298.48,25.61,0.224,1,247.75,0,0.503,0,0,0
681.03,9,333.31,1423.65,8.58,0.334,0,215.87,1,0.203,0,0,0
1728.04,6,159.96,79.99,42.85,0.294,1,157.8,10,0.244,0,0,0
526.84,4,152.42,679.24,35.19,0.385,1,185.86,5,0.594,0,1,0
7266.08,5,143.27,573.69,25.72,0.26,3,135.9,4,0.063,0,1,1
465.93,10,240.53,866.92,4.0,0.39,1,200.52,19,0.179,0,0,1
1486.55,4,204.52,2237.53,52.63,0.381,0,131.45,9,0.357,0,0,0
637.61,3,390.77,1114.69,49.95,0.213,2,180.15,11,0.579,0,1,0
3198.45,7,380.62,571.69,40.94,0.374,0,133.01,1,0.466,0,1,0
1297.99,10,235.31,1419.24,7.05,0.08,0,239.7,5,0.303,0,0,0
1076.35,5,326.7,967.64,18.04,0.106,0,199.58,8,0.508,0,1,0
4243.75,3,368.82,1807.22,31.73,0.147,3,153.0,15,0.551,0,0,1
1862.04,3,526.48,1030.89,66.3,0.185,0,188.47,2,0.258,0,0,0
3030.99,5,343.76,1118.75,12.61,0.314,1,64.67,10,0.146,0,1,0
677.68,8,325.18,70.19,80.68,0.142,1,69.11,22,0.125,0,1,0
443.72,5,20.0,3.06,19.22,0.488,0,139.64,5,0.223,0,0,0
2012.65,3,382.68,2491.97,54.79,0.253,1,117.55,17,0.186,0,0,1
1314.42,4,264.44,232.31,138.18,0.207,0,100.12,6,0.15,0,0,0
3382.72,4,165.31,144.35,62.62,0.303,0,62.61,23,0.301,0,0,1
1669.19,6,155.96,138.26,3.59,0.112,1,160.5,16,0.39,0,0,0
2219.58,4,295.35,1071.2,23.61,0.166,0,147.93,14,0.382,0,0,1
356.6,5,84.4,38.01,43.16,0.362,2,102.29,17,0.416,0,0,0
11949.41,6,124.34,865.46,55.93,0.552,0,179.34,21,0.181,0,0,1
1534.19,5,343.78,677.9,21.14,0.072,1,253.97,6,0.087,0,0,0
3632.18,7,378.05,127.48,28.0,0.587,2,84.05,21,0.439,0,1,1
783.61,6,426.91,116.43,23.58,0.304,0,273.5,7,0.162,0,0,0
2460.23,6,118.22,113.86,59.86,0.274,0,38.46,3,0.347,0,0,0
491.35,5,162.73,240.36,122.43,0.432,1,181.14,0,0.138,0,0,0
2841.44,3,271.68,821.31,75.31,0.091,0,266.84,12,0.224,0,0,1
1266.52,5,368.83,185.43,15.27,0.231,0,247.79,12,0.499,0,1,0
1861.6,4,302.25,863.22,38.84,0.279,0,205.04,6,0.141,0,0,0
3633.58,3,275.05,2852.03,32.52,0.202,0,222.33,10,0.296,0,0,1
527.14,3,180.1,1584.96,0.78,0.266,1,185.69,10,0.135,0,0,0
911.88,4,112.2,1279.9,139.34,0.26,0,168.01,8,0.194,0,0,0
2856.42,5,69.8,2382.88,31.36,0.251,0,128.34,8,0.521,0,0,0
14738.55,3,205.78,758.37,143.37,0.178,0,138.21,23,0.246,0,0,1
1574.85,4,165.5,1171.8,54.56,0.738,0,213.32,9,0.205,0,0,0
3265.4,2,178.66,1189.52,61.58,0.481,0,137.13,9,0.062,0,0,0
1624.62,2,265.88,2936.52,27.84,0.311,2,153.89,11,0.114,0,0,0
12610.0,2,306.54,833.43,97.59,0.224,1,235.67,22,0.157,0,1,1
315.06,4,179.89,255.13,10.26,0.124,0,134.66,0,0.611,0,0,0
1987.48,1,288.71,174.2,159.9,0.346,0,172.48,9,0.286,0,1,0
355.83,6,313.47,293.03,47.9,0.402,1,162.0,8,0.166,0,0,0
147.44,9,187.33,1147.56,20.2,0.214,1,183.21,4,0.479,0,0,0
2434.42,7,181.36,854.98,67.23,0.434,0,68.18,10,0.404,0,0,0
2078.7,7,260.22,198.0,68.35,0.33,1,168.75,18,0.669,0,0,1
1359.9,3,131.94,1571.93,74.49,0.208,1,211.98,7,0.082,0,0,0
1625.88,6,564.96,3184.86,17.37,0.391,0,181.52,12,0.171,0,0,0
40066.64,4,285.87,1132.45,1.3,0.367,0,151.28,13,0.201,0,0,1
1396.64,9,116.34,51.29,110.01,0.296,0,168.79,11,0.139,0,0,1
3011.29,7,303.23,790.11,79.86,0.352,0,100.55,15,0.211,0,1,1
944.48,5,194.25,2220.53,25.7,0.401,0,306.59,6,0.317,0,0,0
2428.99,2,364.11,300.29,9.09,0.36,0,348.02,16,0.208,0,0,1
1424.77,4,286.41,704.41,31.63,0.306,1,196.74,6,0.411,0,0,0
1199.29,4,301.44,205.97,18.25,0.387,0,217.19,2,0.693,0,0,0
11146.7,1,20.0,1700.8,10.79,0.119,0,129.84,14,0.252,0,0,1
5867.51,10,283.47,1632.06,33.29,0.38,1,324.71,20,0.114,0,1,1
2072.99,5,438.47,362.62,88.51,0.113,1,90.43,10,0.429,0,1,1
180.51,7,437.36,344.25,43.58,0.189,1,199.68,23,0.41,0,1,0
1260.16,4,502.85,1.0,33.42,0.098,0,267.79,5,0.177,0,1,0
26984.76,6,418.21,305.53,256.37,0.32,1,309.05,21,0.412,0,0,1
1435.6,2,245.22,1216.48,71.42,0.508,1,123.43,4,0.38,0,0,0
5449.16,8,362.62,23.22,7.07,0.292,0,207.41,13,0.274,0,0,0
7646.03,4,245.84,181.26,26.97,0.191,2,112.8,20,0.138,0,0,1
2250.63,3,321.64,1048.26,31.27,0.303,3,116.3,17,0.165,0,0,1
779.13,4,364.89,835.28,47.15,0.155,0,136.51,14,0.144,0,0,0
158.33,5,260.48,3453.14,57.25,0.146,2,314.61,16,0.232,0,0,0
3583.74,3,362.64,396.25,19.69,0.4,0,223.6,22,0.418,0,0,1
800.51,4,184.17,114.43,22.89,0.419,0,126.03,14,0.144,0,0,0
2156.3,3,332.06,874.21,5.46,0.409,1,238.59,4,0.524,0,1,1
518.11,3,275.56,65.86,4.68,0.02,0,123.35,14,0.107,0,0,0
1386.81,7,191.01,99.32,70.94,0.238,0,151.61,15,0.196,0,0,0
1870.05,5,365.53,671.31,130.22,0.319,1,323.5,19,0.285,0,1,1
2365.14,6,79.73,510.89,10.96,0.071,0,363.22,10,0.414,0,0,0
592.99,9,217.14,244.79,128.26,0.277,0,108.34,20,0.244,1,0,0
5984.4,7,251.01,520.02,21.06,0.365,0,266.61,8,0.645,0,0,1
995.36,6,426.14,1621.9,106.33,0.045,1,254.06,14,0.362,0,1,0
338.84,8,235.46,1032.78,1.32,0.257,0,245.88,11,0.347,0,0,0
1621.29,3,235.94,485.28,4.75,0.714,2,119.3,14,0.479,0,1,0
1871.28,7,382.56,298.41,28.52,0.496,0,283.1,20,0.523,0,1,0
2123.01,5,264.65,698.17,94.18,0.423,0,135.75,0,0.211,0,0,0
7059.52,10,155.79,2.3,29.82,0.158,2,199.5,23,0.651,0,1,1
1427.32,5,538.96,1056.63,91.47,0.427,0,232.24,19,0.154,0,1,0
1604.2,8,360.5,1297.4,20.83,0.42,0,130.42,21,0.14,0,0,0
599.93,11,211.76,103.86,7.1,0.104,1,151.47,9,0.191,0,0,0
4107.43,4,234.45,412.17,129.82,0.404,0,20.0,17,0.238,0,0,1
2173.97,4,114.66,125.39,3.98,0.148,3,108.39,14,0.218,0,0,0
1187.94,5,281.2,2377.68,61.4,0.102,0,211.46,23,0.51,0,1,0
269.17,4,362.16,1398.91,107.27,0.348,0,210.39,3,0.34,0,0,0
7664.94,5,34.06,16.22,6.39,0.113,1,166.07,9,0.3,0,0,1
529.7,5,275.16,2815.53,36.61,0.204,0,313.92,14,0.402,0,1,0
1000.97,12,77.26,122.36,2.71,0.504,0,128.79,20,0.517,0,1,0
2587.23,4,211.71,70.2,30.71,0.029,1,370.11,10,0.179,0,1,1
546.45,1,268.94,26.52,77.41,0.134,1,130.49,6,0.716,0,0,0
406.06,7,272.58,1251.04,18.12,0.24,2,136.89,21,0.148,0,0,0
216.17,5,535.95,2075.0,13.28,0.548,0,252.54,6,0.355,0,1,0
3718.21,3,284.64,80.41,14.49,0.174,3,20.0,7,0.65,0,1,1
1048.18,3,182.42,3274.47,78.33,0.162,0,152.08,5,0.131,0,0,0
33768.04,3,136.7,303.67,181.94,0.243,0,149.06,12,0.296,0,0,1
668.91,6,182.56,908.66,12.96,0.562,0,293.18,0,0.265,0,0,1
719.49,7,294.88,3430.29,3.56,0.209,0,173.76,11,0.392,0,1,0
1027.22,6,38.69,6.83,6.73,0.461,0,262.87,21,0.522,0,0,0
2305.69,8,105.1,633.11,49.48,0.342,2,89.07,18,0.7,1,0,0
1129.8,7,285.12,853.66,56.37,0.404,1,110.87,9,0.286,0,0,0
3335.35,4,227.83,371.36,29.83,0.176,0,96.96,4,0.56,0,0,0
679.54,4,306.58,93.2,4.13,0.267,0,205.94,2,0.153,0,0,0
454.14,5,153.65,776.43,131.62,0.494,1,202.6,0,0.637,0,0,0
299.4,3,178.74,38.51,132.93,0.224,0,127.38,14,0.536,0,0,0
195.67,4,379.24,2055.73,25.01,0.227,0,166.92,6,0.473,0,1,0
1077.0,2,328.67,496.02,86.01,0.212,1,239.72,17,0.065,0,0,1
1338.12,4,67.75,1928.81,114.43,0.078,1,189.52,0,0.447,0,1,0
961.57,4,39.73,1448.99,35.47,0.466,0,59.03,8,0.636,0,0,0
6269.21,6,125.62,2.92,46.0,0.103,3,204.38,20,0.553,0,0,1
6173.56,12,179.39,491.79,66.04,0.473,0,102.39,10,0.469,0,0,1
1293.62,4,362.58,1749.99,110.96,0.289,2,287.69,10,0.221,0,1,1
300.69,1,100.39,372.42,4.67,0.435,0,146.79,17,0.365,0,0,0
1025.87,2,338.49,312.33,2.72,0.245,1,159.01,14,0.241,0,1,0
992.45,7,204.97,925.63,56.2,0.207,0,144.24,17,0.434,0,0,0
937.17,3,233.06,976.76,2.44,0.322,0,210.7,21,0.269,0,0,0
899.9,6,197.37,824.37,5.52,0.107,0,204.36,20,0.367,0,0,0
940.62,4,289.99,361.27,27.44,0.255,0,137.44,15,0.322,0,0,0
1228.39,2,368.83,52.59,10.06,0.446,2,238.85,8,0.173,0,1,0
957.63,6,163.55,2051.2,114.55,0.282,1,132.17,12,0.319,0,1,0
2226.8,7,382.83,305.26,20.14,0.091,1,95.22,6,0.121,0,0,0
2592.48,3,351.55,1270.29,43.08,0.102,0,205.56,22,0.248,0,0,0
727.31,5,215.81,346.69,0.49,0.094,1,222.64,2,0.311,0,1,0
6445.03,6,171.96,546.15,36.02,0.517,0,20.0,15,0.446,0,0,1
678.54,9,418.29,374.3,83.04,0.437,2,95.22,11,0.146,0,0,0
358.6,6,217.02,67.86,172.67,0.458,2,255.07,6,0.207,0,1,0
2645.93,6,226.16,319.72,56.78,0.378,1,232.77,8,0.339,0,0,1
798.39,3,300.53,2493.02,11.32,0.27,1,327.96,15,0.249,0,1,0
2493.12,4,342.5,93.53,22.55,0.127,1,64.25,16,0.547,0,0,0
163.42,6,411.64,649.26,8.53,0.362,0,87.0,6,0.257,0,0,0
7276.87,3,312.73,2763.84,20.61,0.315,0,287.99,21,0.162,0,0,1
3541.46,4,267.67,16.58,41.2,0.16,0,158.04,13,0.355,0,0,1
403.24,5,278.04,57.36,33.41,0.403,1,246.39,1,0.135,0,1,0
412.08,7,101.46,1918.54,103.45,0.509,0,133.81,7,0.189,1,0,0
9626.41,6,213.57,1064.11,11.4,0.434,1,121.17,1,0.193,0,1,1
864.91,8,132.42,630.53,28.43,0.245,1,180.74,19,0.318,0,1,0
785.1,5,349.26,615.4,49.99,0.489,0,249.85,1,0.371,0,0,0
187.53,3,172.04,2947.46,198.43,0.76,1,111.7,16,0.315,0,0,0
1273.11,5,386.62,16.94,12.03,0.145,0,147.21,3,0.085,0,1,0
1439.83,3,192.48,252.29,89.51,0.436,1,192.29,14,0.245,0,0,0
3697.8,4,169.54,304.8,48.09,0.269,1,114.13,5,0.377,0,1,1
446.27,1,161.33,101.81,7.19,0.365,1,355.04,3,0.508,0,1,0
395.33,3,79.26,353.57,76.61,0.123,0,223.57,6,0.537,0,0,0
2838.31,2,149.75,370.15,9.61,0.201,1,210.88,6,0.265,0,0,0
4947.96,4,161.34,2551.46,60.16,0.315,1,126.66,20,0.669,0,0,1
375.72,4,368.48,466.75,13.76,0.272,0,152.04,2,0.241,0,0,0
5332.17,3,215.16,2183.9,31.59,0.641,2,105.55,2,0.063,0,0,1
1877.21,1,226.91,1328.74,76.46,0.277,0,234.12,21,0.509,0,0,0
5387.33,4,201.32,1067.99,50.29,0.343,3,162.14,3,0.207,0,0,1
1685.44,2,374.24,321.01,67.42,0.1,1,95.1,23,0.226,0,0,0
145.14,3,270.67,445.46,81.33,0.224,0,56.61,12,0.11,0,0,0
1553.14,1,139.8,36.47,1.77,0.276,1,33.66,15,0.263,0,0,0
5219.43,5,92.73,379.01,32.75,0.305,2,42.58,21,0.286,0,0,1
739.71,6,187.83,1634.68,212.14,0.239,1,164.89,16,0.271,1,0,0
1226.64,8,395.3,1216.33,79.31,0.014,1,286.02,10,0.013,0,1,1
1516.05,5,232.23,1321.72,22.77,0.623,0,156.58,6,0.225,0,0,0
99.53,3,389.68,200.41,16.78,0.085,0,120.01,13,0.219,0,0,0
9617.58,7,456.37,188.61,61.01,0.363,3,91.79,5,0.309,0,1,1
734.08,7,484.22,870.95,7.38,0.171,0,20.0,4,0.128,0,0,0
2998.1,4,211.32,842.76,107.15,0.032,0,124.11,0,0.086,0,0,0
1657.89,4,148.5,173.84,4.27,0.25,1,190.78,8,0.407,0,0,0
6358.95,5,343.75,1017.36,40.95,0.102,0,163.84,5,0.413,0,0,1
2713.67,4,117.63,377.48,93.81,0.382,0,272.84,5,0.561,0,0,0
1429.49,4,251.74,1742.9,63.64,0.368,0,151.77,23,0.117,0,0,0
739.88,5,142.31,362.65,33.23,0.305,2,256.57,23,0.097,0,0,0
4015.23,4,199.24,209.05,13.03,0.133,0,113.02,1,0.145,0,0,0
277.7,1,238.06,174.39,45.86,0.279,2,247.42,6,0.418,0,1,0
3449.18,5,194.47,1827.79,169.52,0.269,2,251.37,1,0.291,0,0,1
602.42,3,338.66,1573.06,5.01,0.331,0,132.95,16,0.531,0,1,0
6325.12,6,278.65,443.92,1.6,0.07,0,195.48,19,0.221,0,0,1
2124.52,7,133.05,220.31,27.2,0.304,1,186.15,5,0.169,0,0,0
3443.09,3,143.63,267.87,44.73,0.094,1,231.8,21,0.208,0,0,0
1962.53,4,172.09,388.84,22.16,0.116,0,277.58,2,0.074,0,0,0
313.44,5,405.48,36.29,63.24,0.294,2,292.82,17,0.244,0,1,0
764.54,5,337.75,55.73,37.0,0.49,1,147.83,20,0.429,0,1,0
3541.8,5,20.0,2098.9,21.32,0.335,1,172.26,22,0.273,0,0,1
2135.93,5,286.15,1162.35,79.02,0.148,1,96.57,17,0.122,0,0,0
5889.87,3,551.62,1345.54,5.23,0.175,0,144.15,5,0.422,0,0,1
2706.13,5,287.87,521.06,2.04,0.341,0,249.94,17,0.3,0,0,0
687.66,3,240.47,363.28,2.93,0.095,3,255.88,3,0.342,0,0,0
815.61,4,174.03,77.18,84.16,0.641,0,171.72,2,0.265,0,1,0
2004.03,7,130.43,653.31,80.01,0.4,0,70.23,8,0.527,0,0,0
178.74,5,281.73,1088.06,88.83,0.189,0,197.32,12,0.416,0,0,0
9637.74,5,20.0,174.44,16.68,0.383,0,270.34,20,0.128,0,0,1
2812.27,2,169.23,394.34,33.82,0.171,0,163.32,3,0.426,0,0,1
6167.41,6,246.17,2097.28,19.26,0.293,0,289.86,16,0.582,0,0,1
372.19,2,382.8,1485.04,44.26,0.43,0,81.27,10,0.304,0,0,0
6276.48,1,67.06,1280.75,93.3,0.507,0,143.17,19,0.486,0,1,1
16839.77,4,197.34,32.19,1.01,0.307,0,320.47,19,0.698,0,0,1
482.57,5,324.98,144.81,42.17,0.269,1,278.76,0,0.514,0,0,0
3910.43,6,226.71,292.27,11.22,0.265,0,296.32,19,0.621,0,0,1
1810.05,8,405.44,289.52,102.03,0.52,1,101.07,21,0.076,0,0,1
385.9,5,315.59,110.45,157.32,0.366,0,292.16,7,0.715,0,0,0
2959.82,9,152.83,273.37,88.04,0.39,2,20.0,18,0.104,0,0,1
4161.38,2,253.23,447.1,1.71,0.222,0,173.57,17,0.141,0,0,0
991.16,3,152.99,40.45,18.03,0.202,2,178.31,14,0.491,0,0,0
5801.76,3,240.42,412.91,13.05,0.001,0,151.56,1,0.25,0,0,1
341.46,6,271.18,548.99,87.51,0.279,1,88.93,4,0.524,0,1,0
405.55,13,330.61,33.44,0.91,0.348,0,38.68,16,0.225,0,1,0
2072.68,4,275.03,897.17,128.04,0.273,1,190.86,5,0.463,0,1,1
1854.53,6,108.15,66.52,44.28,0.392,1,167.1,22,0.32,0,0,0
883.09,5,20.0,835.13,68.14,0.134,1,177.66,9,0.23,0,0,0
4062.66,3,312.57,4103.99,30.41,0.144,0,244.71,23,0.747,0,0,1
3074.49,4,20.0,50.03,61.39,0.118,0,147.66,4,0.263,0,1,0
4264.75,9,269.75,254.16,20.36,0.688,3,73.11,22,0.057,0,0,1
1598.57,4,136.45,110.79,53.97,0.149,0,228.4,19,0.471,0,0,1
3302.98,2,245.54,368.65,28.17,0.565,1,317.98,18,0.475,0,0,0
1157.88,6,230.16,1442.71,134.36,0.532,2,180.58,9,0.556,0,1,0
14098.43,5,284.65,2121.12,133.31,0.37,0,159.69,4,0.26,0,1,1
802.28,5,248.74,1464.67,42.23,0.153,4,154.28,9,0.158,0,1,0
14843.2,9,329.07,939.71,74.22,0.151,0,154.23,0,0.099,0,0,1
1872.23,6,278.48,1010.46,67.8,0.171,0,216.7,12,0.638,0,1,0
456.91,3,381.6,102.7,61.28,0.414,2,328.36,3,0.64,0,1,0
7101.63,5,188.47,228.76,182.63,0.432,2,166.84,3,0.105,0,0,1
2050.63,6,117.95,361.92,105.1,0.271,0,118.61,15,0.321,0,0,0
4234.94,4,279.34,41.15,68.39,0.354,0,210.24,6,0.413,1,0,1
6147.84,3,236.61,1379.19,4.12,0.367,0,221.64,5,0.191,0,0,1
2535.02,0,292.62,236.23,21.93,0.299,1,99.24,13,0.193,0,0,0
1000.0,5,240.49,42.97,21.03,0.556,0,265.85,6,0.45,0,1,0
4796.84,3,371.19,60.71,35.89,0.491,1,272.45,0,0.303,0,1,1
1809.41,7,304.54,2791.86,97.18,0.179,1,267.5,23,0.341,0,1,0
3589.82,4,102.36,1944.19,55.72,0.185,0,168.79,4,0.368,0,0,1
209.82,2,199.43,2550.32,73.82,0.176,1,185.19,18,0.432,0,0,0
2827.03,7,267.5,2511.81,2.13,0.351,5,111.11,22,0.681,0,1,1
954.72,2,199.7,1285.29,2.75,0.044,1,259.97,0,0.137,0,0,0
9445.65,3,174.41,258.34,131.9,0.375,0,120.7,8,0.538,0,0,1
3371.41,4,401.73,314.16,11.76,0.215,0,141.3,9,0.464,0,0,1
2298.15,6,339.04,411.33,79.14,0.187,0,223.64,2,0.473,0,0,0
2940.43,11,159.79,1229.7,39.73,0.19,0,243.3,2,0.467,0,0,0
666.18,5,356.04,2091.36,21.52,0.433,1,142.57,8,0.539,0,1,0
9166.0,6,344.29,464.3,72.1,0.171,1,22.14,16,0.395,0,0,1
13244.93,9,319.77,287.03,167.46,0.154,0,280.76,17,0.223,0,1,1
2678.24,4,65.91,222.55,14.98,0.287,1,181.21,9,0.075,0,0,1
8869.76,0,267.97,237.08,21.71,0.307,3,355.7,10,0.089,0,0,1
1023.37,6,131.08,5.53,17.36,0.331,0,190.19,16,0.335,0,0,1
814.75,6,225.48,213.4,51.73,0.096,1,85.45,1,0.587,0,1,0
1883.57,3,384.84,279.55,64.42,0.268,0,200.35,10,0.177,0,0,0
2793.19,8,201.89,1195.42,32.54,0.066,2,91.81,17,0.187,0,0,1
1219.28,4,230.7,636.19,12.08,0.235,0,197.63,21,0.294,0,0,0
3095.7,7,80.02,321.69,19.38,0.22,1,189.0,2,0.077,0,0,0
2456.25,7,266.15,727.21,68.79,0.383,1,236.1,1,0.097,0,1,0
666.27,6,417.82,1242.12,107.56,0.113,0,155.16,22,0.507,0,1,0
3037.51,6,498.81,753.38,35.46,0.105,1,40.68,11,0.591,0,0,0
4287.8,6,359.63,58.26,14.3,0.281,1,124.95,15,0.275,0,0,1
2146.23,1,199.19,220.61,54.78,0.555,2,138.54,11,0.615,0,0,1
5725.29,6,306.16,269.35,51.0,0.281,0,93.37,6,0.24,0,1,1
535.18,5,193.89,360.7,119.98,0.581,0,215.76,5,0.17,0,0,0
2886.93,8,269.22,19.95,16.77,0.517,0,120.18,15,0.565,0,0,0
561.0,1,312.13,1091.01,85.01,0.286,0,81.78,19,0.495,0,0,0
593.43,2,84.68,508.45,55.53,0.464,0,103.75,12,0.395,0,0,0
962.05,8,341.81,1815.18,91.62,0.449,1,116.6,13,0.289,0,0,0
704.82,6,301.2,583.32,5.43,0.593,0,223.84,15,0.459,0,0,0
1045.24,7,160.34,3549.4,87.79,0.111,0,319.75,5,0.484,0,1,0
1459.5,6,20.0,965.03,32.41,0.423,0,213.25,17,0.336,0,0,0
4176.19,3,274.63,1743.35,74.48,0.157,0,187.26,12,0.234,0,0,1
1311.39,2,334.19,2897.98,13.94,0.204,2,172.12,6,0.564,0,0,0
370.32,3,210.37,510.56,21.36,0.175,1,265.69,19,0.208,0,0,0
5653.71,9,211.06,802.16,26.78,0.513,2,228.4,15,0.356,0,0,1
782.83,4,317.33,1963.07,39.95,0.194,1,302.6,22,0.393,0,0,0
1704.93,2,173.49,685.1,35.71,0.387,0,166.26,23,0.437,0,0,0
2825.77,8,332.34,43.39,13.49,0.35,0,228.32,15,0.141,0,0,1
2207.49,6,216.87,955.18,116.99,0.474,2,229.2,21,0.057,0,0,1
5400.14,4,277.3,2195.8,144.51,0.148,0,342.53,1,0.55,0,0,0
2919.02,9,290.43,1215.56,13.54,0.218,0,155.9,12,0.557,0,0,0
764.09,6,437.44,1253.34,24.79,0.483,1,189.68,19,0.556,0,0,0
15971.52,4,282.94,66.06,81.65,0.294,0,346.39,20,0.169,0,0,1
2195.87,4,141.2,1069.66,76.32,0.118,1,237.32,12,0.431,0,1,0
1560.34,5,186.22,26.23,181.85,0.372,3,187.91,8,0.648,0,0,0
4740.63,3,185.86,2135.04,147.21,0.209,1,189.91,7,0.297,0,0,1
2320.3,6,312.06,1965.57,103.98,0.139,4,270.81,16,0.123,0,1,0
2695.2,4,242.96,3140.88,44.17,0.19,1,224.31,16,0.166,0,0,1
21854.98,5,248.9,289.0,20.62,0.076,1,320.48,19,0.474,0,0,1
1373.17,4,392.67,621.7,36.96,0.269,1,295.42,11,0.675,1,1,0
1315.85,4,355.41,691.65,73.74,0.175,1,189.37,14,0.706,0,0,0
2031.6,2,215.61,650.85,5.51,0.094,0,20.0,7,0.282,0,0,0
5279.13,5,456.79,425.05,60.72,0.252,2,179.92,11,0.19,0,0,1
400.8,2,520.75,3468.01,113.19,0.449,1,91.05,11,0.513,0,1,0
253.27,5,148.73,1742.13,11.81,0.221,0,74.53,19,0.682,0,1,0
1005.14,7,186.08,754.01,83.35,0.236,1,118.74,7,0.492,0,1,1
352.86,6,120.28,834.71,110.74,0.339,0,135.76,10,0.53,0,0,0
1182.24,4,419.12,1002.11,3.47,0.324,0,292.05,11,0.635,0,1,0
2988.42,0,147.39,740.46,158.49,0.409,3,48.25,0,0.282,0,0,1
741.93,3,189.96,983.49,34.88,0.177,1,248.44,4,0.606,0,0,1
434.06,5,537.35,1356.42,30.61,0.123,1,65.22,17,0.362,0,1,0
1937.86,9,364.31,3048.92,46.14,0.223,0,149.88,23,0.295,0,1,0
4283.58,3,218.37,1512.73,12.02,0.345,1,344.69,0,0.399,0,0,1
331.96,7,246.31,110.82,54.48,0.415,1,141.75,10,0.15,0,0,0
4106.11,4,37.58,632.43,82.74,0.103,1,93.03,7,0.224,0,1,0
4094.12,6,242.24,799.54,19.46,0.237,2,20.0,5,0.601,0,1,1
4694.21,5,277.69,247.11,14.75,0.386,1,296.75,13,0.099,0,0,1
6114.88,6,121.0,516.28,123.28,0.417,1,20.0,3,0.245,0,0,1
16350.5,2,276.99,2158.79,31.51,0.186,1,142.46,4,0.474,0,0,1
1266.37,5,496.27,239.79,49.56,0.287,0,167.95,0,0.443,0,0,0
2017.41,8,426.5,305.34,96.67,0.136,2,117.28,17,0.055,0,0,0
1192.21,6,439.32,1911.29,63.11,0.057,0,250.24,18,0.345,0,0,0
1811.62,9,214.69,79.3,19.41,0.01,1,265.5,3,0.522,0,0,0
8373.89,7,203.32,1697.32,1.03,0.499,0,207.29,16,0.54,0,0,1
471.06,3,320.19,289.72,31.64,0.366,1,100.55,2,0.297,0,0,0
764.29,2,185.59,552.02,14.28,0.291,7,273.22,22,0.39,0,1,1
7166.56,8,335.1,823.68,27.2,0.177,1,20.0,18,0.555,0,1,1
5014.24,3,366.74,831.79,30.66,0.619,1,299.33,6,0.545,0,1,0
1257.48,7,513.0,3128.84,100.39,0.428,0,146.84,12,0.311,1,0,0
4248.84,6,92.41,28.31,72.79,0.242,0,111.51,20,0.516,0,0,0
2543.3,2,376.38,973.42,10.9,0.239,0,106.73,9,0.347,0,0,0
8105.31,4,192.46,1494.66,18.99,0.194,3,160.71,2,0.675,0,1,1
1947.9,5,432.25,710.02,43.81,0.23,1,184.89,2,0.51,0,0,1
5042.37,5,294.22,2974.64,41.67,0.425,0,80.35,2,0.477,0,0,1
25387.49,4,267.86,432.57,39.45,0.155,0,203.28,19,0.161,0,0,1
3288.21,5,365.15,1108.59,152.11,0.189,2,235.27,13,0.681,0,1,1
1899.47,5,368.0,927.63,59.0,0.397,0,66.39,14,0.268,0,0,0
3723.6,10,205.97,25.49,5.11,0.344,1,302.05,21,0.144,0,0,1
1254.78,3,262.99,643.78,141.07,0.234,0,72.51,8,0.261,0,0,0
19692.0,3,179.03,241.88,31.11,0.089,3,166.37,0,0.784,0,1,1
2164.77,2,268.58,601.89,43.44,0.242,1,211.91,5,0.503,0,0,0
1376.18,3,363.4,1723.85,85.6,0.242,2,186.5,16,0.569,0,0,0
783.92,0,436.01,795.68,11.99,0.286,2,254.59,14,0.476,0,1,0
5416.58,6,30.83,720.9,35.86,0.198,0,185.4,21,0.644,0,0,1
4303.52,4,388.37,892.87,98.09,0.229,0,64.06,22,0.16,0,0,0
1099.54,9,341.59,601.16,66.71,0.226,0,116.18,12,0.239,0,0,0
3217.79,6,109.49,475.06,21.58,0.362,2,139.37,14,0.146,0,0,0
399.99,6,60.31,375.28,44.48,0.103,1,307.63,6,0.477,0,0,0
2175.41,5,252.68,963.38,0.4,0.288,0,149.55,1,0.174,0,0,0
2843.4,5,241.47,1195.93,2.42,0.399,0,86.93,6,0.303,0,0,1
9969.94,4,257.26,440.26,6.02,0.502,1,372.94,8,0.143,0,1,1
836.46,4,434.33,35.77,59.28,0.078,0,122.63,1,0.157,0,0,0
503.53,7,69.09,626.72,48.39,0.1,0,159.45,6,0.571,0,0,0
738.46,7,116.15,681.96,123.93,0.182,1,51.9,11,0.537,0,0,0
475.06,1,86.2,521.6,61.65,0.425,0,179.46,23,0.76,0,0,0
6881.95,2,390.37,356.94,27.29,0.362,0,226.86,18,0.246,0,1,1
8506.95,10,334.84,1810.06,100.85,0.323,0,245.29,9,0.454,0,1,1
2490.44,7,269.69,524.86,2.18,0.47,1,193.43,15,0.103,0,1,0
6132.11,5,188.69,1283.44,0.51,0.195,0,196.16,13,0.258,0,0,1
2067.22,5,225.94,812.29,14.4,0.043,3,131.16,22,0.061,0,0,0
1644.0,8,204.47,1237.38,6.83,0.228,0,97.69,14,0.283,0,0,0
1295.9,7,325.2,1680.81,15.75,0.031,1,168.56,8,0.429,0,1,1
1325.58,4,480.3,223.07,18.24,0.455,0,92.42,22,0.061,0,0,0
384.6,7,118.67,1411.35,30.39,0.159,0,175.65,20,0.493,0,1,0
2354.9,5,198.82,1021.53,47.16,0.322,0,174.25,3,0.076,0,0,0
1736.57,4,222.62,658.74,21.73,0.294,2,179.38,2,0.645,0,1,1
3809.91,5,20.0,629.9,170.93,0.391,0,189.58,5,0.241,1,0,1
1985.3,4,355.42,298.5,39.01,0.189,0,263.86,5,0.444,0,0,0
1536.55,5,259.87,622.33,104.47,0.447,1,171.9,21,0.097,0,0,0
756.58,6,297.58,388.06,81.06,0.311,0,223.3,19,0.469,0,0,1
1943.32,4,179.34,1757.21,2.46,0.046,0,186.14,19,0.584,0,0,0
3782.87,6,297.88,697.96,31.88,0.07,0,242.27,20,0.166,0,0,1
576.32,9,232.98,284.23,82.12,0.59,0,182.01,19,0.084,1,0,0
1973.32,4,258.58,124.74,118.56,0.328,0,162.47,11,0.131,0,0,1
2282.54,6,382.17,947.3,50.1,0.402,1,237.59,8,0.19,0,0,1
881.77,2,294.14,874.22,134.44,0.625,0,163.35,7,0.366,0,0,0
1004.4,8,70.61,357.1,54.43,0.248,0,205.32,22,0.132,0,0,0
2276.99,2,239.34,141.55,11.69,0.136,0,247.42,19,0.171,0,0,0
582.06,3,393.83,1007.53,40.88,0.294,2,247.79,18,0.224,0,0,0
2565.54,4,226.26,252.2,70.53,0.157,1,164.79,14,0.363,0,0,0
738.52,5,341.02,1584.46,54.89,0.235,0,219.06,22,0.445,0,1,0
5233.59,7,435.07,1036.37,4.35,0.043,0,399.74,16,0.04,0,1,0
18728.99,4,355.43,1783.42,13.53,0.317,0,166.43,11,0.15,0,0,1
764.52,11,311.15,3338.31,58.21,0.391,2,199.81,23,0.165,0,0,0
3084.69,2,276.25,333.64,37.57,0.287,0,198.62,19,0.051,0,1,0
874.16,6,223.27,561.05,1.57,0.185,0,137.03,6,0.197,0,0,1
5120.23,3,237.74,413.71,67.04,0.256,1,168.31,15,0.114,0,0,1
510.17,3,416.94,64.62,4.14,0.572,1,114.19,20,0.381,0,1,0
2923.65,5,331.22,415.31,10.22,0.435,1,212.11,15,0.254,0,0,1
755.22,5,231.76,469.3,117.42,0.303,0,199.94,10,0.09,0,0,0
1470.0,7,216.45,152.34,18.92,0.323,1,145.46,9,0.74,0,0,0
644.82,6,260.15,1718.6,1.74,0.423,2,190.75,18,0.064,0,0,0
4114.82,4,289.43,276.74,0.88,0.359,0,144.76,10,0.21,0,0,0
782.91,3,207.4,1136.98,137.09,0.109,2,164.04,11,0.521,0,1,0
3139.96,7,110.7,63.47,23.3,0.454,1,209.44,1,0.248,0,0,0
1281.65,3,314.12,24.44,48.53,0.421,0,110.35,2,0.601,0,0,0
1612.48,3,201.45,4320.4,26.72,0.217,0,256.28,2,0.318,0,1,0
2095.94,4,176.76,105.02,12.0,0.557,0,96.33,12,0.351,0,0,0
844.02,5,197.61,1161.47,105.06,0.193,1,132.67,1,0.24,0,1,0
2231.36,5,171.46,742.12,149.45,0.276,0,112.44,17,0.719,0,1,0
8352.65,8,338.57,482.58,220.5,0.269,0,142.42,18,0.206,0,0,1
830.4,10,363.77,30.1,2.11,0.515,2,345.39,4,0.42,0,1,1
5836.05,6,337.23,318.75,2.58,0.232,0,267.01,5,0.631,0,1,1
8087.68,7,277.62,1842.79,97.58,0.18,0,327.48,6,0.089,0,0,1
799.39,5,98.13,1884.39,9.69,0.161,1,230.11,15,0.639,0,0,0
421.97,5,311.88,732.43,41.24,0.361,0,20.0,7,0.45,0,0,0
2445.39,2,487.46,683.92,43.36,0.212,0,191.66,13,0.723,0,0,0
1045.86,1,227.76,443.54,54.23,0.057,0,123.81,19,0.292,0,0,0
11714.74,5,57.76,1195.34,1.92,0.533,2,144.79,9,0.272,0,0,1
1872.08,4,337.4,1716.09,18.45,0.393,2,162.02,5,0.287,0,0,1
810.62,0,37.17,1040.12,36.09,0.531,1,344.19,1,0.112,0,1,0
574.12,4,135.97,596.03,9.58,0.579,2,151.5,18,0.552,0,0,0
5377.1,5,219.71,805.4,144.15,0.31,0,73.05,12,0.859,0,0,1
1021.28,6,383.32,198.5,88.25,0.056,1,254.43,22,0.45,0,1,0
1889.05,4,269.52,3789.0,7.51,0.178,1,256.5,17,0.345,0,1,0
4702.28,7,178.3,2197.45,55.57,0.224,1,145.09,14,0.262,0,0,1
1114.03,3,180.54,2510.48,26.4,0.242,0,205.03,2,0.342,0,0,0
1726.88,4,119.86,146.03,18.66,0.261,1,151.55,5,0.585,0,1,0
1778.33,4,186.55,846.24,17.19,0.421,0,156.96,20,0.45,0,0,0
3580.74,8,224.43,854.49,54.33,0.195,1,147.96,19,0.336,0,1,1
3264.12,3,257.79,350.92,116.94,0.226,3,252.92,11,0.284,0,0,1
1450.82,5,324.67,1603.05,90.48,0.276,2,92.11,9,0.414,0,1,0
1926.86,7,273.11,1219.86,21.46,0.125,2,67.29,14,0.185,0,0,0
1246.66,5,107.52,1017.28,61.51,0.469,3,256.14,14,0.508,0,1,0
412.56,5,20.0,23.45,37.47,0.433,1,132.51,16,0.139,0,0,0
2339.29,6,174.19,3730.47,29.02,0.173,0,159.84,17,0.547,0,0,0
11994.36,4,494.83,1013.73,17.6,0.061,0,20.0,5,0.239,0,0,1
747.16,5,210.27,2790.53,4.24,0.071,0,264.75,17,0.517,0,1,0
834.61,8,271.26,72.62,10.69,0.125,2,20.0,22,0.313,0,1,0
756.93,5,81.4,948.25,41.78,0.366,0,156.79,3,0.215,0,0,0
3731.6,2,182.75,1092.6,65.22,0.305,0,174.59,23,0.521,0,0,1
2831.28,7,325.85,53.49,1.87,0.241,1,124.52,8,0.087,0,0,1
1542.97,3,313.66,53.32,23.83,0.152,0,128.92,2,0.128,0,0,1
721.97,4,252.12,1149.28,9.06,0.381,2,164.42,16,0.227,0,1,0
1983.02,4,298.31,1278.32,46.08,0.264,0,155.31,22,0.345,0,1,0
378.18,3,406.07,1927.94,100.0,0.112,3,173.89,9,0.112,0,0,0
2086.88,7,270.43,1182.87,132.75,0.209,2,217.29,17,0.052,0,0,0
4322.22,5,448.52,219.94,108.24,0.351,1,192.45,15,0.389,0,1,1
517.39,1,295.63,2771.36,102.93,0.259,0,187.15,17,0.724,0,0,0
390.52,3,173.01,248.75,45.93,0.191,1,53.54,15,0.041,0,0,0
8773.03,5,155.86,1039.26,13.92,0.332,1,66.3,12,0.36,0,0,1
980.67,7,209.04,602.96,68.71,0.262,1,225.67,20,0.155,0,0,0
5630.47,6,236.16,104.37,64.46,0.396,1,94.3,9,0.343,0,0,1
1549.99,1,367.04,2095.25,9.12,0.315,0,101.61,3,0.117,0,0,0
1537.7,2,402.92,709.24,10.84,0.153,0,270.93,14,0.213,0,0,0
2802.91,2,222.87,77.05,5.79,0.152,0,254.64,16,0.371,0,0,0
746.95,4,308.42,386.77,34.53,0.303,0,307.96,10,0.047,0,0,0
2064.2,4,277.03,1158.53,19.4,0.083,0,251.3,16,0.077,0,0,1
1234.61,12,229.49,770.75,115.19,0.512,0,242.67,23,0.2,0,0,0
482.75,3,298.15,202.36,1.87,0.206,0,218.65,21,0.443,0,0,0
2533.82,4,320.58,674.1,19.58,0.229,0,223.22,20,0.158,0,1,0
1389.49,9,500.59,295.53,104.38,0.233,0,280.44,14,0.568,0,1,0
1545.3,6,454.78,599.38,345.11,0.359,0,53.29,5,0.295,0,0,0
539.07,4,406.58,306.14,64.19,0.624,0,29.42,14,0.151,0,0,0
8878.61,5,222.63,548.59,115.46,0.204,0,243.93,15,0.489,0,0,1
4344.71,0,119.72,1476.96,0.81,0.453,1,201.67,10,0.3,0,0,1
4741.72,9,305.22,190.62,73.87,0.201,0,313.8,16,0.031,0,1,1
1332.16,4,36.39,1.43,30.96,0.083,2,237.83,2,0.544,0,0,0
320.8,3,238.82,134.73,58.63,0.444,0,315.31,12,0.161,0,0,0
12745.29,4,308.93,1475.4,28.1,0.408,1,235.96,11,0.107,0,0,1
1700.88,9,125.37,428.99,42.12,0.309,1,300.0,20,0.108,0,1,1
855.08,6,285.84,1076.92,15.06,0.599,0,248.12,17,0.217,0,1,0
2742.98,5,351.56,25.0,42.68,0.048,0,240.06,17,0.273,0,0,1
5808.75,4,240.97,126.59,17.18,0.111,1,249.92,6,0.442,0,0,1
1766.84,5,259.57,673.22,16.44,0.079,1,257.41,2,0.366,0,0,0
6493.62,5,339.13,1019.24,19.81,0.208,1,165.47,4,0.481,0,1,1
5340.1,6,456.89,1240.5,11.21,0.065,1,172.37,22,0.636,0,1,1
616.23,3,278.04,824.05,12.6,0.308,2,230.62,3,0.561,0,1,0
921.69,4,331.95,1130.71,134.06,0.383,1,253.18,19,0.536,0,1,0
4710.44,1,215.25,144.98,30.3,0.428,0,89.12,3,0.061,0,0,1
119.99,2,333.69,858.76,47.61,0.624,1,201.09,11,0.332,0,0,0
1557.04,4,336.77,443.12,42.4,0.361,0,224.31,10,0.338,0,0,0
432.32,4,309.97,1970.89,15.42,0.171,1,168.84,18,0.517,0,0,0
1122.65,6,457.56,764.2,0.01,0.181,0,259.83,16,0.241,0,1,0
1341.01,3,218.96,624.13,5.51,0.463,1,93.87,18,0.322,0,0,0
1263.64,6,255.02,690.7,88.83,0.239,2,293.39,2,0.076,0,0,0
1040.79,5,422.39,1423.8,5.79,0.596,0,335.14,10,0.147,0,0,1
603.57,0,215.13,9.07,11.58,0.251,0,172.33,22,0.249,0,0,0
17888.46,3,348.52,1574.42,121.99,0.222,1,162.12,5,0.548,0,0,1
11701.38,3,472.49,23.7,82.47,0.286,0,115.38,0,0.103,0,1,1
565.63,8,347.64,699.09,2.74,0.365,1,207.83,9,0.697,0,1,0
8796.57,5,304.69,558.68,51.56,0.186,0,111.17,6,0.389,0,1,1
1212.62,6,232.27,370.08,36.25,0.36,2,27.35,23,0.285,0,0,0
2057.38,5,390.91,110.23,22.7,0.344,1,120.97,13,0.215,0,0,1
1697.18,2,130.66,105.98,34.42,0.455,0,276.46,8,0.157,0,0,0
934.72,7,78.33,1084.33,8.19,0.122,2,164.3,12,0.342,0,0,0
4836.04,4,144.01,96.38,154.81,0.129,0,190.16,20,0.436,0,0,1
2050.6,6,255.52,929.89,9.41,0.515,3,129.87,4,0.193,0,0,0
1122.65,6,111.86,3709.02,10.3,0.123,2,290.16,9,0.299,0,1,0
490.49,6,518.91,916.28,23.01,0.393,1,130.22,10,0.224,1,1,0
739.82,6,153.37,62.55,11.95,0.556,0,141.16,5,0.267,0,1,0
350.24,5,360.68,624.81,18.76,0.022,0,265.93,5,0.318,0,0,0
1830.28,5,167.07,1438.73,2.03,0.093,0,20.0,12,0.285,0,0,0
546.39,7,249.53,2473.98,47.63,0.357,0,96.46,20,0.289,0,0,0
1386.36,5,261.26,1040.55,13.8,0.353,1,277.28,17,0.193,0,0,0
7116.01,7,122.13,296.46,176.98,0.369,1,163.25,22,0.485,0,0,1
5998.71,5,252.67,231.38,6.06,0.385,0,112.8,1,0.942,0,0,1
1750.62,7,423.58,1225.32,4.02,0.359,2,177.96,0,0.478,0,1,0
1657.25,7,232.66,1142.74,9.57,0.462,0,189.55,0,0.216,0,0,1
11847.53,4,280.76,533.02,39.09,0.555,0,276.62,5,0.234,0,0,1
3043.48,7,291.04,72.65,68.81,0.597,1,150.13,23,0.785,1,1,0
1302.7,3,297.54,891.88,40.94,0.342,0,125.09,15,0.36,0,0,0
434.41,5,39.93,714.15,98.44,0.298,2,304.12,13,0.42,0,1,0
2680.81,11,344.88,9.54,45.02,0.74,0,262.56,19,0.455,1,0,1
4143.61,4,317.91,822.73,7.46,0.102,2,191.03,14,0.783,0,1,1
961.36,4,258.66,113.6,10.27,0.137,1,198.07,2,0.747,0,1,0
2419.23,6,414.99,1398.18,22.13,0.427,1,293.59,22,0.357,0,0,1
1256.93,4,383.05,895.65,126.3,0.166,1,144.94,3,0.358,0,0,0
1504.13,5,300.09,42.46,30.81,0.148,2,227.42,22,0.265,0,0,0
150.23,7,195.13,607.13,103.63,0.287,1,215.53,18,0.079,0,1,0
1448.41,4,224.9,1309.4,3.88,0.472,1,59.39,8,0.393,0,0,0
4766.51,3,239.46,1417.5,58.03,0.359,0,20.0,15,0.175,0,0,1
961.6,7,323.9,71.4,31.48,0.344,0,117.19,18,0.127,0,1,0
1905.55,2,249.58,65.75,9.5,0.195,0,146.92,2,0.372,0,0,0
848.99,1,281.99,1193.31,4.26,0.363,0,239.42,15,0.217,0,1,0
2592.67,2,108.88,211.85,18.94,0.168,1,124.94,22,0.674,0,0,0
1456.04,3,351.97,721.18,85.91,0.184,0,149.34,0,0.513,0,0,0
706.81,2,397.34,750.92,51.17,0.429,1,47.53,0,0.266,0,0,0
6853.75,8,206.8,794.99,31.0,0.239,0,180.13,15,0.32,0,0,1
4577.61,2,197.53,329.84,93.37,0.633,2,132.56,18,0.534,0,1,1
987.42,7,173.58,32.57,9.99,0.228,0,92.8,20,0.484,0,0,0
2974.37,2,478.89,616.86,16.36,0.076,1,201.22,6,0.644,0,0,1
3094.59,5,348.44,578.9,40.38,0.105,1,129.25,22,0.369,0,1,1
3436.82,4,246.44,454.12,44.53,0.403,1,147.49,5,0.327,0,1,1
332.2,3,177.88,262.29,19.35,0.544,0,194.3,21,0.389,0,0,0
4947.35,0,127.78,1481.43,35.09,0.307,2,341.54,10,0.247,0,0,1
1022.8,2,346.56,369.75,6.39,0.104,1,255.32,20,0.144,0,0,0
1264.17,4,218.64,108.47,0.56,0.245,2,297.27,10,0.011,0,0,0
25282.85,6,304.98,1135.45,117.74,0.136,2,44.01,23,0.277,0,0,1
2445.18,5,417.62,809.09,29.13,0.413,0,166.55,13,0.575,0,0,0
1228.66,5,128.65,295.87,13.14,0.307,0,53.91,21,0.547,0,0,1
199.28,3,174.5,131.09,20.01,0.007,0,121.22,21,0.252,0,0,0
7257.31,5,313.12,463.38,36.45,0.032,2,26.16,10,0.223,0,0,1
470.97,5,225.12,54.57,146.36,0.305,2,34.43,9,0.435,0,1,0
662.86,8,230.96,201.6,63.82,0.678,3,239.44,19,0.553,1,1,0
1298.09,4,350.06,2658.61,148.01,0.13,4,241.08,23,0.116,0,0,0
7453.3,4,339.81,130.48,5.94,0.357,0,305.68,22,0.21,0,1,1
3917.62,4,209.26,257.24,9.82,0.258,1,195.47,2,0.318,0,0,0
1544.05,7,185.23,119.7,22.55,0.129,0,260.69,21,0.417,0,0,0
2460.92,8,242.45,1944.35,14.01,0.628,0,253.69,20,0.499,1,1,0
991.89,10,385.57,2070.47,157.37,0.526,2,75.91,6,0.397,0,1,0
2079.02,6,55.09,49.05,9.39,0.414,1,212.94,8,0.268,0,0,0
1945.62,3,237.1,1827.97,9.31,0.381,0,187.71,8,0.112,0,0,1
4763.65,5,326.04,122.82,33.44,0.2,0,204.37,1,0.328,0,0,1
4756.08,4,176.78,405.06,59.68,0.231,1,294.31,1,0.64,0,1,1
2963.06,2,85.26,706.08,23.84,0.296,1,179.03,1,0.265,0,0,0
1258.47,4,121.77,496.53,2.24,0.308,1,28.99,9,0.371,0,0,0
3796.45,2,292.3,116.87,72.59,0.152,1,20.0,19,0.247,0,0,0
1649.18,6,239.97,1254.56,145.42,0.137,2,176.85,15,0.074,0,0,1
612.83,6,23.06,930.31,83.17,0.429,0,127.26,10,0.661,0,0,0
1207.99,4,190.98,2266.92,91.66,0.152,0,70.76,12,0.206,0,0,0
1967.52,3,403.27,348.26,94.16,0.128,0,109.94,8,0.15,0,1,0
4492.73,6,242.89,450.25,71.25,0.229,1,252.44,5,0.537,1,1,1
1504.89,7,319.39,344.32,81.85,0.357,1,203.51,13,0.183,0,0,0
539.59,8,238.91,52.05,3.99,0.36,0,181.95,13,0.49,0,0,0
1913.6,2,347.74,45.23,2.81,0.538,2,192.31,18,0.477,0,0,1
2025.27,4,320.73,1146.13,3.91,0.203,0,197.1,22,0.504,0,0,0
2177.29,1,252.49,268.22,44.77,0.353,0,255.2,21,0.27,0,0,0
4536.32,3,143.96,534.19,13.8,0.413,1,170.72,12,0.15,0,0,1
5008.66,5,302.89,3089.45,1.43,0.345,0,47.35,4,0.244,0,0,1
998.04,5,84.28,14.25,3.98,0.156,2,202.84,22,0.493,0,0,0
976.38,6,309.44,583.28,3.55,0.289,0,210.41,14,0.303,0,0,0
638.93,4,355.3,584.22,49.38,0.511,0,210.58,5,0.465,0,0,0
3636.64,5,190.73,5000.0,7.71,0.225,0,251.41,18,0.286,0,0,0
7698.8,5,111.23,1438.21,93.46,0.183,0,120.26,12,0.304,1,0,1
1319.38,7,368.6,55.31,245.75,0.39,0,232.37,17,0.538,0,1,1
1420.22,2,251.3,136.73,29.1,0.451,2,311.28,0,0.74,0,1,1
7838.34,6,229.33,27.6,38.57,0.386,2,147.61,3,0.519,0,0,1
2997.57,4,272.08,175.36,15.05,0.111,0,195.57,0,0.129,0,0,0
2796.81,4,194.34,190.94,53.29,0.39,2,170.27,21,0.077,0,0,0
549.54,3,63.41,75.35,123.25,0.339,2,86.1,23,0.47,0,0,0
3564.32,4,182.67,599.31,9.97,0.066,2,274.98,23,0.362,0,0,0
713.99,11,252.67,2951.47,153.08,0.124,0,171.13,1,0.727,1,1,0
581.71,3,253.12,1303.0,12.51,0.208,1,140.53,23,0.287,0,0,0
1278.23,2,39.08,181.9,15.46,0.082,2,238.31,0,0.285,0,0,0
1006.47,5,218.22,1222.28,121.28,0.613,1,273.95,2,0.227,0,0,0
1448.67,2,447.99,3224.85,44.99,0.737,1,138.94,6,0.045,0,1,1
427.96,5,255.62,1442.57,1.61,0.596,3,168.23,18,0.038,0,1,0
4716.47,9,354.7,505.91,81.22,0.233,1,114.74,17,0.23,0,0,0
5584.14,7,319.45,251.04,51.37,0.318,0,139.43,1,0.103,0,0,1
257.92,6,172.79,1102.31,67.95,0.204,1,108.4,1,0.503,0,1,0
4810.03,11,176.22,1235.11,8.82,0.269,1,113.53,20,0.073,0,1,0
803.9,2,298.13,281.73,103.15,0.704,0,158.8,16,0.033,0,0,0
4259.79,7,184.7,203.07,76.36,0.193,2,217.59,6,0.199,0,0,1
1688.43,6,387.92,892.05,157.82,0.31,0,245.51,9,0.311,0,0,1
1860.83,5,213.38,1754.48,26.28,0.126,1,109.55,19,0.086,0,0,0
1502.53,4,349.52,16.74,36.53,0.111,1,211.88,17,0.097,0,1,0
6076.17,7,295.96,3479.85,60.49,0.528,0,322.67,0,0.225,0,0,1
523.43,5,307.36,170.41,5.51,0.386,1,177.48,6,0.502,0,1,0
3320.4,4,176.64,343.91,11.81,0.152,0,151.34,4,0.315,0,0,0
5438.89,3,379.87,43.51,17.0,0.163,1,182.46,8,0.543,0,0,1
3700.93,7,530.27,45.71,145.13,0.307,1,216.81,4,0.302,0,1,1
18484.71,9,138.04,254.79,0.07,0.212,0,217.53,15,0.214,0,0,1
1065.34,2,362.93,665.96,255.52,0.066,1,221.57,14,0.287,0,0,0
4709.35,7,250.48,1850.78,25.17,0.247,1,288.84,4,0.16,0,0,0
1626.05,3,153.54,57.92,52.25,0.153,1,161.57,18,0.58,0,0,0
6206.83,6,122.87,631.55,26.44,0.162,0,244.26,22,0.541,0,0,1
1794.19,6,146.73,430.47,76.63,0.076,1,202.83,6,0.58,0,1,0
1226.75,3,162.41,3627.38,150.37,0.145,1,220.43,11,0.073,0,0,0
6674.65,11,110.57,165.72,29.69,0.202,0,185.42,11,0.292,0,0,1
1105.93,6,382.21,369.01,9.93,0.076,1,181.72,20,0.213,0,0,0
440.22,6,248.93,27.22,12.56,0.213,1,221.65,0,0.545,0,1,0
1078.31,4,299.56,1964.96,15.45,0.542,0,47.13,2,0.287,0,0,0
3357.77,4,111.71,779.18,12.52,0.662,1,256.53,6,0.169,0,1,1
7273.83,5,394.18,709.07,0.67,0.224,2,112.0,5,0.411,0,1,1
2020.56,4,186.16,39.97,99.0,0.164,1,92.32,2,0.475,0,0,0
6756.07,7,405.69,83.4,57.12,0.384,3,68.72,18,0.077,0,0,1
464.9,6,303.75,1249.56,36.26,0.101,1,222.57,18,0.132,0,0,0
1160.65,11,135.31,637.87,7.95,0.157,1,179.22,4,0.245,0,0,0
1354.82,1,293.89,177.52,2.08,0.27,1,237.37,3,0.795,0,0,0
1612.34,4,246.35,638.48,24.28,0.194,0,402.93,4,0.486,0,0,0
1966.66,8,133.6,2756.51,0.27,0.305,1,87.23,5,0.39,0,0,1
3608.01,1,121.88,87.58,2.94,0.31,0,236.16,7,0.36,0,0,1
1158.86,3,348.55,2810.77,3.81,0.373,1,207.24,17,0.055,0,0,1
2077.72,17,394.97,1193.64,84.59,0.136,0,293.18,8,0.405,0,1,0
1728.27,5,124.8,124.6,64.77,0.031,1,64.41,23,0.232,0,0,0
716.31,5,263.13,1348.54,18.52,0.405,1,24.44,20,0.321,0,0,0
1613.78,10,72.86,1090.13,18.11,0.538,1,147.85,22,0.425,0,0,0
1566.09,5,350.64,682.51,21.11,0.057,2,166.63,22,0.292,0,1,0
1532.9,6,259.32,1191.05,41.68,0.328,3,105.02,6,0.183,0,0,0
1866.39,2,90.4,121.82,98.36,0.275,2,133.62,1,0.106,0,1,1
1950.17,3,196.11,1023.02,32.41,0.436,0,200.86,6,0.462,0,0,1
1173.45,3,184.66,819.39,8.04,0.203,0,219.56,0,0.555,0,0,0
6455.67,10,146.99,268.02,8.63,0.152,0,150.63,13,0.365,0,0,0
561.45,5,364.29,937.91,2.93,0.199,2,186.2,21,0.369,0,0,0
879.22,6,149.01,908.68,67.42,0.172,1,142.91,3,0.498,0,1,0
29142.81,5,451.52,218.54,25.48,0.177,4,239.42,2,0.248,0,1,1
640.35,1,353.53,127.84,125.07,0.265,2,107.08,17,0.365,0,0,0
466.96,2,210.5,359.87,18.56,0.11,0,135.36,6,0.265,0,0,0
3768.67,6,524.43,407.54,80.05,0.262,1,270.43,8,0.195,0,1,1
226.53,10,206.09,1390.52,34.18,0.419,0,81.05,17,0.568,0,1,0
1428.99,5,83.65,458.27,94.41,0.518,2,180.9,19,0.18,0,0,1
15457.12,6,369.42,1067.25,41.19,0.296,2,219.78,6,0.166,0,1,1
385.7,3,146.91,496.96,10.68,0.496,0,307.19,21,0.306,0,0,0
249.15,3,399.91,55.59,80.75,0.035,0,149.91,21,0.289,0,0,0
403.76,2,83.7,846.15,0.28,0.086,0,41.53,2,0.234,0,0,0
4439.78,2,148.17,1805.98,35.09,0.043,0,169.64,4,0.37,0,0,1
5567.92,3,185.56,584.38,10.9,0.739,1,189.25,10,0.574,0,0,1
1082.91,8,318.54,968.68,20.63,0.203,0,197.97,2,0.174,0,1,0
3580.34,9,192.13,1207.09,26.31,0.152,2,172.08,9,0.471,0,1,0
7260.87,3,184.95,503.96,41.04,0.491,3,94.37,4,0.241,0,1,1
10800.49,4,329.35,229.93,21.89,0.482,0,20.0,12,0.585,0,0,1
1413.27,8,390.95,1573.3,51.75,0.138,1,20.0,8,0.407,0,0,0
181.01,6,214.62,1411.42,10.38,0.386,0,77.14,20,0.488,0,0,0
795.62,7,130.46,1569.98,78.01,0.275,2,153.66,18,0.43,0,0,0
1179.91,6,424.37,1397.96,46.05,0.196,1,117.02,5,0.562,0,0,1
1395.57,4,232.37,114.28,21.68,0.548,0,300.58,19,0.081,0,0,0
1498.38,3,300.22,428.52,37.95,0.518,1,279.48,22,0.325,0,1,1
5535.26,6,193.37,170.1,25.87,0.333,1,91.36,9,0.519,0,0,1
6466.75,6,203.85,134.92,103.94,0.267,1,104.14,11,0.429,0,1,1
1522.83,6,193.34,1216.77,39.52,0.207,0,144.98,23,0.064,0,0,0
5423.44,5,350.09,525.21,77.7,0.161,1,32.3,2,0.316,0,0,1
2585.47,7,392.72,76.07,79.22,0.067,1,281.46,4,0.434,0,1,1
1928.52,4,188.44,416.82,66.2,0.489,3,184.69,6,0.426,0,0,0
4476.26,8,203.03,4004.5,69.48,0.251,0,152.21,21,0.095,0,0,1
1943.51,1,397.58,191.0,12.71,0.251,1,187.12,1,0.404,0,0,0
14154.83,8,477.88,404.89,102.41,0.234,1,284.93,7,0.096,0,1,1
429.06,8,318.44,722.13,61.52,0.37,0,71.06,17,0.496,1,1,0
1080.12,8,291.76,178.1,2.77,0.157,0,154.27,10,0.303,0,0,0
1593.17,3,481.28,2747.64,52.16,0.391,0,230.84,20,0.382,0,0,0
2805.82,5,279.74,806.07,32.89,0.248,1,174.35,12,0.42,0,0,1
6425.06,3,279.98,208.48,7.68,0.413,1,113.75,18,0.318,0,0,1
1764.46,3,194.08,473.34,32.04,0.45,0,73.76,18,0.479,0,0,0
436.06,11,334.15,358.15,127.77,0.183,0,166.72,11,0.127,0,1,0
4198.63,4,175.48,104.37,104.38,0.38,1,256.85,18,0.26,0,0,1
3846.65,5,199.7,267.93,4.52,0.521,1,210.71,9,0.156,0,0,1
259.34,4,217.56,645.44,29.04,0.389,1,247.14,6,0.391,0,0,0
1801.18,5,319.89,73.79,35.62,0.355,0,302.82,16,0.614,0,0,0
368.65,8,215.48,39.6,58.73,0.455,0,103.28,3,0.102,1,0,0
930.15,3,357.61,623.54,72.75,0.167,0,193.69,15,0.321,0,0,0
733.03,7,134.68,455.43,88.16,0.458,0,117.02,23,0.219,0,0,0
4061.33,3,210.06,166.86,45.36,0.504,2,175.35,23,0.59,0,1,1
2032.11,2,264.34,997.92,106.95,0.075,0,248.1,10,0.45,0,1,0
499.9,5,272.94,73.58,40.65,0.384,0,123.23,1,0.277,0,0,0
4359.3,3,339.13,252.2,1.17,0.11,0,193.02,13,0.394,0,0,1
431.04,8,142.65,85.44,30.68,0.234,1,62.23,23,0.396,0,1,0
2515.22,4,256.91,1040.41,8.79,0.188,1,111.45,15,0.031,0,0,1
801.1,4,134.95,801.31,42.68,0.552,0,255.01,17,0.138,0,0,1
1254.29,8,327.42,167.05,57.09,0.168,2,203.51,4,0.379,0,1,0
2993.72,2,195.73,652.01,57.13,0.135,1,49.16,13,0.095,0,0,1
3045.59,8,349.25,953.83,33.71,0.164,0,201.31,2,0.407,0,0,1
6884.1,9,252.62,27.81,63.1,0.347,1,132.6,17,0.288,0,1,1
1665.28,3,264.89,870.66,6.07,0.355,2,47.4,9,0.316,0,0,1
2456.4,6,568.86,298.62,147.59,0.303,3,100.88,12,0.238,0,0,1
1167.08,5,371.26,116.25,92.64,0.306,1,127.97,12,0.426,0,0,0
2168.93,7,332.81,1376.99,96.56,0.137,0,247.77,1,0.372,0,1,0
2805.92,4,251.91,745.39,1.68,0.294,1,181.69,0,0.124,0,0,1
1638.75,3,208.52,632.67,13.03,0.446,1,113.28,1,0.15,0,0,0
297.75,5,193.8,1448.57,5.23,0.046,0,45.73,18,0.212,0,0,0
2518.63,6,417.5,246.43,100.27,0.388,1,358.58,3,0.519,0,1,1
2603.37,5,178.83,11.38,69.3,0.098,0,144.45,20,0.239,0,0,0
915.83,4,319.27,2376.48,5.06,0.142,2,220.41,15,0.198,0,0,1
500.5,4,184.07,243.88,25.72,0.55,1,38.86,3,0.24,0,0,0
7909.97,6,148.16,802.67,35.86,0.695,2,87.68,16,0.772,1,1,1
2955.57,1,203.49,3018.93,62.79,0.174,0,120.03,4,0.26,0,0,1
1437.87,3,337.78,212.86,17.37,0.128,1,177.53,4,0.362,0,0,1
579.96,8,379.97,3938.43,17.16,0.224,0,122.75,15,0.511,0,0,0
794.88,3,279.93,618.89,37.93,0.116,2,294.49,3,0.195,0,0,1
6651.45,4,237.89,2554.74,37.28,0.086,1,269.89,2,0.211,0,0,1
2074.89,4,321.29,71.97,5.95,0.327,1,208.76,7,0.442,0,0,0
1042.54,7,232.96,605.76,62.36,0.041,0,146.76,11,0.538,0,1,0
3009.98,12,208.3,2311.16,9.83,0.325,1,122.29,8,0.263,0,1,0
800.79,2,146.49,135.24,94.81,0.441,0,304.07,0,0.173,0,0,0
8109.92,6,384.62,257.5,74.18,0.351,2,94.87,11,0.477,0,1,1
6993.95,8,190.79,191.09,197.92,0.312,2,156.38,5,0.479,0,0,1
1133.91,2,139.18,2692.18,9.38,0.459,0,37.93,0,0.523,1,0,0
964.23,2,228.45,244.71,144.57,0.069,1,158.44,1,0.448,0,0,0
131.88,6,359.82,103.14,65.96,0.209,1,282.48,4,0.217,0,0,0
410.93,1,341.17,1274.88,106.53,0.392,0,115.45,14,0.01,0,0,0
473.68,5,231.68,576.42,1.74,0.409,0,373.67,7,0.151,0,0,0
2069.76,5,200.37,713.08,19.35,0.366,0,296.43,10,0.398,0,1,0
1304.75,4,520.15,746.78,1.5,0.305,2,106.55,4,0.057,0,0,0
470.91,3,162.72,759.48,10.04,0.307,0,77.47,15,0.342,0,0,0
1364.9,4,256.13,484.5,107.82,0.339,0,116.24,21,0.668,0,0,0
2996.91,6,176.69,2969.37,26.45,0.154,2,149.05,17,0.236,0,0,0
3065.11,7,358.65,153.03,55.66,0.079,2,86.71,22,0.464,0,1,1
270.52,3,361.56,2533.41,33.07,0.405,0,330.58,6,0.276,0,0,0
1590.39,6,130.96,276.71,32.09,0.541,0,210.58,9,0.098,0,0,0
453.35,4,280.36,168.5,52.46,0.434,1,191.15,6,0.693,0,0,0
4454.76,5,20.0,786.23,28.53,0.25,1,219.19,5,0.126,0,0,0
3960.58,8,269.26,1779.39,1.05,0.17,3,79.24,18,0.066,0,1,1
736.55,8,20.0,360.69,80.6,0.155,0,145.45,15,0.584,0,0,0
840.46,10,294.32,62.74,15.97,0.19,0,233.56,0,0.37,0,0,0
1139.94,8,218.01,615.22,55.65,0.357,1,109.96,10,0.414,0,0,0
190.03,7,85.38,3368.71,53.67,0.214,0,232.97,3,0.658,0,1,0
2529.98,4,318.11,394.86,7.81,0.245,1,227.45,13,0.397,0,1,0
1376.3,2,259.25,16.12,8.99,0.366,0,232.88,4,0.478,0,1,0
4770.35,5,143.48,555.92,29.69,0.102,1,213.43,3,0.171,0,0,1
602.8,10,340.3,387.27,20.91,0.186,2,185.19,17,0.442,0,1,0
973.48,6,243.34,55.21,15.97,0.372,1,179.57,11,0.171,0,0,0
400.8,7,301.19,1662.45,18.5,0.292,2,222.83,19,0.379,0,1,0
662.29,3,213.87,771.47,14.68,0.105,0,263.87,3,0.443,0,1,0
554.47,10,233.33,133.99,5.87,0.405,0,59.94,12,0.234,0,0,0
4895.02,6,439.06,2082.43,4.6,0.425,3,262.43,23,0.336,0,1,1
899.41,3,183.21,686.88,106.03,0.058,0,72.69,17,0.099,0,0,0
2047.09,7,285.94,934.87,84.34,0.28,1,228.08,20,0.225,0,1,0
1235.51,3,287.02,700.53,34.09,0.334,0,211.25,11,0.417,0,0,0
508.03,7,112.68,3066.31,19.27,0.523,2,191.6,5,0.121,0,0,0
1527.98,6,288.28,1770.46,58.03,0.171,0,94.91,21,0.209,0,0,0
3291.52,2,59.54,13.33,5.78,0.071,2,158.07,11,0.447,0,0,1
540.36,7,494.96,11.76,5.36,0.27,0,259.24,2,0.583,0,1,0
4060.71,4,420.96,535.83,7.61,0.218,1,190.89,20,0.24,0,1,1
773.0,0,20.0,301.57,58.9,0.143,1,161.77,3,0.44,0,0,0
1115.45,4,385.78,619.27,86.17,0.569,2,248.82,1,0.29,0,1,1
3073.84,6,261.3,330.42,38.42,0.442,2,197.19,0,0.297,0,0,0
931.28,9,73.42,1684.33,9.24,0.558,0,174.17,14,0.339,0,0,0
1877.27,2,35.5,148.87,20.53,0.169,1,163.71,2,0.087,0,0,0
1319.9,8,245.39,47.19,86.56,0.073,2,115.54,13,0.435,0,0,0
2057.75,2,449.1,335.96,35.93,0.586,2,145.38,13,0.866,0,1,1
167.21,8,533.85,119.86,29.99,0.31,2,174.6,20,0.173,1,0,0
290.13,6,284.72,716.25,53.81,0.091,0,251.33,12,0.098,0,0,0
3347.49,5,130.04,511.67,21.9,0.147,1,262.65,2,0.192,0,0,1
5100.95,5,471.43,984.7,0.22,0.146,0,93.54,4,0.2,0,0,1
727.43,2,138.54,60.46,141.31,0.487,1,207.14,4,0.294,0,0,0
1416.54,7,209.61,1123.2,61.99,0.639,0,204.79,14,0.029,0,0,0
2427.75,3,331.85,259.0,158.54,0.639,2,78.88,5,0.173,0,0,0
3616.34,6,408.45,890.41,94.87,0.465,1,154.29,0,0.336,0,0,0
238.01,4,113.17,275.12,23.42,0.506,0,322.35,19,0.146,0,0,0
745.43,2,247.58,1435.61,23.79,0.267,3,156.81,15,0.533,0,0,0
1296.5,3,328.38,1437.05,7.79,0.124,1,122.14,18,0.652,0,1,0
3652.4,5,20.0,292.58,82.33,0.405,0,136.6,4,0.212,0,0,1
21991.92,9,27.58,1922.41,48.34,0.205,0,155.39,10,0.309,1,0,1
1439.42,5,53.11,309.75,14.77,0.096,2,148.83,13,0.431,0,0,0
442.76,6,281.67,1808.34,160.99,0.173,2,273.24,12,0.051,0,1,0
2703.41,7,321.74,171.68,73.01,0.36,1,48.2,12,0.303,0,0,1
6775.01,4,394.81,271.65,107.1,0.036,3,161.64,6,0.322,0,1,1
2014.27,10,289.61,1724.63,9.56,0.141,2,327.4,17,0.786,0,1,1
730.22,5,533.71,67.42,44.9,0.476,3,181.28,7,0.233,0,1,1
4712.59,10,325.98,967.95,234.77,0.039,1,300.83,17,0.45,0,1,1
3510.61,7,411.02,916.54,21.5,0.217,2,95.38,8,0.126,0,0,1
648.02,2,364.75,2865.02,25.82,0.296,2,54.9,20,0.223,0,1,0
2647.64,3,282.88,2868.39,38.51,0.107,1,331.08,13,0.247,0,0,0
4901.35,5,443.18,523.9,2.28,0.049,2,221.82,11,0.398,0,1,1
5895.18,2,330.34,859.3,12.8,0.556,0,265.2,7,0.21,0,0,1
1691.8,1,179.77,135.48,19.5,0.253,4,128.35,2,0.619,0,0,1
1263.85,3,273.77,205.03,0.47,0.475,3,173.02,15,0.444,0,1,0
6168.89,7,211.29,653.95,18.97,0.076,2,279.91,5,0.474,0,1,1
539.07,8,157.2,217.02,39.41,0.07,1,77.92,3,0.151,0,1,0
2803.37,9,167.95,195.57,0.97,0.172,1,207.29,2,0.422,0,0,1
459.42,4,325.31,18.48,37.95,0.465,3,287.43,17,0.537,0,1,0
5246.81,0,84.36,60.94,80.41,0.246,1,151.5,11,0.273,0,0,1
1396.82,5,282.99,994.25,7.89,0.168,1,270.38,1,0.015,0,0,0
6429.06,2,188.4,11.55,162.73,0.4,1,126.86,12,0.434,0,0,1
2955.47,7,129.62,1809.01,26.81,0.506,0,235.61,9,0.343,0,0,1
532.07,4,239.2,65.54,28.84,0.084,1,126.62,23,0.28,0,0,0
7514.79,2,267.37,136.23,36.16,0.157,3,28.92,18,0.116,0,1,1
8529.15,3,494.78,332.83,24.98,0.585,1,286.54,16,0.138,0,0,1
4368.99,5,126.51,1037.62,52.83,0.054,2,230.2,5,0.635,1,1,1
844.22,5,286.86,965.09,9.8,0.119,0,234.63,10,0.496,0,0,0
1331.4,4,305.63,226.48,126.54,0.304,0,241.93,12,0.473,0,1,0
2091.06,6,238.4,316.8,101.37,0.072,1,241.26,23,0.564,0,1,0
894.52,8,422.73,1377.33,51.75,0.063,1,195.58,5,0.02,0,0,0
9821.67,5,280.41,549.38,77.88,0.183,2,165.49,16,0.371,0,1,1
2088.76,7,355.43,490.29,61.64,0.401,1,126.56,20,0.45,0,1,0
121.1,1,174.38,802.95,32.16,0.649,0,357.56,3,0.15,0,0,0
2538.57,5,100.92,488.29,8.46,0.241,0,116.78,23,0.83,0,0,1
1276.46,2,227.28,455.33,19.59,0.323,1,97.97,13,0.115,0,0,0
1677.52,4,225.49,1281.98,107.92,0.391,0,185.59,17,0.496,0,0,1
1250.6,5,207.51,2143.85,54.81,0.12,0,188.05,11,0.185,0,0,0
4052.33,4,283.81,637.5,100.23,0.21,0,249.32,11,0.079,0,0,1
5539.66,5,194.67,273.25,105.13,0.296,0,107.27,0,0.136,0,0,1
2399.59,4,197.68,2391.89,37.46,0.461,2,270.59,21,0.133,0,0,0
1287.8,5,424.0,968.36,28.68,0.358,3,111.67,7,0.61,0,0,1
1734.83,8,133.98,849.8,28.04,0.301,0,20.0,21,0.174,0,0,0
1843.83,3,410.2,746.48,29.35,0.358,1,299.79,17,0.329,0,1,1
810.43,5,352.55,1078.82,146.12,0.127,0,132.95,8,0.22,0,1,0
3225.78,9,386.84,1195.5,8.14,0.088,1,186.75,20,0.11,0,1,1
2864.19,8,386.82,1253.04,8.23,0.185,0,251.62,9,0.329,0,1,0
8437.5,8,236.41,2977.18,24.49,0.204,0,230.99,15,0.14,0,1,1
6344.54,2,168.34,423.74,80.94,0.385,0,58.71,7,0.264,0,0,0
910.8,10,212.75,222.33,95.61,0.5,1,20.0,10,0.151,0,0,0
4106.39,1,249.22,400.84,87.29,0.4,0,165.09,16,0.746,0,0,1
698.58,0,109.47,1164.68,43.62,0.31,1,362.05,19,0.627,0,0,0
3626.17,5,299.0,622.44,97.5,0.121,0,113.9,21,0.646,0,0,0
1078.56,1,200.37,1600.16,10.71,0.386,2,141.41,22,0.293,0,0,0
649.85,6,271.79,215.5,45.65,0.172,0,305.22,20,0.211,0,0,0
2392.38,6,226.94,1068.56,19.92,0.415,3,190.76,3,0.342,0,1,1
124.64,1,361.03,229.46,15.95,0.18,0,301.39,22,0.423,0,0,0
313.88,7,314.34,1284.02,5.25,0.357,2,283.35,10,0.413,0,1,0
1514.0,5,176.4,461.33,22.69,0.422,2,242.17,13,0.281,0,1,0
1963.42,5,260.32,3638.5,1.78,0.394,0,141.49,11,0.224,0,1,0
1249.73,6,20.0,883.87,21.72,0.38,0,111.59,21,0.51,0,0,0
372.62,2,196.52,1083.0,32.2,0.125,2,148.62,9,0.413,0,0,0
798.0,2,282.58,34.93,22.14,0.37,3,74.53,9,0.145,0,0,1
2673.68,4,134.78,971.4,73.75,0.147,0,126.75,12,0.255,0,0,0
3234.99,9,341.51,434.16,16.48,0.206,0,87.27,10,0.095,0,1,1
1778.95,5,94.31,312.22,3.89,0.122,2,198.77,5,0.79,0,0,0
5749.3,4,286.82,1268.56,11.1,0.373,0,202.46,19,0.367,0,0,1
2690.27,6,231.59,207.68,85.76,0.53,0,148.36,16,0.468,0,0,1
856.23,5,380.96,160.54,50.52,0.288,1,204.25,22,0.546,0,1,0
1365.8,10,183.16,351.2,43.05,0.137,0,126.08,0,0.174,0,0,0
444.58,6,228.53,794.0,38.67,0.259,1,298.87,14,0.326,0,0,0
1622.72,11,409.48,237.99,69.12,0.204,1,195.57,11,0.208,0,1,0
5497.79,7,411.12,654.24,10.93,0.444,0,125.68,11,0.258,0,0,1
3587.78,1,21.61,388.71,11.77,0.238,0,84.02,0,0.099,0,0,1
7346.72,7,72.76,404.29,6.98,0.141,1,230.52,3,0.25,0,0,1
1335.57,3,418.33,181.64,20.72,0.097,1,247.85,2,0.418,0,0,0
6947.24,3,389.88,311.01,16.0,0.61,0,224.88,23,0.22,0,1,1
1490.24,2,347.4,255.99,123.35,0.375,0,258.02,5,0.198,0,0,0
7876.08,5,237.28,223.18,0.63,0.482,1,176.74,13,0.303,0,0,1
1768.95,6,247.19,67.38,32.14,0.119,1,236.85,1,0.068,0,0,0
3667.37,3,74.06,454.02,65.59,0.48,1,181.23,0,0.239,0,1,1
7903.91,9,197.98,224.5,118.55,0.047,0,97.79,8,0.177,0,0,1
1490.06,2,357.31,2595.74,169.13,0.168,1,83.95,14,0.1,0,0,0
2249.33,3,236.33,736.45,3.59,0.212,2,86.35,4,0.251,0,0,0
6560.77,3,360.8,495.94,10.85,0.188,0,20.0,22,0.658,0,0,1
1582.87,4,376.36,329.98,346.66,0.291,0,42.52,17,0.569,0,0,0
482.56,5,365.05,494.08,18.81,0.414,0,177.89,21,0.148,0,0,0
15413.62,3,304.16,334.19,2.86,0.533,0,20.0,4,0.229,0,0,1
1130.3,5,217.66,1555.12,135.67,0.369,0,94.45,9,0.325,0,0,0
2119.12,4,278.48,236.4,25.83,0.214,2,141.87,23,0.739,0,1,1
5744.55,5,131.31,262.76,17.2,0.305,0,235.88,10,0.252,0,1,1
983.88,3,54.81,989.25,8.16,0.07,1,357.61,10,0.061,0,0,0
659.93,4,274.06,1849.52,27.69,0.188,1,165.3,21,0.126,0,1,0
2330.27,7,178.64,911.84,22.93,0.183,1,92.77,9,0.233,0,0,0
300.94,7,167.57,70.83,128.94,0.471,3,148.67,5,0.225,0,0,0
1355.73,4,230.5,1833.97,11.9,0.267,1,287.68,8,0.103,0,0,0
2310.08,4,355.44,1173.39,4.52,0.344,1,272.16,4,0.437,0,1,1
1380.29,7,390.22,219.25,16.18,0.152,0,289.18,15,0.479,0,0,0
386.27,7,138.07,51.72,39.49,0.21,0,284.76,8,0.392,0,1,0
8903.31,5,485.61,1011.2,19.86,0.112,1,95.94,22,0.088,0,1,1
2005.28,3,298.88,213.86,18.72,0.212,0,78.85,8,0.259,0,0,0
7563.97,2,316.28,593.55,25.37,0.154,1,59.67,19,0.367,0,0,1
1394.04,4,132.2,75.06,102.97,0.093,1,139.14,8,0.398,0,0,0
749.94,1,243.99,671.76,54.34,0.265,1,155.13,16,0.173,0,0,0
2366.53,6,238.1,17.37,37.45,0.232,1,232.56,11,0.341,0,1,0
1457.11,5,39.29,610.84,25.79,0.281,0,193.18,1,0.311,0,0,0
556.82,8,245.33,1435.15,3.65,0.374,2,110.08,17,0.454,0,1,0
7861.91,10,346.0,695.42,107.94,0.04,1,218.56,12,0.677,1,0,1
970.42,4,186.54,1727.82,6.87,0.144,1,129.5,5,0.435,0,0,1
287.07,5,159.63,636.82,10.32,0.203,1,298.24,2,0.067,0,0,0
6823.76,3,377.53,930.34,29.9,0.107,1,202.73,19,0.14,0,0,1
1091.93,5,273.7,364.91,7.55,0.045,0,232.19,17,0.366,0,0,0
984.54,4,242.17,281.69,51.1,0.319,1,197.14,5,0.415,0,1,0
309.39,6,270.03,327.36,34.09,0.393,1,118.11,2,0.509,0,0,0
10310.74,8,318.67,86.78,34.44,0.168,0,147.2,19,0.082,0,0,1
497.96,2,354.55,234.84,170.66,0.555,2,222.68,1,0.894,0,1,0
1916.87,5,370.18,391.56,56.01,0.019,2,196.69,14,0.091,0,0,0
4503.55,9,301.51,334.29,65.85,0.084,0,250.2,14,0.403,0,1,1
2756.5,9,405.68,547.49,47.0,0.408,0,200.98,11,0.589,0,0,0
1703.34,10,31.41,535.96,15.02,0.133,1,206.66,3,0.047,0,0,0
329.75,7,381.25,1063.63,3.25,0.36,0,249.66,7,0.339,0,0,0
804.54,3,225.62,403.0,41.16,0.289,0,39.72,15,0.124,0,0,0
2181.57,3,111.46,904.64,29.58,0.349,1,138.04,15,0.068,0,1,0
822.89,7,376.67,1770.39,6.57,0.061,2,225.76,2,0.384,0,1,0
2215.78,3,255.83,486.71,98.13,0.119,3,95.44,4,0.289,0,0,0
3575.08,10,362.58,644.92,34.33,0.36,2,186.22,16,0.22,0,1,1
4733.89,5,221.08,904.52,30.24,0.036,0,203.07,19,0.407,0,0,1
530.5,5,294.09,545.14,27.01,0.315,1,58.57,20,0.383,0,1,0
16262.97,5,231.9,142.53,66.92,0.52,0,288.75,21,0.486,0,1,1
3895.12,4,253.71,278.03,2.66,0.191,1,235.49,20,0.08,0,0,1
1804.95,4,182.41,22.87,12.12,0.284,1,209.28,15,0.196,0,0,0
5375.12,5,108.65,920.58,116.3,0.325,0,109.08,4,0.27,0,0,1
19252.72,6,127.34,262.33,2.05,0.417,0,294.33,1,0.065,0,1,1
428.92,7,278.13,1388.06,47.18,0.067,0,37.44,4,0.541,0,0,0
1443.37,3,184.73,853.49,13.81,0.413,3,188.95,0,0.408,0,0,0
167.6,5,315.86,1065.84,38.88,0.432,1,97.55,16,0.313,0,1,0
2192.18,4,234.24,1712.81,37.87,0.284,0,324.06,4,0.263,0,0,0
2605.54,6,193.54,443.68,53.39,0.269,1,140.64,10,0.503,0,1,0
1738.6,3,460.02,167.21,9.42,0.146,1,219.98,4,0.371,0,0,0
939.61,2,177.06,2193.03,51.19,0.123,3,124.89,21,0.16,0,1,0
232.87,8,271.39,4383.43,76.08,0.745,1,121.4,18,0.087,0,0,0
2626.83,3,458.85,196.69,9.66,0.36,2,265.56,2,0.141,0,1,1
7749.89,8,362.05,1080.71,77.9,0.711,2,207.34,8,0.172,0,1,1
1001.23,4,287.94,60.01,6.49,0.069,0,81.83,0,0.433,0,0,0
2807.53,3,168.09,22.28,15.24,0.199,0,319.84,15,0.122,0,0,0
376.85,3,20.0,899.46,22.46,0.426,0,260.04,23,0.618,0,0,0
2856.1,7,20.0,235.67,18.65,0.376,1,222.29,20,0.471,0,0,0
1220.01,1,203.56,1619.06,66.18,0.3,1,20.0,13,0.225,0,0,0
843.52,6,456.85,575.71,15.66,0.398,1,291.53,8,0.437,0,0,0
845.25,7,157.66,1218.77,69.46,0.228,1,208.31,12,0.279,0,0,1
1219.73,6,128.39,87.38,2.94,0.663,2,250.99,19,0.548,0,1,1
2650.31,6,221.36,1660.12,19.18,0.245,1,266.7,5,0.596,0,0,0
486.79,1,265.91,168.52,121.96,0.162,0,31.9,16,0.074,0,0,0
1215.47,5,283.53,671.88,24.35,0.449,1,95.55,16,0.533,0,0,0
1734.59,0,389.0,752.65,31.77,0.177,1,390.72,2,0.204,0,1,0
602.42,5,144.94,54.58,69.89,0.052,1,88.51,23,0.112,0,0,0
10901.6,5,402.56,3037.63,2.77,0.34,1,265.5,14,0.301,0,0,1
770.09,5,328.15,287.91,60.3,0.193,1,216.46,2,0.232,0,0,0
925.71,9,178.86,1001.73,3.33,0.343,2,177.02,8,0.499,1,0,0
679.73,8,140.08,798.97,40.21,0.15,0,114.43,3,0.214,0,0,0
10921.41,3,91.1,26.91,47.27,0.383,3,142.44,0,0.58,0,0,1
3142.91,3,389.85,1586.49,7.81,0.093,0,192.88,23,0.295,0,1,1
708.68,8,213.0,290.42,95.17,0.232,3,138.52,21,0.7,0,0,0
5465.61,8,212.61,229.14,42.07,0.244,0,200.97,5,0.292,0,0,1
2209.89,8,279.2,48.27,8.41,0.109,1,95.3,4,0.427,0,0,0
2338.47,3,116.73,230.5,98.62,0.257,1,127.13,15,0.512,0,0,0
1281.16,0,432.46,774.19,87.09,0.19,0,145.0,4,0.157,0,1,0
854.56,5,289.56,179.38,55.54,0.232,0,201.63,20,0.344,0,0,0
2534.54,5,286.17,502.64,26.0,0.213,1,205.59,11,0.193,0,0,1
1048.29,3,238.7,1286.36,34.08,0.313,1,129.12,16,0.175,0,0,1
11122.84,9,85.4,2484.21,60.77,0.401,1,278.94,6,0.318,1,1,1
508.12,11,377.16,964.49,17.86,0.144,1,170.34,13,0.373,0,1,0
8401.43,2,522.35,174.26,45.25,0.418,3,171.75,13,0.447,0,1,1
1617.57,5,148.04,386.49,48.65,0.331,0,291.0,6,0.618,1,0,0
2438.37,8,138.75,646.04,12.56,0.308,0,220.94,17,0.649,0,0,0
4159.53,4,147.78,1640.89,6.89,0.36,0,180.23,22,0.216,0,0,1
962.71,1,162.29,634.77,9.0,0.127,0,205.09,18,0.09,0,0,0
4290.89,6,425.31,540.71,1.07,0.278,1,33.52,8,0.244,0,0,1
120.6,9,128.17,240.57,69.54,0.226,0,133.32,19,0.224,0,0,0
880.08,6,532.91,553.88,82.89,0.476,0,47.73,12,0.304,0,1,0
717.62,4,474.64,307.02,80.37,0.202,1,104.29,10,0.405,0,1,0
516.2,6,346.86,664.94,132.95,0.362,2,291.76,7,0.426,0,1,0
1458.33,5,321.77,1323.19,4.43,0.212,0,124.15,20,0.708,0,0,0
2659.12,5,355.85,2330.94,133.45,0.006,0,350.16,20,0.45,0,0,0
3650.65,4,185.76,1326.89,34.84,0.046,1,94.69,13,0.28,0,0,0
2300.49,7,113.15,1409.61,24.99,0.608,2,213.78,6,0.419,0,1,1
929.18,4,265.99,354.52,7.65,0.129,0,237.37,13,0.36,0,0,0
2614.99,2,88.72,951.28,33.01,0.027,1,192.35,2,0.512,0,0,0
2047.32,4,162.33,392.94,57.24,0.412,0,160.46,21,0.099,0,0,0
4610.34,5,344.47,19.62,4.66,0.225,1,85.53,22,0.208,0,1,0
3932.13,2,300.73,1727.09,190.38,0.054,0,287.15,20,0.059,0,0,1
1863.99,1,420.04,42.97,124.31,0.174,0,344.47,6,0.674,0,0,0
737.12,6,216.36,98.21,109.13,0.362,0,54.5,10,0.033,0,1,0
941.1,9,463.54,14.85,26.34,0.483,2,116.08,0,0.1,0,1,0
1043.37,7,171.95,55.7,96.89,0.22,1,197.41,15,0.373,0,1,0
1319.14,6,360.46,48.66,6.7,0.193,1,67.67,10,0.201,0,1,0
2363.86,6,270.95,904.84,120.82,0.171,1,180.97,1,0.219,0,0,0
3696.62,5,383.64,1536.58,96.44,0.332,2,159.55,19,0.211,0,0,1
1717.94,5,163.54,1274.41,44.24,0.161,0,60.0,17,0.028,0,0,0
1837.43,5,357.55,787.41,54.29,0.037,0,94.22,9,0.605,0,1,0
2086.63,3,308.38,1233.41,21.59,0.357,0,203.92,1,0.026,0,0,0
1079.33,3,148.78,487.88,148.64,0.33,0,259.48,1,0.338,1,0,1
716.66,8,523.06,1895.03,3.45,0.217,2,168.48,8,0.375,0,0,0
312.49,5,237.21,492.81,110.82,0.181,3,294.47,18,0.17,0,0,0
902.21,4,354.14,22.89,15.15,0.052,1,183.32,6,0.246,0,1,0
2901.97,2,326.56,969.81,81.76,0.323,0,143.57,20,0.474,0,0,1
895.24,4,105.51,1421.03,2.53,0.113,0,167.73,17,0.075,0,0,0
1425.38,10,370.24,203.48,14.0,0.242,1,247.04,20,0.223,0,0,0
2882.55,1,109.73,306.0,11.02,0.345,3,230.16,12,0.118,0,0,0
3043.27,5,202.5,949.86,191.44,0.161,1,212.47,15,0.398,0,1,0
614.29,2,293.49,682.31,11.77,0.261,1,240.78,0,0.371,0,0,0
4900.34,3,259.11,1765.6,23.19,0.172,2,253.56,2,0.229,0,0,1
5582.27,4,328.05,519.57,17.69,0.037,1,153.98,14,0.79,0,1,1
584.15,4,20.0,892.9,213.14,0.188,0,118.9,20,0.206,0,0,0
793.27,8,81.89,253.56,47.84,0.04,0,254.66,2,0.239,0,0,0
5949.67,3,334.25,2120.96,22.29,0.18,1,106.4,19,0.664,0,0,1
1561.1,2,232.73,369.37,119.24,0.526,1,269.92,15,0.432,0,1,0
196.41,5,296.46,620.41,61.42,0.178,2,197.56,23,0.151,0,0,0
446.0,4,305.17,766.7,60.78,0.026,3,269.45,23,0.451,0,1,0
1408.99,5,135.92,234.72,33.31,0.218,1,91.35,22,0.206,0,1,0
565.07,6,98.42,304.71,34.44,0.113,0,148.77,9,0.625,0,1,0
1195.81,4,347.42,558.41,65.6,0.674,0,134.14,0,0.158,0,0,0
1867.58,6,170.1,252.72,0.51,0.166,1,70.77,9,0.15,0,0,0
7802.93,6,282.37,111.55,28.75,0.213,1,164.26,18,0.357,0,1,1
1352.28,1,242.75,1449.19,198.8,0.35,0,130.38,11,0.403,0,1,0
5284.54,2,121.16,314.11,53.03,0.39,0,125.54,10,0.748,0,0,1
7545.9,2,197.06,430.26,23.81,0.018,0,141.21,0,0.156,0,0,1
7587.9,3,379.44,633.78,9.32,0.63,0,284.67,16,0.626,0,1,1
2403.68,5,280.06,1478.26,22.21,0.316,0,245.73,11,0.429,0,1,1
253.84,7,218.04,120.96,32.69,0.189,1,20.0,17,0.226,0,1,0
2866.44,1,306.51,786.7,49.81,0.166,1,288.38,2,0.252,0,1,1
5158.49,3,423.94,345.95,204.12,0.178,1,98.13,3,0.154,0,0,1
1667.25,3,256.39,1629.38,34.27,0.167,1,198.79,20,0.367,0,1,0
10348.37,5,513.22,865.85,22.6,0.244,0,210.13,17,0.135,0,1,1
4271.98,7,298.29,125.5,14.64,0.208,0,392.27,15,0.409,0,1,1
3191.59,7,223.89,281.85,72.64,0.082,0,215.31,23,0.207,0,0,0
5358.19,5,303.95,29.46,31.16,0.393,1,117.76,13,0.399,0,0,1
2523.42,6,531.16,1177.7,64.57,0.164,0,208.24,16,0.411,0,1,1
149.48,6,424.37,425.9,16.68,0.639,2,318.84,5,0.54,1,1,1
1097.58,3,89.63,39.92,23.2,0.249,2,130.98,5,0.537,0,0,0
5985.94,6,79.0,10.84,155.86,0.761,1,239.53,6,0.208,0,0,1
806.26,5,225.29,2490.66,13.29,0.18,0,44.97,23,0.516,0,0,0
1445.96,5,524.07,1530.25,19.18,0.608,0,152.25,14,0.413,0,1,1
635.98,5,278.15,325.7,35.55,0.24,1,239.35,13,0.437,0,0,0
10763.57,5,172.44,581.51,37.31,0.074,1,194.96,8,0.608,0,0,1
9715.64,4,502.79,686.24,3.44,0.613,3,112.22,17,0.294,0,1,1
747.05,11,378.65,579.36,177.88,0.206,0,177.39,15,0.38,1,1,0
2094.98,4,219.73,294.54,18.02,0.108,0,238.63,11,0.458,0,1,1
915.53,8,184.82,396.19,2.76,0.42,1,235.46,4,0.486,0,0,0
3344.07,4,376.22,159.9,14.71,0.507,2,202.2,14,0.381,0,0,1
3009.96,5,140.79,27.02,25.51,0.308,1,266.54,10,0.53,0,1,0
4071.25,5,194.79,134.47,13.17,0.249,1,204.26,19,0.248,0,0,0
2519.76,6,271.53,10.52,8.42,0.453,0,220.45,13,0.517,0,1,1
34043.9,2,196.28,454.01,35.36,0.2,0,123.56,23,0.262,1,0,1
646.83,6,146.17,865.15,79.58,0.112,0,285.59,3,0.188,0,1,0
326.82,9,298.79,159.68,61.01,0.417,1,284.71,13,0.616,1,1,0
1220.37,8,273.2,610.71,27.71,0.134,2,201.23,2,0.508,0,1,0
376.91,5,282.74,314.4,6.61,0.072,1,257.52,3,0.214,0,0,0
406.48,9,20.0,102.26,154.93,0.464,1,69.4,16,0.1,0,0,0
664.27,6,387.05,109.2,20.53,0.22,1,106.51,9,0.522,0,0,0
718.96,3,24.31,770.11,5.44,0.309,2,237.85,21,0.363,0,0,1
696.02,8,289.5,100.19,20.51,0.269,1,20.0,21,0.129,0,0,0
3035.77,3,526.32,644.62,59.71,0.091,1,20.0,0,0.35,0,1,0
1089.87,3,361.45,169.19,14.45,0.493,0,79.98,10,0.165,0,0,0
1510.94,6,217.43,1608.72,10.1,0.065,0,275.85,17,0.422,0,1,0
4421.49,6,190.79,41.02,15.3,0.167,0,126.68,14,0.417,0,0,1
840.23,3,238.79,391.63,40.12,0.244,0,181.81,21,0.311,0,0,0
1387.77,3,390.77,1146.74,103.81,0.155,1,108.92,3,0.417,0,0,0
2606.49,7,325.18,1106.33,7.08,0.496,2,273.1,9,0.698,0,0,0
259.42,4,255.54,125.12,7.76,0.138,2,191.15,2,0.622,0,1,0
166.52,4,375.64,175.25,27.97,0.03,1,134.84,0,0.173,0,1,0
2555.79,7,96.11,632.3,6.7,0.428,2,256.15,9,0.141,0,0,0
2957.25,4,180.72,922.25,193.52,0.465,0,195.92,5,0.226,0,0,1
14245.84,8,191.23,1116.38,105.45,0.332,0,130.3,11,0.178,0,0,1
2117.72,4,385.48,775.22,3.35,0.123,3,207.72,20,0.358,0,0,1
4104.09,6,283.23,1222.72,118.69,0.036,1,224.96,6,0.438,0,0,1
1487.02,2,547.79,463.68,16.73,0.112,0,295.38,23,0.559,0,1,0
2433.84,6,350.45,657.89,19.5,0.368,0,281.83,23,0.219,0,0,0
9578.31,6,167.33,454.24,20.66,0.123,2,138.21,20,0.04,0,0,1
216.16,4,366.76,1144.85,3.63,0.24,1,150.55,18,0.033,0,0,0
2734.26,7,167.98,153.71,75.39,0.494,0,243.87,21,0.325,0,1,0
15299.67,2,200.64,232.72,10.08,0.495,1,222.58,18,0.088,0,0,1
2397.15,6,240.5,1450.39,11.66,0.329,1,325.36,4,0.181,0,0,1
9419.84,6,289.71,1002.51,73.18,0.075,0,191.29,7,0.178,0,1,1
963.71,8,276.6,1062.94,3.1,0.115,1,162.22,9,0.723,0,1,0
1751.02,3,276.22,83.51,20.47,0.099,2,223.53,9,0.687,0,0,1
1869.68,4,133.06,529.95,41.17,0.43,2,242.71,10,0.319,0,0,0
196.84,4,249.62,664.71,6.15,0.267,2,244.92,9,0.158,0,1,0
562.18,5,287.43,1211.01,27.7,0.46,1,328.31,18,0.11,0,0,0
603.73,2,353.7,438.87,21.83,0.281,0,324.93,21,0.337,0,1,0
4113.65,0,194.03,622.46,19.41,0.352,0,169.26,13,0.297,0,0,1
4324.94,3,20.0,217.8,15.77,0.379,0,347.0,8,0.455,0,0,1
2499.98,5,384.57,1427.62,20.71,0.309,0,42.17,1,0.19,0,0,1
4122.04,5,318.16,1961.71,24.87,0.393,1,286.18,18,0.398,0,1,1
1534.33,10,90.08,499.14,6.86,0.075,1,210.82,15,0.227,0,0,0
6014.52,7,72.85,459.94,11.65,0.302,1,178.31,8,0.187,0,0,1
1824.0,5,329.41,318.31,120.67,0.372,0,159.08,10,0.341,0,0,0
1915.75,3,213.71,248.3,144.59,0.167,2,127.89,14,0.785,0,0,0
1386.32,8,79.52,644.83,245.51,0.031,1,163.51,13,0.263,0,0,0
3584.77,1,122.29,147.88,32.57,0.244,1,112.85,19,0.439,0,0,1
1186.55,10,233.1,711.95,7.28,0.296,0,139.23,13,0.58,0,0,0
4800.29,1,159.01,659.18,57.56,0.423,0,213.71,10,0.249,0,0,0
582.8,4,190.01,947.51,138.09,0.399,0,259.9,4,0.313,0,0,1
602.5,6,259.24,204.68,1.57,0.473,1,178.68,11,0.739,1,0,0
3595.46,5,375.52,968.42,1.11,0.393,0,256.65,17,0.435,0,0,1
1654.83,7,319.14,13.65,47.41,0.531,2,107.61,12,0.173,0,0,0
1148.38,8,277.01,611.59,2.01,0.334,1,276.48,3,0.448,0,1,0
4403.07,3,419.68,1486.69,24.84,0.396,0,266.05,10,0.393,0,1,0
985.1,5,137.27,1040.99,23.69,0.411,1,229.49,23,0.476,0,0,0
1480.0,8,242.89,1522.15,5.21,0.196,0,189.64,8,0.356,0,0,0
7326.32,7,177.62,128.46,68.5,0.286,0,20.0,9,0.199,0,0,1
8426.55,9,234.09,1015.22,5.76,0.656,0,155.82,22,0.528,1,0,1
8711.49,2,244.57,506.51,16.0,0.243,2,191.21,5,0.621,0,1,1
1363.59,8,173.1,312.26,64.96,0.445,0,160.03,5,0.331,0,0,0
6190.08,3,205.11,351.75,48.14,0.325,1,104.58,19,0.437,0,0,1
699.98,4,330.63,86.02,31.99,0.322,0,106.67,5,0.475,0,1,0
730.04,2,236.88,955.09,2.51,0.374,0,145.0,14,0.414,0,0,0
172.35,7,20.0,799.51,72.0,0.239,0,126.75,20,0.217,0,0,0
9632.21,2,333.68,132.49,87.25,0.136,1,239.17,17,0.333,0,1,1
762.06,4,315.39,628.6,5.39,0.248,1,293.25,4,0.31,0,0,0
1593.15,4,96.94,111.11,214.16,0.047,0,81.13,22,0.675,0,0,0
727.54,4,432.38,300.74,21.34,0.302,1,164.21,4,0.227,0,1,0
3623.39,6,220.16,36.1,27.61,0.057,1,184.38,0,0.218,0,1,0
1241.86,8,371.42,776.33,26.76,0.149,2,199.85,2,0.035,0,1,0
490.38,1,255.06,10.01,50.11,0.139,0,131.76,18,0.681,0,0,0
2812.03,2,191.68,241.68,42.57,0.231,2,95.07,21,0.236,0,0,1
431.07,2,296.51,248.16,41.14,0.461,0,213.37,15,0.038,0,0,0
782.58,1,187.28,1103.79,76.01,0.157,0,163.56,19,0.426,0,0,0
219.89,4,231.55,479.19,131.54,0.251,1,276.57,3,0.565,0,1,0
435.3,8,61.38,681.18,86.23,0.112,2,207.79,5,0.311,0,0,1
2161.44,2,213.5,229.18,63.82,0.219,1,171.54,18,0.14,0,0,1
253.53,2,101.93,634.6,2.59,0.297,1,20.0,5,0.072,0,0,0
411.11,5,249.24,129.27,14.28,0.008,1,94.66,2,0.048,0,0,0
1803.76,3,310.36,3899.72,5.54,0.238,0,166.54,15,0.208,0,0,0
1049.84,4,256.37,582.15,96.46,0.118,2,176.51,0,0.091,0,0,0
13253.76,6,361.37,1692.09,52.79,0.525,3,365.23,5,0.199,0,1,1
11315.14,7,487.36,89.36,1.71,0.323,3,184.67,8,0.11,0,1,1
759.06,7,236.73,714.1,64.23,0.403,1,203.88,8,0.062,0,0,0
3156.24,2,259.15,889.48,20.55,0.257,1,174.17,9,0.591,0,0,0
3824.88,7,171.36,1244.54,39.2,0.147,1,184.32,17,0.586,0,0,0
994.78,2,23.06,532.3,43.35,0.464,0,107.55,13,0.241,0,0,0
405.23,3,266.24,29.4,8.86,0.448,3,151.35,5,0.126,0,0,0
1785.94,4,331.87,242.17,25.44,0.28,2,21.31,5,0.136,0,0,0
1521.05,1,252.11,263.48,27.8,0.383,0,128.37,13,0.135,0,0,0
1169.39,3,151.79,306.69,47.71,0.142,3,170.9,22,0.161,0,0,0
2813.87,9,133.83,77.39,110.2,0.31,1,332.24,14,0.64,0,0,0
853.44,0,98.31,1.0,47.76,0.066,0,205.37,23,0.399,0,0,0
571.35,2,237.15,586.66,57.55,0.194,0,204.34,19,0.036,0,0,0
2016.43,6,129.78,1067.82,54.62,0.36,0,107.03,3,0.208,0,0,0
2659.7,3,388.94,209.2,4.41,0.268,1,152.76,16,0.244,0,0,0
557.44,5,340.73,946.83,17.82,0.303,1,227.05,6,0.492,0,1,0
4573.76,6,375.79,1050.8,25.69,0.203,0,107.28,9,0.451,0,0,0
307.82,2,403.12,423.79,29.39,0.373,1,167.41,12,0.733,0,0,0
1014.23,6,204.59,595.63,92.26,0.133,0,299.35,2,0.419,0,0,0
1396.87,7,350.03,301.5,37.27,0.148,0,160.28,0,0.31,0,1,0
956.97,8,219.11,376.29,84.51,0.267,1,218.84,7,0.112,0,1,0
1027.56,5,220.55,711.53,118.5,0.276,2,60.18,3,0.323,0,0,0
11743.73,5,225.79,359.43,59.53,0.284,0,153.01,16,0.523,0,0,1
772.1,8,151.44,556.26,6.01,0.304,0,116.42,17,0.095,0,0,0
20769.1,8,233.22,1089.33,11.22,0.326,0,253.87,7,0.126,0,1,1
2799.31,8,234.99,2672.9,88.04,0.426,0,242.07,17,0.259,0,0,1
1982.38,5,330.53,1773.55,41.48,0.143,1,220.2,22,0.205,0,1,0
2910.97,5,223.58,1967.38,36.27,0.093,0,208.42,20,0.24,0,0,0
22695.63,5,184.9,1937.25,173.41,0.272,0,289.57,17,0.314,1,0,1
669.42,5,332.85,221.16,22.94,0.309,0,20.0,18,0.164,0,0,0
589.68,5,141.48,2341.12,2.09,0.298,2,353.09,18,0.544,0,0,0
849.91,7,234.08,201.2,14.73,0.563,0,150.03,18,0.676,0,0,0
1867.1,6,329.28,1597.35,16.76,0.255,5,424.6,14,0.559,0,1,0
321.9,2,348.97,696.07,35.92,0.289,0,148.21,2,0.424,0,0,0
1848.89,2,407.89,1459.56,0.36,0.066,1,241.06,0,0.084,0,0,1
9833.47,2,297.99,3224.01,222.24,0.126,0,291.78,4,0.188,0,0,1
2103.6,4,263.81,1668.06,3.2,0.341,1,182.79,22,0.403,0,0,0
1349.26,4,441.02,1356.45,13.21,0.27,0,45.52,23,0.288,0,0,0
974.42,5,150.2,185.05,55.81,0.148,1,132.4,20,0.04,0,1,0
4440.45,11,344.2,1572.36,189.87,0.112,0,169.95,15,0.178,0,0,1
791.69,5,265.43,144.98,35.86,0.253,0,62.38,12,0.293,0,0,0
11457.46,6,20.0,575.13,20.91,0.308,0,127.64,23,0.114,0,0,1
12498.45,3,441.76,558.28,8.87,0.283,2,138.13,11,0.099,0,0,1
2337.3,4,152.91,585.08,116.83,0.487,0,106.49,11,0.507,0,0,0
1787.34,7,591.85,1027.41,2.57,0.159,0,238.45,13,0.32,0,1,0
5067.79,7,268.43,403.39,3.63,0.242,2,201.53,17,0.465,0,0,1
5403.48,4,135.57,487.99,3.3,0.314,0,196.12,0,0.454,0,0,0
807.55,6,346.23,860.75,31.41,0.201,0,224.36,19,0.408,0,0,0
1067.9,5,203.59,917.49,133.82,0.552,0,243.94,14,0.266,0,1,0
481.86,4,257.82,460.34,40.57,0.396,2,172.05,20,0.546,0,0,0
2721.84,1,316.74,42.84,21.9,0.386,1,69.61,19,0.335,0,0,1
3521.45,6,262.91,239.9,13.63,0.133,1,123.15,11,0.55,0,0,1
468.75,4,251.62,2306.14,36.13,0.485,1,91.36,2,0.494,0,0,0
1146.88,4,190.13,2098.34,29.13,0.087,1,136.36,10,0.65,0,0,0
470.01,6,20.0,839.05,4.91,0.488,0,144.85,23,0.184,0,0,0
735.98,3,296.5,163.89,0.32,0.18,0,254.83,7,0.278,0,1,0
3136.98,2,317.92,80.48,45.2,0.347,0,226.69,19,0.131,0,0,0
868.28,4,496.8,2389.04,97.73,0.081,0,228.5,5,0.5,0,0,0
1338.32,8,350.06,1651.91,46.93,0.036,2,20.0,3,0.792,0,1,0
355.2,7,127.74,405.9,19.75,0.242,0,175.51,21,0.346,0,0,0
2179.8,7,20.0,794.54,8.32,0.323,1,74.59,20,0.321,0,0,0
1729.74,3,20.0,1964.14,67.17,0.139,2,237.98,16,0.131,0,0,0
872.22,0,255.81,118.94,60.56,0.242,2,215.49,9,0.262,0,0,0
1496.65,5,324.95,809.06,93.84,0.09,1,20.0,18,0.321,0,0,0
2165.26,6,301.29,2015.45,203.34,0.139,1,223.27,7,0.251,0,1,1
800.42,5,289.74,1448.87,5.95,0.182,3,151.17,8,0.511,0,0,0
413.12,7,416.43,270.76,15.37,0.236,2,321.52,5,0.475,0,1,1
10999.16,6,296.92,2430.03,21.06,0.155,1,75.03,10,0.104,0,0,1
959.8,6,137.39,181.68,38.58,0.256,0,242.72,12,0.205,0,1,0
1641.29,9,182.57,187.13,2.73,0.396,1,254.88,14,0.129,0,0,0
4968.33,7,305.27,81.28,16.13,0.474,0,62.94,0,0.365,0,0,1
61639.32,7,275.36,100.56,79.03,0.417,1,332.24,17,0.318,1,1,1
520.88,2,245.09,1147.22,2.48,0.061,1,45.59,5,0.25,0,0,0
2835.09,6,194.12,258.22,85.15,0.38,3,112.6,16,0.277,0,1,0
891.09,7,141.98,1626.84,10.21,0.315,0,225.8,23,0.329,0,1,0
1054.91,4,452.11,1559.32,18.2,0.12,1,163.17,20,0.09,0,0,0
879.88,10,139.39,99.07,63.31,0.296,2,211.86,5,0.569,0,1,0
586.6,7,179.69,608.03,72.32,0.506,1,161.43,16,0.289,0,1,0
1734.91,4,256.49,1076.0,11.84,0.301,1,100.02,3,0.273,0,0,0
413.85,9,294.14,918.18,25.99,0.224,1,268.33,5,0.48,0,1,0
4660.17,9,278.93,87.56,13.85,0.118,1,72.79,12,0.32,0,0,1
1910.28,3,57.8,310.58,36.0,0.016,0,229.22,13,0.398,0,0,0
2758.48,4,295.16,757.35,52.84,0.255,1,220.77,14,0.72,0,0,0
1134.35,7,384.69,702.3,15.74,0.21,1,171.14,3,0.645,0,1,0
1252.37,5,282.95,1345.72,31.01,0.257,1,35.47,18,0.132,0,0,1
2410.44,7,498.51,46.17,38.37,0.137,0,124.02,20,0.286,0,0,0
564.51,7,421.46,523.69,27.15,0.235,0,200.83,19,0.229,0,0,0
1263.97,2,210.6,1512.11,36.07,0.628,0,310.44,10,0.511,0,1,0
765.39,3,187.81,4048.52,7.77,0.371,1,311.75,0,0.552,0,0,0
742.06,2,129.18,110.03,2.07,0.346,0,281.42,16,0.322,0,0,0
219.24,4,256.41,830.56,3.26,0.146,1,181.73,11,0.424,0,1,0
6900.34,1,292.77,1.07,180.27,0.176,0,247.47,16,0.235,0,0,1
910.02,3,392.88,344.05,3.84,0.867,1,226.2,17,0.45,0,0,0
5787.04,4,249.39,470.67,24.39,0.084,2,172.29,11,0.109,0,0,1
5264.77,3,159.62,339.55,78.42,0.154,0,272.27,9,0.159,0,0,1
499.7,8,386.14,783.62,95.06,0.369,2,163.38,13,0.498,0,1,0
608.86,2,111.05,12.4,15.63,0.216,2,116.09,12,0.143,0,0,0
23400.27,6,305.63,1911.01,51.08,0.306,0,178.21,21,0.159,0,0,1
10414.2,7,277.1,306.8,64.36,0.328,0,139.36,8,0.321,0,1,1
1751.94,5,264.92,130.36,123.79,0.316,0,109.85,19,0.345,0,0,0
2338.75,3,218.38,454.19,109.97,0.093,0,142.0,12,0.251,0,0,0
962.13,9,395.89,577.21,28.56,0.043,1,35.22,12,0.398,0,1,0
2785.97,8,292.31,42.74,38.97,0.385,0,200.23,10,0.163,0,1,0
882.55,6,303.34,1283.88,80.7,0.583,1,246.61,15,0.457,0,1,0
236.9,3,335.12,1069.83,45.66,0.301,3,202.06,9,0.285,0,1,0
482.24,0,82.72,573.62,22.01,0.256,0,248.59,15,0.203,0,0,0
1846.58,10,125.13,164.6,150.17,0.291,0,117.51,8,0.694,0,1,0
583.43,4,158.46,2089.26,304.38,0.23,1,52.33,5,0.59,0,0,0
1690.4,2,260.25,1264.58,135.18,0.701,0,70.15,21,0.376,0,0,0
617.29,4,150.65,212.96,21.21,0.339,1,154.83,16,0.463,0,0,0
826.87,8,156.91,1065.4,13.88,0.268,1,200.28,6,0.685,0,0,1
4243.59,1,225.69,85.5,33.97,0.391,2,173.43,21,0.266,0,0,1
2315.73,3,367.72,100.85,76.81,0.202,1,196.04,12,0.252,0,0,1
1790.65,5,365.24,470.44,15.74,0.157,2,189.83,18,0.179,0,1,1
4354.5,3,327.69,967.79,26.09,0.099,1,165.0,10,0.135,0,0,1
2923.71,3,320.71,1994.01,8.21,0.15,0,116.07,4,0.054,0,0,0
7681.45,4,250.49,2832.05,60.47,0.43,1,80.27,12,0.162,0,1,1
1141.55,2,283.51,941.89,66.86,0.338,2,84.72,21,0.478,0,0,0
1176.58,3,253.58,1223.03,34.22,0.022,2,304.27,2,0.098,0,1,0
492.2,7,265.49,571.41,66.85,0.622,0,287.03,6,0.493,0,0,0
1177.35,5,279.6,46.03,51.7,0.157,0,189.39,23,0.434,0,0,0
4744.64,5,215.52,107.09,132.56,0.422,0,312.26,3,0.441,0,0,1
6634.16,5,20.0,2826.45,44.16,0.457,1,189.14,3,0.039,0,0,1
4723.5,8,336.61,399.38,22.07,0.096,0,347.29,6,0.799,0,0,1
300.61,8,263.68,1182.27,65.4,0.381,1,237.3,7,0.14,0,1,0
5340.88,4,58.97,199.25,2.92,0.284,2,239.26,5,0.497,0,1,1
287.57,11,337.5,608.99,32.34,0.347,1,311.49,1,0.055,0,1,0
4438.7,3,294.5,132.55,169.0,0.559,0,238.62,23,0.383,0,0,1
1251.65,7,68.53,1323.25,61.07,0.491,1,249.19,1,0.478,0,1,0
3650.19,7,461.31,147.2,329.1,0.605,2,212.11,22,0.261,0,0,1
477.02,5,243.63,979.17,24.95,0.362,1,260.46,6,0.461,0,0,0
5832.31,3,526.76,130.87,24.95,0.186,0,222.67,17,0.379,0,1,1
417.81,9,388.68,1365.92,3.07,0.803,1,252.71,17,0.199,0,1,0
926.62,6,443.42,559.2,22.37,0.31,1,153.1,1,0.086,0,0,0
666.41,5,256.5,425.4,7.61,0.067,0,42.84,5,0.303,0,0,0
312.85,5,275.45,328.52,25.17,0.455,2,190.88,21,0.588,0,1,0
1987.29,8,329.58,931.1,0.09,0.246,1,122.55,16,0.095,0,0,0
11004.83,3,288.74,73.74,28.83,0.107,0,220.93,4,0.562,0,1,1
26027.4,6,331.35,1551.45,139.97,0.223,1,143.85,0,0.085,0,0,1
1992.52,5,241.51,1145.85,71.85,0.201,0,81.68,9,0.481,0,0,1
5523.03,5,44.11,373.38,13.8,0.238,0,108.72,18,0.458,0,1,0
2280.37,6,197.64,3040.18,15.74,0.362,1,158.65,20,0.257,0,0,0
2977.63,7,305.72,1427.33,18.5,0.108,1,265.61,4,0.154,0,0,1
1284.15,5,296.0,252.67,4.86,0.312,1,243.97,8,0.5,0,1,0
2197.5,4,490.04,1749.53,241.09,0.126,4,193.2,4,0.814,0,1,1
3094.8,4,207.97,83.37,55.11,0.234,0,23.69,22,0.131,0,0,1
1013.88,5,297.62,935.84,67.06,0.223,1,270.96,7,0.518,0,1,0
1673.22,0,334.08,112.65,59.33,0.493,0,252.68,16,0.185,0,0,0
1705.43,7,308.29,2981.25,31.28,0.181,2,187.21,14,0.12,0,0,0
4131.53,5,155.54,40.78,84.73,0.071,0,196.85,13,0.098,0,0,0
622.64,3,303.12,211.97,13.57,0.385,3,238.75,20,0.154,0,0,0
1717.21,0,132.16,604.24,24.56,0.18,1,339.14,5,0.401,0,0,0
12234.38,12,197.84,701.58,19.72,0.072,1,242.23,2,0.117,0,0,1
5791.0,6,230.42,575.45,152.48,0.127,0,77.35,5,0.214,0,0,1
6968.67,1,228.71,1077.96,1.99,0.157,1,258.34,7,0.593,0,0,1
1852.76,5,65.85,1.24,3.92,0.505,1,302.55,13,0.181,0,1,0
2492.39,3,245.52,663.75,156.31,0.614,0,193.3,11,0.498,1,0,0
4925.77,4,265.8,763.52,58.18,0.47,1,295.71,21,0.607,1,1,1
8606.35,5,278.02,187.64,50.52,0.14,2,147.41,2,0.06,0,0,1
256.83,4,219.56,861.02,85.54,0.488,1,233.11,20,0.126,0,0,0
485.2,4,486.99,849.01,124.36,0.185,0,281.23,10,0.452,0,0,0
6697.2,7,272.03,604.28,113.24,0.55,1,185.7,2,0.433,0,0,1
1370.75,6,198.72,240.12,110.28,0.371,1,46.79,3,0.54,0,0,0
923.6,7,287.71,431.06,91.24,0.102,0,189.44,8,0.362,0,0,0
515.86,5,173.67,254.45,6.41,0.105,0,92.52,1,0.556,0,1,0
1037.93,4,365.72,1174.78,50.44,0.043,1,240.94,1,0.482,0,1,0
444.8,5,311.47,771.13,33.77,0.273,2,213.43,16,0.18,0,1,0
14633.87,3,443.91,131.16,75.83,0.19,2,253.91,9,0.403,0,0,1
1767.93,7,369.86,670.74,155.22,0.164,0,81.49,8,0.425,0,0,0
1706.24,6,430.14,1868.57,22.66,0.377,0,129.31,20,0.18,0,0,1
3255.42,3,20.0,1430.84,70.28,0.094,0,232.43,21,0.6,0,1,1
4733.15,5,127.34,1774.63,11.92,0.048,1,181.02,15,0.342,0,0,1
4655.89,7,334.55,1991.21,27.36,0.147,1,188.04,13,0.674,0,1,1
5290.26,5,180.54,166.81,64.21,0.152,1,283.73,22,0.278,0,0,0
962.13,7,434.13,1017.32,4.56,0.234,1,229.55,3,0.105,0,0,0
1342.29,5,221.29,827.08,99.03,0.177,2,164.41,20,0.252,0,1,0
3901.17,4,385.18,27.17,124.48,0.214,2,113.76,21,0.607,0,1,1
1067.01,2,308.38,1204.8,102.8,0.483,1,150.49,14,0.474,0,0,0
1798.83,4,239.61,185.74,0.04,0.242,0,252.3,14,0.104,0,0,0
2693.95,6,166.39,1991.22,81.34,0.572,1,289.6,12,0.258,0,0,0
3964.7,5,289.12,1442.8,113.64,0.432,0,89.21,23,0.494,0,1,1
305.61,6,229.51,1171.9,206.24,0.254,0,118.03,9,0.229,0,1,0
3695.04,5,154.21,954.65,1.71,0.311,1,465.49,1,0.361,0,1,1
1431.21,4,79.95,508.03,41.48,0.208,0,287.07,13,0.479,0,0,0
3668.2,2,261.46,1278.97,106.82,0.232,2,111.64,7,0.679,0,1,1
3932.11,4,368.99,1368.43,65.66,0.495,0,293.51,23,0.288,0,0,1
9026.46,5,285.06,82.94,96.32,0.254,1,99.91,23,0.409,0,0,1
6998.52,7,336.74,321.65,59.93,0.218,0,121.41,0,0.095,0,0,1
6950.52,5,235.27,304.6,1.22,0.308,2,53.14,16,0.49,0,1,1
7659.26,4,154.97,106.47,105.27,0.245,0,245.97,12,0.119,0,0,1
2419.65,6,340.77,2976.81,48.08,0.542,0,42.31,2,0.724,0,0,1
1867.18,6,221.96,700.88,14.22,0.069,1,174.85,13,0.332,0,0,0
4327.81,3,256.12,712.88,56.94,0.328,1,270.53,16,0.319,0,0,1
3759.65,4,338.51,385.6,36.12,0.157,1,179.93,11,0.275,0,1,1
1327.34,6,340.6,1171.18,63.18,0.549,2,187.87,8,0.153,0,1,0
2710.32,3,262.39,516.48,32.01,0.265,0,243.51,7,0.195,0,0,0
1745.69,6,355.54,1084.6,5.41,0.527,0,206.62,4,0.162,0,1,0
769.75,4,314.64,1683.09,121.6,0.405,0,251.79,12,0.376,0,0,0
6571.26,5,317.11,855.85,57.43,0.376,1,222.97,23,0.21,0,0,1
1910.65,6,412.29,780.67,62.57,0.255,1,160.78,1,0.286,0,1,1
14026.56,1,320.85,1236.86,72.96,0.689,1,173.43,12,0.612,0,0,1
355.85,5,469.9,559.35,35.9,0.454,2,180.93,21,0.407,0,0,0
1036.1,6,88.48,1335.53,62.56,0.347,0,131.97,23,0.501,0,1,0
1868.03,7,141.19,77.65,11.89,0.582,0,143.11,2,0.301,0,0,1
5638.54,3,192.41,221.58,31.63,0.668,1,331.79,8,0.124,0,0,1
2695.85,5,122.17,2067.91,58.82,0.247,1,56.44,3,0.073,0,0,1
2466.3,2,467.62,150.22,81.72,0.077,1,159.4,13,0.161,0,1,0
585.66,2,441.16,482.74,172.19,0.403,0,53.19,22,0.338,0,0,0
568.53,7,339.34,524.25,98.58,0.153,1,291.63,18,0.421,0,0,0
2496.15,0,293.19,432.37,2.12,0.278,0,149.86,21,0.268,0,0,0
462.15,3,126.4,1613.38,9.73,0.323,2,217.55,23,0.359,0,1,0
1062.23,9,307.03,1108.19,56.88,0.227,1,139.64,17,0.324,0,1,0
2983.69,7,267.09,1329.45,4.28,0.287,1,217.73,9,0.12,0,0,0
677.0,4,353.08,3795.14,268.32,0.468,1,239.38,1,0.155,0,1,1
9003.39,6,197.21,2945.38,31.85,0.323,0,160.05,0,0.227,0,0,1
6148.33,5,319.26,1781.28,57.99,0.549,1,277.29,9,0.361,0,1,1
375.62,5,371.89,667.09,2.45,0.315,1,20.0,12,0.388,0,0,0
711.68,6,360.43,286.83,28.14,0.283,0,191.02,0,0.716,0,0,1
183.87,5,268.81,1029.03,13.7,0.128,0,136.18,13,0.713,0,1,0
826.67,9,413.98,2385.09,5.54,0.296,1,95.62,13,0.354,0,0,0
3890.87,6,145.74,3702.55,55.83,0.301,0,169.33,23,0.416,0,0,0
1195.24,9,283.53,759.93,188.2,0.258,0,227.49,23,0.304,0,0,1
2866.36,3,319.4,965.32,18.2,0.33,1,135.61,23,0.332,0,0,1
394.52,8,249.94,261.39,131.95,0.442,1,337.8,12,0.297,0,1,0
4015.73,4,341.51,180.09,0.16,0.123,0,166.08,7,0.371,0,0,1
1037.83,5,374.34,814.75,54.37,0.071,0,27.09,17,0.478,0,0,0
1830.18,5,35.39,204.06,37.82,0.129,0,217.22,5,0.453,0,0,1
1647.68,10,435.91,402.48,23.03,0.201,1,181.23,0,0.178,0,0,0
506.97,2,187.99,542.73,27.02,0.291,1,135.13,5,0.218,1,0,0
570.73,12,391.55,2158.83,45.91,0.317,1,169.97,5,0.53,1,0,0
4759.01,4,170.49,3037.48,40.83,0.211,1,71.91,7,0.26,0,0,0
2694.57,5,309.87,227.06,35.48,0.434,0,251.42,12,0.39,0,0,0
5167.01,8,313.3,113.23,203.7,0.109,1,278.1,10,0.269,0,1,1
2501.53,3,232.02,203.79,73.18,0.475,2,205.92,13,0.665,0,1,0
2085.97,7,196.81,585.32,9.83,0.362,0,168.78,2,0.767,0,0,0
321.82,6,598.27,1221.97,124.68,0.361,0,141.89,15,0.226,0,0,0
1379.72,5,190.31,590.5,33.91,0.25,1,146.42,23,0.351,0,0,0
1759.2,3,431.43,2164.07,0.71,0.374,0,78.54,12,0.439,0,0,1
12747.71,9,595.81,811.6,77.08,0.545,3,243.99,22,0.368,1,1,1
3593.77,2,210.2,528.78,21.76,0.135,0,172.61,19,0.115,0,0,1
8400.62,5,61.25,1176.76,339.95,0.214,1,119.85,11,0.511,0,0,1
3286.37,8,252.09,2458.12,39.25,0.119,0,145.47,10,0.47,0,0,0
887.76,11,195.98,324.16,15.76,0.447,0,211.59,13,0.288,0,0,0
2032.71,4,333.22,257.27,69.71,0.179,0,136.35,17,0.044,0,0,0
2289.81,5,197.17,191.98,16.3,0.167,1,224.05,15,0.617,0,0,0
706.87,5,228.29,613.69,1.25,0.255,1,176.7,2,0.151,0,1,0
1231.04,4,245.78,505.24,5.07,0.183,1,212.52,3,0.208,0,0,0
1471.79,2,107.91,227.18,53.53,0.393,0,175.46,15,0.393,0,1,0
9005.76,5,227.94,1023.14,12.05,0.671,3,264.42,0,0.164,0,0,1
225.71,8,242.3,282.54,13.58,0.196,2,203.76,5,0.244,0,0,0
6037.94,5,167.87,1130.18,8.06,0.303,1,72.3,2,0.214,0,0,1
708.54,9,292.89,1460.52,14.81,0.465,1,286.12,23,0.13,0,1,0
458.48,2,388.65,1608.96,71.34,0.431,1,166.78,4,0.497,0,0,0
5883.71,11,222.57,126.7,36.05,0.097,0,51.08,10,0.632,0,0,1
3758.96,4,248.83,292.16,12.17,0.429,3,364.09,7,0.217,0,1,1
6339.27,9,220.16,594.14,14.22,0.078,0,170.84,1,0.457,0,0,1
4026.7,1,466.28,1494.49,23.76,0.053,0,243.01,19,0.176,0,0,1
14183.65,4,176.05,410.07,280.53,0.455,1,90.43,7,0.35,0,0,1
3161.25,4,171.21,862.74,9.55,0.119,1,180.31,17,0.433,0,0,1
1546.15,4,186.8,484.92,81.2,0.504,4,261.93,16,0.5,0,1,1
2547.65,7,404.32,24.05,100.38,0.15,1,267.91,11,0.266,0,0,0
6269.61,3,414.64,304.25,155.38,0.172,0,278.55,10,0.319,0,0,1
829.34,6,151.25,1130.83,46.42,0.732,1,129.35,1,0.637,0,0,0
942.1,2,348.24,1048.34,5.27,0.276,0,217.06,11,0.292,0,0,0
1327.48,10,204.59,1721.01,1.17,0.36,2,84.04,9,0.291,0,0,0
220.39,5,87.43,718.93,29.25,0.155,0,75.16,14,0.163,0,0,0
2075.75,2,87.27,1163.46,21.6,0.131,0,171.44,7,0.402,0,0,0
274.2,8,233.61,429.14,99.12,0.125,1,144.34,1,0.26,0,0,0
1906.57,7,353.59,344.26,45.45,0.213,0,172.4,0,0.083,0,0,0
4295.36,5,255.21,332.22,92.64,0.638,0,157.78,3,0.1,0,0,1
1122.29,6,268.76,138.57,42.25,0.229,1,132.22,19,0.05,0,0,0
9673.21,5,39.08,460.7,12.9,0.282,0,199.87,4,0.376,0,1,1
419.68,2,210.86,1331.59,11.13,0.302,1,255.22,11,0.515,0,0,0
5950.68,6,222.01,9.78,25.15,0.088,1,237.05,23,0.408,0,1,1
3551.54,7,206.44,684.32,1.49,0.436,0,227.52,13,0.304,0,0,1
325.05,3,132.9,151.85,34.39,0.414,1,60.72,16,0.444,0,0,0
27195.16,8,483.85,1090.63,15.91,0.137,0,176.84,18,0.241,0,0,1
1696.38,3,323.56,120.86,2.34,0.429,1,129.78,10,0.353,0,0,0
751.83,7,355.47,143.34,32.18,0.371,1,281.29,6,0.161,0,1,1
442.71,2,266.23,34.84,51.22,0.284,0,161.8,0,0.714,0,0,0
1450.96,4,414.92,467.68,5.31,0.296,2,371.56,16,0.492,0,0,0
1591.76,2,141.49,834.28,46.9,0.498,0,201.55,4,0.46,0,0,0
2003.49,5,357.71,272.63,143.18,0.43,0,241.68,6,0.348,0,0,0
1342.39,7,112.62,33.81,23.62,0.26,1,126.07,2,0.192,0,0,0
3405.77,4,261.61,2158.24,200.11,0.172,0,238.43,3,0.593,0,0,1
1227.05,7,256.03,1575.86,76.15,0.176,0,116.81,21,0.344,0,0,0
261.13,6,267.06,497.13,0.48,0.42,1,240.36,22,0.25,0,0,0
1557.19,9,256.65,1386.54,145.18,0.283,2,186.88,14,0.545,0,0,0
169.44,9,20.0,1292.23,35.67,0.053,0,20.0,3,0.355,0,0,0
2575.43,5,206.53,659.74,45.89,0.425,2,166.23,5,0.425,1,0,1
679.05,5,246.14,598.62,46.98,0.44,1,188.72,23,0.711,0,0,0
2128.9,3,194.85,842.2,24.81,0.435,1,133.29,15,0.221,0,0,0
6728.28,1,67.24,1024.48,29.36,0.358,0,216.19,6,0.454,0,0,1
700.12,5,212.45,1375.43,36.57,0.531,2,120.24,21,0.108,0,1,0
5225.24,10,329.13,683.58,168.5,0.425,2,266.05,18,0.259,0,0,1
1172.17,6,434.74,1097.12,12.32,0.319,0,210.76,12,0.774,0,1,0
10437.86,7,237.11,164.27,123.03,0.303,0,213.38,19,0.035,0,0,1
1254.95,3,226.09,1096.72,186.18,0.18,3,115.65,16,0.314,0,0,0
780.17,6,160.9,47.92,27.66,0.128,2,265.45,23,0.145,0,0,0
3594.78,6,440.01,859.43,14.2,0.673,1,212.5,5,0.345,0,0,1
1169.36,4,166.59,997.24,30.98,0.164,0,279.96,12,0.237,0,0,0
779.42,5,213.22,2742.38,5.36,0.025,1,131.58,19,0.275,0,0,0
1121.21,6,307.12,438.24,86.14,0.345,1,151.74,6,0.089,0,0,1
1729.16,4,367.23,96.88,18.9,0.185,1,221.54,13,0.25,0,0,0
6920.06,6,190.94,325.94,18.14,0.19,1,174.65,4,0.535,0,1,1
261.36,2,228.6,434.67,55.95,0.154,1,150.73,8,0.16,0,0,0
1850.26,5,224.15,1175.7,41.2,0.612,0,47.71,14,0.288,0,0,0
3377.54,4,89.28,164.87,44.07,0.124,0,227.49,1,0.75,0,0,1
2193.93,6,304.07,148.88,33.13,0.257,0,159.13,20,0.724,0,1,0
6700.02,3,178.59,198.55,29.95,0.364,0,156.02,22,0.07,0,0,1
1678.5,8,198.54,210.06,18.97,0.368,1,98.93,22,0.289,0,0,0
1503.35,3,290.9,2059.37,16.62,0.211,1,229.86,4,0.386,0,1,0
3269.29,5,261.48,139.83,254.85,0.455,3,153.49,4,0.471,0,1,1
1996.83,5,462.84,426.18,25.79,0.48,0,294.31,14,0.101,0,0,1
1223.65,3,462.5,413.06,35.36,0.357,1,171.68,14,0.024,0,1,1
3029.47,5,424.93,109.18,25.3,0.211,1,225.89,22,0.247,0,0,0
941.5,9,491.66,92.3,64.78,0.206,0,245.72,0,0.498,0,0,0
981.25,5,443.23,1924.51,9.55,0.172,1,92.65,5,0.169,0,0,0
1066.36,4,53.01,1448.13,2.67,0.345,2,226.55,0,0.295,0,0,0
6995.83,12,316.39,2165.17,182.56,0.218,0,62.9,23,0.49,0,0,1
72.17,2,288.38,305.15,38.35,0.239,0,191.88,22,0.204,0,0,0
2685.44,3,283.06,598.09,40.0,0.274,0,142.68,18,0.389,0,0,0
1871.08,4,192.43,236.33,31.45,0.177,4,164.33,16,0.193,0,0,1
336.68,5,40.28,397.94,2.56,0.317,2,139.21,3,0.434,0,1,0
2464.46,6,184.09,1264.51,56.46,0.115,1,173.19,11,0.083,0,0,0
2909.55,4,169.11,517.43,41.72,0.399,0,195.6,18,0.17,0,0,1
3260.51,5,333.5,92.86,7.69,0.309,0,30.63,1,0.322,0,0,1
127.51,0,215.93,2.56,37.07,0.232,1,269.73,18,0.455,0,1,0
7089.64,3,399.03,215.5,13.3,0.197,1,184.31,10,0.364,0,0,1
864.6,4,463.78,161.9,51.09,0.345,0,132.98,22,0.643,0,1,1
3592.37,5,151.43,1264.24,55.12,0.248,1,195.83,20,0.599,0,0,1
3793.61,3,123.19,878.8,17.59,0.37,2,191.16,7,0.097,0,0,1
752.43,6,308.81,1457.65,4.94,0.133,0,331.53,20,0.443,0,1,0
3499.8,5,322.79,434.08,79.95,0.383,1,209.53,17,0.302,0,0,1
1229.68,4,263.32,700.95,50.59,0.147,0,158.92,5,0.484,0,0,0
227.84,6,110.86,432.15,46.34,0.291,2,159.05,6,0.21,0,0,0
5812.36,0,290.55,200.0,45.57,0.471,2,121.8,18,0.25,0,0,1
832.93,5,224.2,797.44,63.51,0.222,1,238.35,7,0.184,0,0,0
769.32,3,333.84,393.6,12.96,0.14,0,302.61,10,0.238,0,0,1
1208.26,5,222.93,229.43,26.11,0.386,1,242.57,1,0.682,0,0,0
2373.77,8,349.6,2230.6,12.52,0.395,0,187.7,21,0.423,0,1,1
1707.4,3,350.13,91.26,3.69,0.241,1,180.92,13,0.063,0,0,0
3127.74,2,180.02,1199.74,118.59,0.108,1,259.63,11,0.188,0,0,1
473.67,3,338.99,637.98,2.39,0.727,1,223.62,1,0.391,0,1,0
860.59,6,313.04,1151.88,2.36,0.194,1,185.77,9,0.306,0,1,0
1610.02,7,229.98,75.34,19.43,0.532,0,104.9,20,0.309,0,0,0
12062.87,8,393.58,395.98,19.19,0.288,2,196.15,7,0.162,0,0,1
1613.54,3,96.96,1271.85,2.03,0.1,1,213.61,4,0.372,0,0,1
5351.98,4,198.19,1350.26,72.92,0.126,0,92.29,10,0.425,0,0,1
1879.11,6,389.87,1244.37,6.24,0.468,1,20.0,16,0.589,0,1,0
1114.7,5,271.81,1091.15,4.63,0.269,2,132.77,14,0.569,0,1,0
1412.72,6,233.64,378.05,4.57,0.102,1,166.77,7,0.645,0,1,0
1527.79,6,217.51,1007.57,51.69,0.099,2,271.35,23,0.236,0,1,0
3306.5,2,154.53,92.72,9.27,0.441,2,145.88,4,0.633,0,1,1
7148.17,3,415.91,141.97,43.19,0.34,0,268.37,8,0.611,0,1,1
2590.69,8,272.09,621.08,11.21,0.003,0,150.6,17,0.226,0,0,0
5925.84,2,254.17,638.11,90.56,0.31,1,32.0,11,0.328,0,0,1
688.98,3,382.2,510.6,10.35,0.048,0,51.64,1,0.465,0,0,0
1194.36,8,383.92,1062.42,28.09,0.065,0,214.34,13,0.61,0,0,0
876.29,5,277.78,663.75,40.19,0.408,1,207.03,3,0.232,0,0,0
2476.11,4,546.35,54.37,106.09,0.076,2,190.14,22,0.319,0,0,1
1262.74,4,84.59,1745.7,12.11,0.294,2,152.47,23,0.251,0,1,0
3750.98,3,448.88,791.16,48.44,0.368,2,160.02,9,0.448,0,0,1
712.66,5,308.36,1806.41,1.58,0.089,0,325.46,6,0.061,0,1,0
1887.54,3,341.47,449.01,74.65,0.429,0,174.19,23,0.086,0,0,0
3593.41,1,102.75,1.47,37.44,0.292,1,105.57,12,0.332,0,0,1
229.22,5,130.75,1150.7,145.07,0.469,1,276.33,6,0.264,0,1,0
15087.64,4,237.7,667.79,74.67,0.506,0,224.43,14,0.197,0,0,1
1362.19,5,290.18,15.88,25.61,0.207,0,227.99,15,0.4,0,0,0
238.64,5,289.09,680.05,26.87,0.259,0,217.61,1,0.45,0,0,0
2117.72,1,231.01,2139.89,0.33,0.407,2,240.2,0,0.116,0,0,0
1869.53,2,174.27,187.3,91.03,0.358,0,71.99,10,0.429,0,0,0
1665.87,5,266.28,264.75,81.84,0.092,1,100.51,19,0.078,0,0,0
4871.67,3,32.65,838.75,42.03,0.294,1,87.3,1,0.182,0,0,0
3817.86,6,507.77,1375.91,23.53,0.171,1,57.43,11,0.596,0,0,1
2435.42,5,231.54,821.18,81.72,0.307,4,184.99,8,0.273,0,1,1
2836.02,6,155.01,891.07,47.11,0.424,2,24.7,5,0.141,0,0,1
1628.87,7,163.82,316.45,10.53,0.026,1,119.87,23,0.498,0,0,0
10673.2,9,115.54,8.06,13.87,0.229,0,151.25,20,0.306,0,0,1
411.91,4,374.85,1465.38,46.53,0.279,0,142.77,9,0.408,0,1,0
2079.02,6,312.02,4278.77,56.67,0.25,1,97.31,21,0.153,0,0,0
1929.52,9,235.46,1610.4,6.01,0.296,0,223.72,14,0.132,0,0,0
4077.67,7,232.74,405.34,91.53,0.176,3,301.97,22,0.571,0,1,1
777.55,1,202.12,346.87,35.0,0.532,2,116.82,2,0.169,0,1,1
316.18,2,20.0,2572.47,11.15,0.307,1,82.34,9,0.189,0,0,0
2115.03,5,343.76,3564.91,41.67,0.27,0,139.83,20,0.319,0,0,0
2395.22,4,250.69,757.88,104.49,0.292,0,329.59,5,0.342,0,0,0
8019.24,7,321.81,578.01,2.83,0.403,1,227.58,5,0.268,0,1,1
507.57,5,358.84,581.1,12.49,0.117,1,187.29,19,0.689,0,1,0
5737.01,5,375.96,180.32,41.42,0.132,0,183.06,18,0.279,0,1,1
19291.39,7,268.24,1042.15,0.09,0.17,2,264.18,19,0.142,0,0,1
1239.22,3,266.79,150.09,9.91,0.093,2,146.39,11,0.242,0,0,0
497.23,6,384.32,188.19,13.51,0.537,0,181.63,4,0.087,0,0,0
1203.54,6,237.54,897.09,107.74,0.343,0,240.65,21,0.147,0,0,0
1833.54,11,408.1,1627.76,37.14,0.094,1,246.66,17,0.58,1,1,1
3177.3,5,380.39,877.11,50.01,0.14,2,252.01,5,0.413,0,1,1
1000.85,9,186.04,515.38,0.15,0.481,2,224.01,18,0.055,0,1,0
8562.94,9,168.01,950.58,24.45,0.404,1,143.78,20,0.427,0,1,1
593.16,10,116.21,485.55,29.64,0.149,0,142.87,23,0.08,0,0,0
317.6,7,357.13,849.53,91.28,0.245,1,78.78,19,0.602,0,0,0
5468.23,7,20.0,1212.61,10.82,0.095,0,156.01,13,0.116,0,0,1
185.93,4,20.0,11.84,3.37,0.115,1,263.29,9,0.123,0,1,0
1474.2,4,295.13,197.73,87.1,0.142,1,283.91,6,0.451,0,0,0
40850.78,3,69.51,971.48,11.92,0.311,2,163.74,1,0.585,0,0,1
1786.4,4,123.97,410.52,58.69,0.209,1,99.71,20,0.709,0,0,0
589.48,5,271.66,590.76,4.8,0.356,3,141.28,10,0.317,0,1,0
1707.19,7,68.07,924.16,55.82,0.605,0,105.53,17,0.541,0,0,0
1718.49,5,88.8,598.12,27.52,0.463,1,75.72,14,0.233,0,0,0
2123.14,3,440.02,1450.89,131.57,0.173,0,41.56,10,0.148,0,0,0
3506.11,4,297.32,381.35,11.18,0.161,1,123.37,6,0.199,0,0,1
639.63,7,361.93,941.54,3.47,0.257,0,64.18,22,0.222,0,0,0
9774.65,7,178.6,443.25,38.13,0.269,0,76.57,4,0.553,0,0,1
2310.26,6,456.43,602.84,124.81,0.207,1,185.87,3,0.527,0,0,1
3739.82,2,20.0,96.6,11.38,0.249,1,171.28,23,0.07,0,0,0
964.73,7,56.64,1424.55,90.05,0.264,1,290.64,2,0.32,0,0,0
6544.51,6,43.12,308.46,20.73,0.284,0,290.42,17,0.223,0,1,1
1398.21,4,139.88,286.72,5.21,0.242,0,244.33,1,0.041,0,0,1
2386.43,4,391.39,74.37,44.56,0.116,1,251.9,21,0.47,0,1,1
711.16,5,485.52,564.81,36.9,0.839,2,178.69,17,0.689,0,1,1
667.19,6,267.02,432.9,91.13,0.329,1,223.49,14,0.115,0,0,0
3598.26,4,317.14,83.34,5.43,0.247,0,197.95,1,0.489,0,1,1
1160.25,7,20.0,1114.08,51.82,0.605,3,226.62,15,0.412,0,1,0
769.84,7,311.24,54.98,48.43,0.187,1,118.07,10,0.245,0,0,0
950.34,3,170.31,125.36,264.23,0.225,1,189.93,19,0.612,0,0,0
3637.14,6,120.06,493.98,19.88,0.359,0,230.35,6,0.642,0,0,1
963.88,4,198.39,354.23,2.28,0.382,0,102.97,4,0.53,0,0,0
1607.35,7,229.42,257.84,26.49,0.085,0,195.04,17,0.413,0,0,0
1835.42,3,404.4,663.96,31.22,0.374,0,296.31,22,0.415,0,0,0
265.78,2,59.71,594.36,23.02,0.137,0,233.95,17,0.402,0,0,0
415.25,4,125.55,453.09,49.78,0.202,0,163.54,16,0.493,0,0,0
2530.77,8,394.57,1197.53,15.45,0.029,1,248.26,21,0.05,0,0,0
865.21,6,100.08,551.59,10.11,0.476,1,231.09,11,0.083,0,0,0
5201.62,4,25.08,3082.85,30.14,0.116,0,167.23,21,0.336,0,0,1
4754.31,6,532.54,1294.83,64.91,0.187,1,47.53,23,0.213,0,0,1
3711.42,3,115.02,90.04,111.04,0.374,3,209.74,10,0.122,0,0,0
11156.44,4,230.03,256.13,54.49,0.109,0,201.35,4,0.494,0,0,1
1663.89,5,223.24,614.08,23.69,0.045,1,163.2,13,0.395,0,1,0
3459.51,4,415.97,506.23,68.64,0.294,0,20.0,17,0.21,0,0,0
1007.87,4,259.54,38.5,10.47,0.26,0,239.56,12,0.328,0,0,0
21001.94,12,287.97,600.88,69.72,0.413,1,112.03,19,0.088,1,0,1
13142.86,5,338.91,743.82,32.78,0.086,1,218.67,22,0.131,0,1,1
1829.65,4,351.02,497.95,15.79,0.142,1,255.27,6,0.23,0,0,0
2661.34,3,362.17,1608.73,58.92,0.314,2,141.85,5,0.496,0,0,1
7039.54,10,414.18,650.61,26.93,0.383,1,138.21,6,0.473,0,0,1
1560.65,4,168.19,1235.13,48.39,0.344,0,282.13,12,0.052,0,0,0
937.65,6,135.22,707.1,54.48,0.11,0,20.0,15,0.342,0,0,0
4332.89,6,193.49,1920.22,24.98,0.299,1,124.57,9,0.283,0,0,1
1955.57,1,158.88,192.83,213.36,0.33,2,43.69,6,0.462,0,0,0
2171.11,5,345.59,1425.51,30.54,0.811,0,25.0,4,0.81,1,1,1
785.04,5,20.0,475.35,207.09,0.63,0,265.42,2,0.361,0,0,0
324.51,8,406.37,956.74,13.41,0.295,0,280.43,12,0.094,0,0,0
2289.62,5,306.78,667.96,9.13,0.232,0,124.66,21,0.586,0,1,1
4469.19,7,49.79,92.2,49.83,0.076,1,241.48,20,0.604,0,0,0
1442.59,3,254.15,458.99,39.6,0.22,1,112.88,16,0.548,0,0,0
7604.0,4,290.08,896.39,38.86,0.213,1,107.57,18,0.274,0,0,1
894.34,5,356.78,1829.4,265.2,0.149,0,236.73,14,0.058,0,0,0
629.73,5,243.67,197.19,0.05,0.387,1,123.47,22,0.197,0,0,0
1690.48,8,249.88,351.03,30.21,0.377,1,210.57,3,0.081,1,0,1
1664.71,8,235.13,357.79,18.33,0.084,0,86.38,2,0.686,0,0,0
3904.83,3,386.29,594.48,27.93,0.478,1,147.58,12,0.126,0,0,1
833.0,3,476.45,1590.25,139.16,0.428,2,170.24,12,0.314,0,1,0
7101.73,6,285.87,402.72,82.65,0.132,0,76.56,1,0.635,0,0,1
12924.98,6,179.33,127.02,11.26,0.487,1,185.67,13,0.389,0,0,1
1738.64,4,295.89,565.07,60.91,0.439,0,236.83,3,0.271,0,0,1
6308.86,2,475.69,30.72,43.33,0.4,2,225.19,14,0.18,0,0,1
628.6,8,251.07,337.83,26.22,0.227,0,152.77,20,0.225,0,0,1
5298.73,6,165.39,577.62,20.92,0.402,2,141.24,5,0.471,0,0,1
5152.7,3,442.24,583.32,45.62,0.466,2,168.95,4,0.5,0,1,1
4287.41,3,278.07,1369.71,31.65,0.292,1,121.73,20,0.29,0,0,1
1780.12,6,262.39,1292.04,39.9,0.387,1,222.62,5,0.283,0,0,0
94.23,2,72.46,265.73,74.13,0.231,0,238.14,5,0.065,0,0,0
951.72,11,263.97,286.53,170.58,0.432,1,239.13,0,0.528,0,0,1
966.89,5,354.92,3199.14,26.45,0.069,1,366.9,11,0.339,0,0,0
679.76,7,190.16,397.39,27.8,0.462,1,292.78,8,0.452,0,0,0
2043.14,7,222.33,123.29,91.84,0.487,1,147.56,22,0.296,0,1,0
1189.2,4,254.95,855.88,6.95,0.135,0,165.64,8,0.653,0,1,0
792.65,2,258.76,223.26,80.68,0.577,1,164.97,13,0.456,0,0,0
627.16,5,274.53,739.83,24.81,0.298,0,153.14,10,0.227,0,0,0
884.03,3,459.97,1377.55,26.82,0.532,1,209.69,18,0.279,0,1,0
5549.7,3,193.28,152.6,17.59,0.095,0,169.7,9,0.459,0,0,1
933.53,7,170.94,480.65,6.55,0.473,0,300.19,13,0.244,0,0,0
1080.37,9,152.5,386.24,68.38,0.191,1,244.55,2,0.373,0,1,0
1145.16,2,211.43,5000.0,114.54,0.35,1,135.48,19,0.33,0,0,0
2537.65,4,119.65,994.82,34.87,0.25,0,147.46,17,0.183,0,0,1
2853.35,5,223.36,68.77,10.65,0.333,1,185.0,1,0.547,0,1,0
86.09,3,346.78,207.63,18.56,0.448,0,167.65,2,0.312,0,0,0
5022.26,7,371.22,136.88,4.41,0.352,1,287.02,21,0.318,0,1,1
7603.53,8,123.81,12.27,88.76,0.544,0,165.11,21,0.325,1,0,1
632.58,4,205.42,303.66,36.77,0.355,1,267.33,23,0.096,0,0,0
683.82,2,314.42,313.79,192.42,0.199,0,264.22,10,0.02,0,0,0
1152.57,9,177.78,214.3,74.01,0.276,1,315.67,17,0.17,0,0,0
848.95,2,363.92,644.34,64.76,0.307,0,191.34,1,0.337,0,0,0
2261.82,5,228.99,197.18,28.81,0.61,0,69.37,8,0.175,0,0,1
258.13,2,53.68,2265.06,21.44,0.231,0,259.9,8,0.703,0,0,0
591.15,9,294.58,1054.8,16.14,0.334,0,187.57,20,0.322,0,1,0
8427.01,3,344.08,103.54,223.37,0.303,0,209.8,10,0.353,0,0,1
714.64,4,145.56,250.52,13.12,0.76,0,239.74,19,0.582,0,0,0
6269.35,5,188.23,3233.62,7.93,0.145,0,155.8,20,0.527,0,1,1
2579.47,4,175.98,178.7,31.83,0.595,0,255.91,6,0.431,0,0,1
296.11,9,287.07,99.51,36.49,0.086,2,170.27,19,0.499,0,1,0
3412.94,4,152.51,211.5,9.77,0.047,1,71.29,18,0.482,0,0,1
1607.33,7,228.92,1001.01,21.52,0.054,0,247.78,8,0.557,0,1,0
1146.57,4,122.54,583.64,17.31,0.531,2,195.3,14,0.394,0,0,0
2309.89,1,224.35,55.96,67.64,0.365,1,200.7,22,0.031,0,0,0
2906.29,4,243.68,359.26,33.5,0.388,0,97.74,8,0.314,0,0,0
3668.7,5,191.16,72.48,75.09,0.166,1,105.08,17,0.313,0,0,0
5873.78,4,40.87,274.76,4.83,0.22,0,193.09,9,0.43,0,0,1
2719.32,6,483.38,149.99,18.99,0.148,0,272.31,21,0.251,0,1,1
456.85,5,295.65,199.36,17.71,0.251,0,75.85,11,0.087,0,0,0
1125.92,4,174.89,1204.65,30.66,0.399,0,81.11,14,0.365,0,0,0
34305.07,9,292.14,1224.12,25.79,0.241,0,247.17,5,0.076,0,0,1
3731.22,2,345.27,1054.66,15.13,0.451,1,228.47,7,0.152,0,0,1
19327.56,5,306.56,932.44,85.16,0.619,2,52.32,2,0.728,1,1,1
7298.57,7,335.31,225.01,118.6,0.348,0,263.44,21,0.342,0,0,1
2302.62,4,374.4,464.9,74.6,0.343,2,20.0,10,0.792,0,0,1
2444.04,6,152.54,493.02,60.28,0.057,0,108.84,0,0.253,0,0,0
1743.1,9,211.34,612.33,44.45,0.334,1,227.94,6,0.299,0,0,0
318.05,8,259.46,1552.28,20.45,0.286,1,192.4,5,0.172,0,1,0
1840.97,1,298.43,1755.89,125.34,0.511,2,233.73,0,0.505,0,0,1
6067.33,4,287.4,194.73,52.3,0.458,2,197.18,13,0.842,0,0,1
992.63,7,20.0,452.5,110.12,0.108,0,183.52,22,0.363,0,0,0
2729.72,8,591.15,128.16,30.16,0.207,0,190.92,20,0.112,0,0,0
4236.92,5,450.36,835.7,26.56,0.218,0,223.1,16,0.581,0,1,1
728.01,8,183.41,679.04,4.0,0.164,0,178.29,7,0.217,0,0,0
1151.36,4,330.82,1522.12,20.58,0.451,0,274.51,1,0.416,0,1,0
653.33,8,166.04,585.33,24.38,0.184,2,209.06,15,0.15,0,1,0
794.6,3,127.49,1215.29,34.08,0.605,1,138.52,0,0.159,0,0,0
498.89,3,143.33,306.29,32.23,0.247,0,118.1,6,0.604,0,0,0
734.77,2,192.93,948.0,125.0,0.243,0,160.44,15,0.436,0,0,0
7476.02,6,304.19,32.79,35.39,0.409,1,218.04,4,0.546,0,0,1
723.81,4,310.25,131.45,93.31,0.249,1,289.68,5,0.301,0,1,1
2051.77,14,224.63,473.87,6.87,0.344,1,101.49,14,0.033,0,0,0
1093.49,4,57.2,1743.54,42.45,0.579,1,245.36,13,0.423,0,0,0
5877.38,7,303.21,1731.05,38.6,0.653,0,166.44,12,0.493,0,1,1
6708.71,8,417.35,730.58,8.47,0.365,1,212.21,8,0.587,0,0,1
4290.12,4,223.58,111.31,14.06,0.21,0,71.04,3,0.494,0,0,1
2455.62,7,242.13,913.96,34.69,0.318,1,171.38,17,0.402,0,0,1
1435.03,4,501.4,155.72,36.83,0.388,0,20.0,23,0.299,0,1,0
549.01,3,354.81,345.2,115.16,0.234,0,176.18,9,0.247,0,1,0
12626.19,2,137.35,301.72,8.99,0.149,1,327.75,6,0.209,0,0,1
845.84,5,116.59,1726.55,18.17,0.386,2,146.15,19,0.389,0,0,0
3510.97,8,102.68,946.21,13.73,0.056,1,205.26,9,0.255,0,0,1
5216.41,3,295.53,58.97,76.3,0.119,2,234.23,2,0.236,0,0,1
1037.66,2,442.37,1483.18,12.16,0.404,2,149.4,10,0.187,0,0,0
5105.19,9,318.69,450.26,114.5,0.217,0,20.01,21,0.559,0,0,1
3882.42,2,134.66,1124.43,133.36,0.257,2,133.62,17,0.123,0,1,1
10177.8,4,352.69,1199.32,5.94,0.1,0,64.28,19,0.318,0,1,1
1130.77,7,154.62,5000.0,12.22,0.062,2,75.75,18,0.429,0,0,0
499.76,6,549.58,340.87,24.25,0.393,2,243.2,8,0.193,0,1,0
1090.63,5,182.87,1598.69,100.91,0.021,1,123.12,15,0.376,0,0,0
2227.99,4,121.87,270.39,6.5,0.197,0,180.64,15,0.195,0,0,0
1916.42,5,286.63,4330.11,21.12,0.26,0,128.3,3,0.699,0,0,0
1219.95,5,356.79,422.45,60.41,0.37,0,128.32,5,0.213,0,0,1
267.95,8,293.77,863.47,64.21,0.545,1,181.97,6,0.21,0,0,0
2894.25,3,289.12,4163.83,22.03,0.285,1,180.58,1,0.254,0,0,1
12995.32,3,331.17,178.93,165.08,0.27,1,161.94,20,0.063,0,0,1
2876.27,2,260.16,782.53,21.73,0.105,1,140.48,15,0.191,0,0,0
3324.7,3,298.46,5000.0,47.53,0.125,0,218.98,8,0.485,0,0,0
3204.93,9,346.03,2305.35,47.77,0.394,0,172.87,6,0.277,0,0,1
2689.33,6,103.04,199.53,80.58,0.133,1,159.55,2,0.201,0,0,1
4590.14,2,220.28,83.16,22.07,0.194,1,49.42,15,0.526,0,1,1
2684.83,5,336.17,444.2,26.41,0.269,1,70.85,11,0.018,0,1,1
1322.56,5,67.81,1152.96,27.08,0.25,1,52.69,14,0.18,0,0,0
815.67,6,291.97,1247.42,3.03,0.131,0,133.5,10,0.601,0,0,0
1409.55,6,191.93,748.03,65.96,0.456,0,20.0,5,0.372,0,1,0
2475.33,7,219.98,763.38,73.19,0.485,0,140.74,3,0.492,0,1,1
1318.06,2,253.67,102.87,85.91,0.442,0,155.33,17,0.441,0,0,0
2475.85,1,61.11,465.58,62.65,0.077,1,113.6,5,0.375,0,0,0
2804.98,2,182.11,686.74,44.89,0.209,1,172.7,14,0.624,0,1,1
4159.62,4,407.61,920.6,41.53,0.492,0,285.9,11,0.074,0,0,1
6521.08,7,20.0,77.01,51.6,0.203,0,152.79,2,0.482,0,0,1
1954.73,6,443.51,938.63,0.4,0.269,0,274.12,6,0.125,1,0,1
488.93,6,181.12,2267.83,29.7,0.584,0,219.43,16,0.318,0,0,0
1280.36,8,180.05,1234.3,2.03,0.604,2,128.44,20,0.522,0,0,0
1889.49,5,261.6,782.27,33.51,0.483,1,227.73,20,0.317,0,0,0
288.37,7,422.89,81.75,8.05,0.243,0,257.68,3,0.54,0,1,0
7249.33,7,88.74,1265.29,0.47,0.097,0,300.05,21,0.404,0,0,1
2084.7,5,186.23,870.03,65.55,0.29,0,132.55,23,0.566,0,1,1
2647.45,5,338.26,636.49,60.96,0.157,1,280.09,12,0.117,0,0,0
7083.52,7,342.87,1296.17,24.44,0.239,1,215.38,12,0.311,0,0,1
962.81,10,466.79,897.92,3.39,0.222,0,259.64,11,0.485,1,1,0
3210.05,6,119.75,507.45,184.29,0.205,0,194.36,19,0.114,0,0,1
1619.93,1,108.47,213.86,8.17,0.078,0,278.1,3,0.35,0,0,0
1504.04,5,349.83,561.49,33.5,0.386,0,108.77,6,0.517,0,1,0
835.31,6,170.87,133.86,15.88,0.44,2,251.16,6,0.214,1,0,0
9562.49,5,303.37,49.67,7.1,0.749,1,20.0,3,0.144,1,0,1
1242.03,2,335.39,213.22,35.95,0.114,2,254.0,12,0.552,0,0,0
3639.0,5,53.39,365.96,10.9,0.505,0,169.31,5,0.256,0,0,0
277.27,6,470.45,832.59,22.38,0.034,2,169.74,15,0.296,0,0,0
5883.98,7,292.64,553.52,46.63,0.301,2,248.31,18,0.402,1,1,1
5178.19,3,180.11,1062.86,24.46,0.042,0,328.08,5,0.473,0,0,1
1993.08,5,262.87,1069.93,36.64,0.082,0,20.0,18,0.185,0,1,0
1440.95,5,274.38,979.54,13.2,0.19,0,143.85,0,0.237,0,0,0
2697.28,3,280.52,634.33,59.54,0.548,2,313.54,3,0.186,0,1,1
17832.73,3,355.26,870.22,50.33,0.111,1,169.04,20,0.334,0,0,1
310.06,1,182.02,3032.78,59.04,0.375,2,129.08,8,0.261,0,0,0
3952.2,4,269.96,978.75,20.76,0.272,0,150.86,14,0.233,0,0,1
726.6,5,213.44,1085.33,141.07,0.161,1,245.7,5,0.435,0,0,0
1772.39,8,292.03,275.34,48.91,0.186,3,332.84,7,0.044,0,1,1
1411.09,4,269.34,520.05,6.8,0.173,3,217.26,11,0.567,0,1,0
1178.13,7,20.0,457.04,184.58,0.268,0,172.43,13,0.066,0,0,0
1789.22,3,170.65,348.91,42.07,0.226,2,185.61,7,0.503,0,0,0
581.63,6,33.74,492.3,59.94,0.067,2,61.9,15,0.521,0,0,0
5060.3,4,463.39,729.09,23.28,0.144,0,297.98,0,0.129,0,0,1
300.62,7,360.9,782.96,29.19,0.34,0,159.83,14,0.197,0,0,0
3101.88,2,99.08,1463.94,65.93,0.478,1,135.58,13,0.08,0,0,0
1304.36,6,350.77,854.44,100.25,0.475,0,106.91,13,0.321,0,0,0
560.64,6,195.72,1628.34,161.54,0.271,1,286.17,14,0.436,0,1,0
2213.62,4,271.07,855.12,230.19,0.387,1,249.97,8,0.666,0,0,0
381.1,7,20.0,344.72,45.22,0.2,0,79.08,22,0.704,0,0,0
1881.29,8,299.49,797.29,4.58,0.119,2,163.91,13,0.737,0,1,0
435.77,4,299.97,1044.57,43.19,0.343,3,202.23,10,0.207,0,1,0
2867.72,9,34.64,925.81,11.43,0.238,1,332.42,5,0.44,0,0,0
717.41,3,404.4,1517.23,52.25,0.302,0,179.21,14,0.393,0,0,0
1151.71,6,388.88,1887.99,20.45,0.149,2,38.5,13,0.26,0,1,0
2425.88,4,273.01,326.63,36.92,0.331,4,97.24,9,0.436,0,1,1
835.02,1,202.74,65.77,54.08,0.011,0,165.28,20,0.377,0,0,0
1706.22,6,214.8,854.65,119.47,0.434,3,255.3,17,0.357,0,1,0
397.89,6,447.57,93.46,78.69,0.372,0,241.58,19,0.132,0,1,0
3397.77,4,468.89,1723.21,1.07,0.324,0,236.07,8,0.58,0,1,1
10560.9,8,183.77,1381.52,8.3,0.287,1,180.28,19,0.093,0,0,1
29501.87,4,40.96,1000.09,101.53,0.167,3,214.93,10,0.387,0,0,1
1980.63,7,233.37,2084.86,67.98,0.367,1,210.81,19,0.024,0,0,0
3976.69,7,403.67,1745.59,8.0,0.411,0,88.92,8,0.351,0,1,1
304.71,4,171.36,2050.47,44.45,0.27,3,177.5,9,0.58,0,0,0
8125.27,7,125.41,1063.76,44.29,0.462,0,131.92,2,0.308,0,0,1
3929.35,2,477.32,367.67,74.57,0.345,0,209.01,19,0.382,0,0,1
1114.39,9,75.01,39.14,83.94,0.665,1,216.93,20,0.321,0,1,0
6230.31,5,418.77,50.83,56.04,0.612,0,183.35,23,0.226,0,0,1
1401.82,9,254.37,1260.59,62.45,0.315,1,120.15,1,0.114,0,0,0
1143.64,10,242.1,169.94,54.93,0.14,1,170.96,9,0.057,0,0,0
2908.33,4,302.8,300.45,8.18,0.502,0,196.79,10,0.261,0,1,1
624.31,9,238.87,705.72,57.69,0.303,1,138.98,18,0.195,0,0,0
5022.21,5,241.22,112.41,31.85,0.088,0,314.41,13,0.251,0,0,1
628.92,3,145.21,3377.47,190.38,0.129,1,114.35,13,0.355,0,0,0
632.67,3,206.52,1359.06,61.69,0.144,1,49.03,5,0.669,0,0,0
728.01,6,331.96,703.02,23.43,0.044,0,122.11,8,0.685,0,0,0
3864.16,3,106.55,1912.77,120.43,0.575,0,102.07,2,0.481,0,0,1
975.77,7,354.78,544.3,13.09,0.372,1,119.57,15,0.077,0,0,0
469.66,3,227.99,1818.01,31.5,0.082,0,67.47,9,0.379,0,0,0
986.65,6,106.17,1398.87,3.29,0.372,1,151.98,9,0.099,0,0,0
1751.03,2,234.99,11.35,49.54,0.293,0,284.21,12,0.071,0,0,1
555.03,5,300.48,1274.61,40.88,0.215,1,255.03,1,0.218,0,0,0
571.53,5,155.55,1225.72,35.11,0.222,1,127.63,5,0.409,0,0,0
14932.52,4,419.3,305.45,11.58,0.548,0,161.15,9,0.458,0,0,1
764.66,8,359.06,543.46,34.1,0.307,3,229.05,23,0.444,0,1,1
1308.92,7,326.18,118.98,30.73,0.502,0,121.4,19,0.179,0,0,0
1252.33,4,220.4,878.69,1.1,0.429,1,156.05,0,0.246,0,0,0
1186.36,4,351.26,897.65,8.86,0.329,0,92.24,19,0.21,0,1,1
3365.55,3,388.47,3190.21,116.08,0.276,1,161.0,2,0.393,0,0,1
4666.4,4,177.47,1026.28,77.78,0.309,1,227.01,23,0.182,0,0,1
1331.48,3,248.98,474.42,6.39,0.437,0,86.9,1,0.338,0,0,0
525.06,2,230.65,159.03,180.08,0.139,2,327.17,18,0.429,0,1,0
6466.82,5,225.51,1239.86,31.3,0.278,1,178.72,17,0.485,0,0,1
1643.62,8,418.35,349.31,69.32,0.566,1,42.38,22,0.719,0,0,1
10201.82,7,393.24,2302.0,39.02,0.275,0,247.74,0,0.166,0,1,1
191.41,7,373.33,259.57,72.26,0.271,0,124.69,7,0.374,0,1,0
2198.22,4,322.0,175.13,54.3,0.399,0,100.73,12,0.038,0,0,1
12315.41,3,255.95,774.98,3.37,0.265,0,177.68,12,0.492,0,0,1
1269.95,4,230.28,1978.05,122.41,0.397,2,50.17,6,0.37,0,0,0
1443.04,5,303.61,121.65,73.14,0.045,1,155.41,0,0.593,0,1,0
2429.67,2,62.52,33.78,12.53,0.443,0,271.95,23,0.128,0,0,1
1034.01,7,357.33,2738.39,12.83,0.306,1,171.77,8,0.171,0,0,0
1323.36,2,366.03,117.62,58.02,0.416,0,20.0,6,0.401,0,0,0
1289.73,6,139.58,748.22,60.35,0.132,0,143.71,21,0.104,0,0,0
965.44,9,88.14,177.61,4.55,0.163,2,169.99,2,0.459,0,0,0
6178.66,6,315.81,146.83,117.71,0.217,0,78.17,12,0.35,0,0,1
2867.16,9,66.27,135.73,68.71,0.067,0,84.73,4,0.404,0,0,1
2323.03,2,286.11,990.22,206.87,0.167,1,111.09,19,0.557,0,0,1
4058.51,4,157.84,1140.43,28.35,0.228,1,223.71,16,0.168,0,0,1
1388.03,4,80.15,102.09,4.51,0.322,0,54.61,3,0.041,0,0,0
833.64,5,337.31,117.47,118.05,0.55,3,270.16,20,0.407,0,1,1
989.67,4,419.13,2178.5,83.8,0.066,1,301.76,5,0.241,0,0,0
1811.27,6,203.17,711.06,0.01,0.067,0,237.18,21,0.626,0,0,0
626.9,5,350.34,1216.03,37.75,0.409,2,194.54,18,0.5,0,0,0
1096.35,3,158.56,67.19,0.38,0.507,1,141.87,20,0.339,0,0,1
1079.1,6,357.38,43.07,21.65,0.368,0,53.55,20,0.379,0,0,0
15131.84,5,191.94,403.61,101.8,0.159,1,154.17,13,0.2,0,0,1
112.86,5,421.94,648.2,56.01,0.323,0,284.53,11,0.177,0,0,0
1510.78,5,20.0,372.81,95.06,0.336,2,144.54,10,0.199,0,0,1
10154.72,3,187.62,999.82,40.73,0.144,1,306.66,0,0.565,0,0,1
2042.33,8,206.71,885.68,74.4,0.299,0,204.9,13,0.612,0,1,0
3840.73,8,61.63,473.71,33.29,0.53,2,203.32,13,0.222,1,0,1
1997.85,4,335.4,66.2,34.94,0.036,1,240.07,17,0.498,0,0,0
927.66,2,244.85,724.14,45.56,0.051,1,140.03,8,0.09,0,0,0
192.11,6,343.42,221.53,7.58,0.567,0,138.2,1,0.606,0,0,0
2220.43,7,161.35,390.0,51.56,0.432,0,151.78,20,0.035,1,1,1
832.47,9,118.2,11.6,96.79,0.144,0,163.73,2,0.217,0,1,0
812.13,7,183.72,589.02,8.69,0.452,0,165.27,1,0.213,0,0,0
1097.74,5,105.48,960.49,23.65,0.222,0,262.75,10,0.279,0,0,0
10351.24,7,210.34,689.25,126.48,0.527,1,175.59,20,0.415,0,0,1
20027.02,4,410.99,1114.1,18.65,0.484,1,162.92,0,0.472,0,0,1
2246.68,8,282.79,5000.0,104.05,0.304,0,176.05,2,0.212,0,0,0
1135.96,6,329.78,800.97,51.25,0.326,1,20.0,1,0.239,0,0,0
557.12,2,196.69,199.88,92.71,0.313,0,128.53,15,0.201,0,1,0
2888.64,5,137.56,679.45,7.7,0.373,0,146.46,14,0.24,0,1,0
10752.63,4,272.73,224.91,77.33,0.091,0,217.9,3,0.363,0,0,1
1411.85,4,256.24,320.62,1.51,0.312,1,197.27,9,0.2,0,0,0
167.5,5,380.66,347.15,25.09,0.167,3,222.58,21,0.424,0,0,0
3533.52,6,401.66,587.15,16.41,0.169,2,239.13,10,0.483,0,0,1
4843.53,4,364.45,593.42,51.24,0.103,2,232.67,1,0.181,0,0,1
370.24,6,500.84,880.46,72.33,0.257,1,165.29,5,0.395,0,1,1
2157.02,4,257.45,460.61,21.16,0.134,3,196.98,20,0.086,0,1,0
2839.05,4,326.48,166.3,90.73,0.105,2,227.5,19,0.162,0,0,1
1680.58,8,396.54,540.23,40.12,0.076,1,304.87,10,0.629,0,0,0
819.94,4,350.19,1273.55,69.91,0.119,1,122.66,2,0.766,0,1,0
4993.72,4,370.12,970.75,64.57,0.482,1,22.59,21,0.243,0,0,1
1207.88,5,258.58,97.98,7.45,0.172,3,241.19,11,0.278,0,1,0
409.45,4,242.17,2370.38,65.74,0.234,0,68.77,4,0.109,0,0,0
232.88,4,214.34,292.03,87.52,0.319,0,198.93,19,0.288,0,0,0
6379.53,5,226.53,706.4,1.78,0.348,0,231.81,10,0.274,0,0,1
3349.83,3,255.69,26.07,8.86,0.106,0,201.29,19,0.502,0,0,0
1974.31,10,169.8,1921.72,36.74,0.153,0,20.9,12,0.016,0,0,0
1164.13,5,116.05,920.53,3.03,0.233,1,207.09,10,0.428,0,0,0
1065.29,7,111.9,258.43,22.79,0.514,0,188.5,4,0.55,0,0,0
616.63,3,403.88,919.92,91.44,0.66,1,208.66,8,0.221,0,0,0
1174.44,4,199.04,276.87,5.33,0.042,2,20.0,9,0.197,0,1,0
217.0,2,322.28,240.59,7.54,0.05,1,223.63,5,0.251,0,1,0
866.04,10,232.29,473.9,6.35,0.48,4,159.09,7,0.532,0,1,0
1324.86,6,409.21,733.16,39.36,0.456,0,424.07,21,0.227,0,0,0
3327.18,6,99.5,187.92,18.13,0.234,1,127.29,21,0.225,0,0,0
1737.28,5,228.84,1086.65,84.73,0.683,1,266.95,21,0.26,0,0,0
4003.5,5,188.07,690.3,43.64,0.477,2,235.17,13,0.519,0,1,1
6968.36,9,249.14,5.99,55.43,0.366,1,194.24,7,0.607,0,1,1
5209.14,6,359.43,637.7,18.38,0.344,0,263.91,1,0.233,0,0,1
2894.33,2,237.87,437.04,33.84,0.319,1,72.05,6,0.445,0,0,0
1829.62,2,177.76,885.38,23.15,0.198,3,69.69,23,0.206,0,0,0
678.04,5,249.68,1824.52,34.38,0.424,2,382.34,4,0.229,0,0,0
3789.33,6,212.08,243.75,58.28,0.093,0,206.39,9,0.525,0,0,0
9698.7,7,305.75,895.9,29.97,0.362,0,59.68,12,0.464,1,0,1
2545.56,5,20.0,131.59,3.45,0.389,2,197.14,23,0.362,0,0,1
12298.83,6,208.27,71.58,23.17,0.591,1,149.64,8,0.446,0,1,1
393.24,10,256.81,2148.58,109.7,0.102,0,148.43,14,0.506,0,0,0
570.11,6,344.25,1586.08,86.64,0.504,0,161.07,10,0.448,0,0,0
4252.24,5,357.93,556.77,89.46,0.263,0,172.55,21,0.624,0,0,1
2354.99,4,169.22,119.1,9.99,0.124,1,36.3,6,0.513,0,0,1
6726.31,3,199.36,244.48,4.13,0.095,2,117.21,9,0.169,0,0,1
1780.28,4,47.86,670.31,83.91,0.356,1,168.34,16,0.494,0,1,0
759.02,1,263.57,844.09,54.82,0.507,2,273.47,12,0.39,0,0,0
1460.31,7,548.6,938.52,35.49,0.015,2,88.89,6,0.209,0,1,0
390.46,5,272.9,1102.07,58.1,0.288,0,43.28,6,0.102,0,0,0
584.88,6,167.05,188.45,133.6,0.324,2,131.92,0,0.246,0,0,0
4781.19,2,270.54,281.07,6.91,0.143,0,153.04,14,0.303,0,0,1
4327.68,3,20.0,10.16,9.29,0.385,1,104.07,16,0.128,0,0,0
2599.32,4,340.34,61.49,44.56,0.071,0,144.17,9,0.06,0,0,0
323.41,4,407.61,296.26,61.35,0.436,1,292.07,4,0.046,0,1,1
1263.44,3,224.57,164.42,51.58,0.447,2,314.55,18,0.619,0,1,0
531.13,4,150.24,542.67,14.65,0.529,0,174.39,0,0.16,0,0,0
5863.68,3,197.81,1510.59,48.67,0.28,1,161.36,6,0.286,0,0,1
1008.56,3,205.04,1026.95,41.08,0.491,1,258.59,1,0.265,0,0,0
610.48,3,311.37,1123.84,1.22,0.185,1,175.18,2,0.329,0,0,0
1862.73,7,281.96,733.54,48.69,0.136,0,326.85,23,0.167,0,1,0
953.22,8,238.84,964.34,29.99,0.453,2,215.53,19,0.175,0,1,0
7972.42,7,250.14,158.76,95.97,0.469,1,128.89,7,0.24,0,0,1
867.13,4,171.97,643.2,53.26,0.423,1,262.24,3,0.204,0,0,0
446.2,4,323.42,676.28,39.56,0.275,1,203.85,4,0.138,0,0,0
210.0,6,251.67,792.62,112.93,0.493,1,252.12,4,0.499,0,0,0
1753.23,7,62.45,1208.69,54.51,0.273,1,266.05,9,0.709,0,0,1
1030.78,4,337.84,2305.96,14.42,0.29,0,97.86,15,0.768,0,0,0
433.15,3,214.44,995.06,31.52,0.376,1,210.42,10,0.32,0,0,0
5938.59,6,200.9,2046.66,55.8,0.464,0,245.36,2,0.5,0,0,1
3523.62,1,468.16,638.66,85.93,0.161,0,293.75,18,0.361,0,1,0
1757.74,6,300.11,273.25,16.66,0.542,2,307.22,6,0.39,0,1,1
7075.02,10,330.24,859.6,64.82,0.255,1,212.16,11,0.427,0,0,1
3507.07,2,179.19,3167.97,57.41,0.34,4,209.28,11,0.814,0,1,1
794.05,7,179.35,989.5,7.96,0.304,0,134.69,10,0.291,0,0,0
639.56,9,421.2,2779.37,8.3,0.254,1,166.63,10,0.445,0,0,0
4096.88,8,546.65,18.12,34.83,0.471,0,195.7,6,0.803,0,1,1
2687.5,4,363.38,239.11,26.48,0.285,1,231.15,8,0.171,0,0,1
2142.54,6,20.0,255.73,7.17,0.118,0,206.06,4,0.602,0,0,0
775.5,5,160.29,445.21,4.59,0.24,1,210.31,8,0.534,0,1,0
3320.76,4,242.57,25.02,113.96,0.369,0,127.41,21,0.395,0,0,0
849.38,6,231.49,1965.09,10.63,0.256,1,85.1,4,0.6,0,1,0
1632.74,6,231.18,982.27,22.91,0.295,1,231.1,7,0.375,0,1,0
7684.37,5,79.09,70.14,31.38,0.092,0,212.4,7,0.13,0,0,1
933.71,10,480.71,153.6,4.33,0.364,0,171.64,22,0.231,0,1,0
375.03,4,317.36,739.27,7.44,0.254,1,133.54,21,0.304,0,0,0
631.09,9,158.39,1913.16,37.27,0.303,1,158.92,21,0.304,0,0,0
4886.83,5,180.39,73.35,60.1,0.388,2,200.04,19,0.203,0,0,1
2332.58,5,322.76,454.35,93.05,0.233,0,196.5,16,0.011,0,0,0
1589.42,7,219.55,178.53,99.21,0.752,0,151.59,11,0.221,0,0,0
1086.71,6,265.54,159.09,39.38,0.223,0,67.24,13,0.226,0,0,0
2937.63,5,301.08,1047.72,16.9,0.348,1,233.69,7,0.397,0,0,0
773.48,3,188.58,1401.23,43.32,0.169,2,157.9,10,0.303,0,0,1
2454.47,9,457.56,2032.12,48.77,0.21,0,260.29,19,0.372,1,0,1
870.22,6,20.0,921.57,16.91,0.36,1,90.43,2,0.256,0,0,0
736.82,1,156.91,54.32,55.01,0.262,1,76.41,2,0.233,0,0,0
955.77,5,347.79,353.37,9.57,0.704,1,269.32,8,0.46,1,1,0
1242.14,3,167.76,466.08,17.54,0.065,1,54.73,2,0.491,0,0,1
1721.88,5,230.66,258.25,133.01,0.21,3,81.47,18,0.81,0,0,1
2288.05,3,399.45,620.99,35.67,0.596,3,83.04,14,0.76,1,1,1
50.0,3,307.23,211.83,8.16,0.122,1,66.88,20,0.316,0,0,0
806.21,3,264.51,1837.51,55.19,0.619,0,264.58,8,0.049,0,0,0
1222.23,3,390.45,123.91,13.05,0.255,0,98.65,7,0.228,0,0,1
8144.21,4,181.39,444.17,1.77,0.227,0,99.1,2,0.346,0,0,1
614.0,1,302.09,106.69,102.75,0.346,0,172.85,8,0.45,0,0,0
2127.7,0,311.64,354.85,28.5,0.061,1,181.88,1,0.472,0,0,0
8062.91,2,110.29,530.54,75.11,0.236,0,268.22,16,0.107,0,0,1
486.4,4,147.71,645.77,96.38,0.42,0,159.42,22,0.239,0,0,0
2681.08,6,44.64,322.16,42.61,0.113,0,145.61,21,0.544,0,0,0
810.56,4,282.51,1327.05,5.1,0.193,1,109.47,6,0.492,0,1,0
1091.56,6,399.1,579.57,19.3,0.165,0,31.33,16,0.589,0,1,0
809.88,2,154.27,3905.53,14.58,0.296,1,209.32,11,0.303,0,0,0
869.7,3,20.0,105.48,46.34,0.201,0,195.51,1,0.673,0,1,0
27499.2,5,244.05,162.23,26.45,0.221,2,56.73,4,0.337,0,0,1
4206.79,4,393.94,1294.76,26.57,0.061,2,142.34,18,0.391,0,0,1
5441.11,4,207.68,646.43,53.15,0.592,1,26.93,5,0.306,0,0,1
2957.19,7,312.82,357.06,1.62,0.191,2,99.45,6,0.443,0,1,1
362.76,4,20.0,422.72,7.09,0.11,0,120.72,20,0.363,0,0,0
2683.72,6,318.5,663.7,109.7,0.065,1,224.8,8,0.546,0,1,1
5286.59,2,433.54,71.75,90.44,0.097,1,292.88,17,0.089,0,0,1
770.16,9,471.92,1158.97,141.59,0.443,1,152.99,5,0.421,1,1,0
4747.28,3,369.33,477.01,11.77,0.091,2,155.35,6,0.278,0,0,1
3656.77,6,556.39,425.52,20.85,0.072,1,211.07,13,0.531,0,1,1
11522.31,6,354.36,1186.93,5.93,0.419,1,208.52,5,0.17,0,0,1
1190.61,4,238.41,673.68,51.14,0.269,0,20.0,12,0.258,0,0,0
603.28,6,193.91,1122.44,76.04,0.537,0,201.29,22,0.085,0,0,0
1259.38,6,52.95,2111.97,48.1,0.084,0,174.94,18,0.37,0,0,0
7597.47,7,173.42,2332.61,45.38,0.134,1,163.98,14,0.108,0,0,1
290.5,8,118.17,448.67,81.09,0.029,1,174.39,6,0.402,0,0,0
228.52,2,345.13,57.64,4.62,0.296,0,143.59,11,0.451,0,1,0
1977.12,5,109.29,10.06,67.77,0.3,0,63.52,10,0.235,0,0,0
1161.43,4,126.38,977.25,111.54,0.285,2,233.66,15,0.392,0,0,0
1822.07,5,364.95,68.05,51.92,0.373,1,349.79,7,0.08,0,0,0
4653.21,7,185.59,395.69,57.6,0.188,1,51.69,23,0.377,0,1,1
1040.47,3,351.98,868.39,51.52,0.347,2,20.0,10,0.344,0,0,1
277.83,8,461.02,5000.0,86.81,0.198,2,166.25,10,0.208,0,1,0
13967.4,7,138.79,201.92,25.27,0.211,1,159.8,15,0.146,0,0,1
666.99,3,287.67,7.81,97.64,0.183,1,227.91,7,0.559,0,0,0
627.01,2,600.23,33.7,15.74,0.26,2,173.62,5,0.25,0,1,0
5451.9,9,329.28,202.17,6.12,0.188,0,191.3,23,0.341,0,1,1
1230.91,6,362.3,3970.2,3.18,0.511,1,268.69,15,0.098,0,0,1
1696.99,2,235.56,64.21,5.18,0.256,0,243.96,0,0.283,0,0,0
2930.09,6,272.22,1106.69,30.46,0.306,3,233.81,16,0.146,0,1,1
5343.22,7,344.09,129.95,45.22,0.093,0,131.13,22,0.834,0,1,1
1295.35,5,109.15,182.29,50.48,0.223,2,253.95,17,0.216,0,1,0
8266.38,8,89.07,71.88,41.57,0.38,1,221.4,23,0.233,0,0,1
213.62,4,298.35,207.13,11.59,0.33,0,167.65,10,0.326,0,0,0
3865.27,7,221.87,98.21,100.39,0.27,3,114.47,2,0.158,0,0,1
780.92,2,91.4,14.05,11.84,0.562,0,229.48,3,0.315,0,0,0
7131.46,5,64.29,1282.15,87.36,0.128,0,197.96,0,0.098,0,0,1
2084.0,2,374.21,169.06,62.62,0.267,0,285.27,2,0.225,0,0,0
922.51,4,245.7,101.0,21.94,0.199,0,259.3,12,0.381,0,0,0
3508.14,11,199.01,254.18,27.41,0.233,1,247.24,13,0.322,0,0,1
4416.88,4,247.51,1121.2,84.02,0.235,1,144.67,19,0.164,0,0,1
3435.42,6,254.43,203.7,210.73,0.195,0,168.29,17,0.562,0,0,1
645.68,7,224.58,624.54,13.93,0.102,0,83.87,17,0.281,0,0,0
1114.3,5,52.38,195.73,58.35,0.265,1,146.93,17,0.629,0,1,0
1800.69,4,296.44,391.63,3.86,0.296,1,345.56,4,0.265,0,0,0
1734.96,7,131.64,589.4,4.21,0.206,1,302.91,16,0.103,0,0,0
3826.65,6,201.56,1134.46,29.98,0.092,2,49.59,4,0.153,0,0,1
241.07,8,303.8,264.68,0.93,0.022,2,55.05,17,0.539,0,1,0
2525.84,5,343.25,473.16,120.65,0.167,2,127.34,2,0.353,0,1,0
1352.92,4,288.15,823.82,24.41,0.287,2,66.73,23,0.61,1,0,0
781.72,4,264.2,257.53,24.0,0.264,1,119.76,16,0.319,0,1,0
860.5,6,358.25,198.81,19.71,0.326,1,253.61,18,0.236,0,1,1
1458.94,6,301.73,673.15,17.75,0.367,0,273.43,7,0.195,0,0,0
50.0,11,137.0,2435.84,4.9,0.531,0,138.23,15,0.479,1,0,0
896.69,5,356.93,1927.05,46.75,0.048,1,109.78,11,0.449,0,1,0
753.09,3,348.73,733.76,14.61,0.398,0,152.92,20,0.436,0,0,0
3080.3,6,270.11,438.54,21.31,0.038,0,272.92,0,0.412,0,0,1
807.93,9,325.79,667.42,20.48,0.149,0,338.2,5,0.707,0,1,0
1458.1,2,279.54,1295.57,20.75,0.21,1,181.51,3,0.551,0,0,0
8453.0,4,20.0,77.96,105.77,0.484,0,388.57,23,0.715,1,0,1
4887.09,2,202.07,1215.64,31.84,0.527,0,203.72,11,0.682,0,1,1
4457.18,3,230.68,858.4,35.67,0.343,0,20.0,3,0.246,0,0,0
1096.77,5,227.48,250.72,76.63,0.301,1,316.99,13,0.228,0,0,0
3112.04,2,190.82,1670.24,18.4,0.321,1,193.85,0,0.568,0,0,0
1430.96,6,246.4,66.65,71.46,0.344,0,284.91,11,0.436,0,1,0
1486.09,5,342.13,2007.53,9.95,0.479,1,113.37,0,0.18,0,1,0
2723.53,5,279.56,392.72,61.61,0.339,0,242.09,4,0.533,0,0,1
995.26,2,228.79,1329.92,7.76,0.307,2,161.33,21,0.714,0,0,0
8046.59,5,20.0,134.22,58.38,0.475,0,108.71,22,0.341,0,0,1
1540.51,5,377.52,670.6,31.63,0.462,3,92.6,7,0.274,0,1,1
3355.52,7,193.31,27.22,3.37,0.032,1,48.29,3,0.473,0,0,1
7751.18,5,457.69,261.4,45.94,0.402,1,93.62,1,0.254,0,0,1
5072.83,4,145.08,1415.95,58.79,0.09,0,187.88,14,0.127,0,0,1
441.9,3,335.68,484.63,11.29,0.397,3,222.69,17,0.378,0,1,0
2821.14,5,234.22,861.87,136.89,0.077,1,116.02,8,0.265,1,0,0
4233.23,5,108.69,1316.97,12.9,0.182,2,69.04,12,0.123,0,0,1
4411.03,7,362.93,604.58,18.65,0.196,0,334.45,12,0.022,0,1,0
593.9,4,56.25,705.17,66.59,0.369,1,138.05,20,0.388,0,1,0
937.26,5,270.35,1163.12,11.18,0.126,0,307.67,18,0.257,0,0,0
4888.1,4,264.63,102.67,127.1,0.293,0,134.65,0,0.529,0,0,0
844.07,7,162.35,59.39,51.22,0.302,0,141.53,3,0.195,0,0,0
1339.84,4,394.3,778.13,69.08,0.347,2,230.75,11,0.726,0,1,0
8741.84,7,277.61,2953.17,6.33,0.257,2,151.78,19,0.502,0,1,1
1723.65,5,460.08,827.95,86.21,0.364,0,298.21,21,0.303,0,1,1
874.13,4,283.17,976.89,42.06,0.366,1,239.03,0,0.39,1,1,0
751.73,7,315.1,859.65,73.38,0.27,0,60.67,15,0.473,0,0,0
2521.78,3,20.0,744.51,3.72,0.348,1,143.65,16,0.471,0,0,1
476.68,0,333.21,176.14,46.88,0.151,2,129.14,13,0.355,0,0,0
1411.86,8,304.26,1467.44,58.5,0.052,0,226.16,7,0.393,0,0,0
2523.07,5,189.49,687.2,34.13,0.109,0,234.62,0,0.416,0,0,0
6628.61,4,162.36,3066.74,90.18,0.214,0,42.3,19,0.096,0,0,1
3524.69,4,223.63,57.27,140.35,0.219,0,275.3,16,0.408,0,1,1
885.31,5,353.62,283.61,12.61,0.166,3,107.87,5,0.287,0,1,0
5874.75,4,110.73,83.72,3.13,0.221,0,284.65,21,0.179,0,0,1
1340.08,6,94.8,1568.1,74.15,0.116,0,224.36,23,0.214,0,0,0
525.47,10,346.66,1362.43,32.76,0.265,0,222.96,17,0.274,0,1,0
1522.27,6,201.28,1186.45,2.99,0.114,2,99.3,20,0.65,0,0,0
7617.24,5,232.81,908.07,4.67,0.322,1,368.29,10,0.139,0,0,1
2132.9,2,235.13,90.17,12.92,0.068,4,73.01,4,0.135,0,0,0
1830.82,5,289.0,416.63,0.23,0.288,1,157.55,0,0.182,0,0,1
9294.81,8,400.28,975.29,31.75,0.331,3,170.75,21,0.328,0,0,1
432.09,6,122.42,358.08,23.13,0.184,0,55.06,3,0.309,0,0,0
499.9,4,301.56,1012.23,2.34,0.524,0,266.71,16,0.511,0,0,0
359.3,6,247.15,268.82,13.79,0.47,1,278.79,13,0.112,0,1,0
2624.51,7,286.97,627.4,67.36,0.315,2,197.78,19,0.554,0,1,0
2135.58,6,518.4,350.23,82.36,0.213,1,135.86,9,0.412,0,0,1
8456.89,5,102.14,2035.73,0.2,0.321,0,260.99,20,0.268,0,0,1
2306.47,9,322.92,467.28,5.62,0.243,0,169.28,20,0.604,0,0,0
1206.94,4,381.98,270.26,317.78,0.626,3,130.11,15,0.201,0,1,1
1811.29,6,129.86,46.96,52.31,0.239,0,70.84,9,0.126,0,0,0
2033.89,5,220.58,125.75,57.74,0.155,0,21.73,20,0.372,0,0,0
339.76,5,187.97,665.76,23.85,0.567,1,87.99,9,0.295,0,0,0
27182.58,3,418.88,966.23,35.1,0.394,1,314.27,13,0.186,0,1,1
3040.79,6,250.45,2469.72,35.44,0.245,0,96.36,12,0.36,0,0,0
2230.56,10,57.57,726.66,21.38,0.071,0,289.06,20,0.033,0,0,0
3344.81,6,522.98,913.47,58.52,0.144,0,59.87,11,0.536,0,0,0
3675.38,5,449.91,773.67,42.5,0.131,1,199.89,22,0.143,0,1,1
1570.97,5,361.95,1862.15,143.85,0.417,0,159.73,0,0.486,0,0,1
961.75,9,224.59,288.13,0.34,0.221,2,156.77,17,0.486,0,1,0
3292.66,7,118.09,739.5,108.2,0.33,0,106.71,16,0.337,0,0,0
2659.01,5,219.7,2570.79,148.87,0.232,0,168.89,3,0.249,0,0,0
804.41,7,361.4,5.72,7.96,0.731,1,268.67,5,0.262,0,1,0
7472.88,6,227.04,252.84,12.55,0.118,0,237.44,8,0.514,0,1,1
2424.43,5,182.97,1137.65,2.59,0.399,0,240.2,20,0.376,0,0,0
3751.16,6,72.73,507.78,13.4,0.358,1,194.54,3,0.69,0,0,1
7272.98,5,139.46,147.51,50.98,0.587,4,248.6,19,0.232,0,1,1
1848.05,6,84.14,678.25,12.22,0.181,0,225.82,18,0.189,0,0,0
2482.33,3,264.39,579.0,95.56,0.119,0,161.94,8,0.431,0,0,0
4064.42,8,347.27,484.28,123.0,0.784,1,281.78,3,0.413,0,0,1
875.8,3,96.92,334.53,1.4,0.304,0,232.06,18,0.094,0,0,0
1908.46,3,50.15,43.17,35.35,0.286,1,142.49,8,0.056,0,0,0
2049.9,4,250.91,741.32,0.79,0.694,2,169.07,22,0.506,0,0,0
695.02,6,222.53,582.62,48.28,0.216,1,20.0,14,0.392,0,0,0
18354.62,4,290.56,704.27,21.34,0.202,0,76.22,13,0.278,0,0,1
442.62,5,70.04,1.95,93.5,0.26,3,102.86,21,0.347,0,0,0
493.68,6,386.21,69.04,124.73,0.236,0,232.97,18,0.44,0,0,0
6729.3,3,300.09,146.85,34.5,0.172,0,21.35,22,0.036,0,0,1
3689.57,5,385.76,476.0,152.51,0.214,3,171.62,20,0.17,0,0,1
648.09,6,194.14,1319.79,100.78,0.539,1,88.03,3,0.46,0,0,0
3318.57,6,371.99,225.73,5.08,0.257,0,20.0,10,0.378,0,0,1
7846.72,8,181.9,1321.63,22.01,0.344,1,144.06,10,0.467,0,0,1
1754.15,8,366.92,214.57,20.81,0.1,0,152.36,0,0.213,0,0,0
24314.37,4,186.03,1105.98,18.1,0.365,0,150.27,13,0.657,0,0,1
322.45,5,20.91,1658.65,79.83,0.03,1,234.79,1,0.472,0,1,0
3618.53,4,350.93,1356.27,17.9,0.399,0,175.37,19,0.378,0,0,0
5805.31,6,175.94,1072.7,23.84,0.421,0,139.89,0,0.099,0,0,1
4408.74,4,363.72,31.36,4.48,0.284,0,179.93,12,0.379,0,0,1
1473.87,6,54.97,320.56,36.69,0.477,1,184.93,4,0.26,0,0,0
1352.3,4,37.04,175.03,6.23,0.229,2,114.2,3,0.5,0,1,0
2819.02,5,200.95,514.86,101.68,0.111,0,158.33,8,0.193,0,0,1
4087.77,4,251.68,349.92,80.06,0.158,1,259.57,0,0.345,0,0,1
3302.63,5,41.29,769.45,18.0,0.252,1,255.11,1,0.342,0,0,0
5115.64,3,176.55,667.3,0.23,0.347,2,196.47,9,0.155,0,0,1
652.71,6,112.42,450.9,3.71,0.385,0,156.7,4,0.623,0,0,0
1439.76,8,261.03,1166.78,12.29,0.043,0,192.66,11,0.29,0,1,0
706.26,3,517.33,11.93,34.47,0.49,0,277.22,23,0.247,0,0,0
1228.92,4,197.47,1606.5,65.7,0.041,1,269.69,13,0.367,0,1,0
4990.15,8,173.32,2.36,5.21,0.082,2,205.43,18,0.488,0,1,1
2014.21,3,265.03,481.21,61.61,0.242,0,209.76,15,0.462,0,0,0
24510.56,5,485.26,1705.24,39.56,0.33,1,106.29,14,0.336,1,1,1
2193.83,2,116.67,433.02,48.33,0.426,3,104.02,19,0.274,0,1,0
1919.25,4,255.22,1127.39,131.4,0.166,0,223.08,19,0.387,0,0,1
2010.59,3,549.44,412.57,152.81,0.412,0,254.09,5,0.382,0,0,1
955.46,6,167.4,1522.64,66.85,0.379,0,200.19,5,0.347,0,0,0
1706.44,2,188.33,5000.0,58.99,0.535,0,75.2,13,0.238,0,0,0
5584.71,3,361.51,1828.53,71.93,0.071,0,411.21,15,0.552,0,1,1
2026.31,1,466.47,45.89,55.89,0.33,0,84.21,2,0.274,0,1,0
817.74,12,482.7,128.38,0.52,0.076,0,157.64,3,0.41,0,1,1
716.88,6,232.22,624.46,285.44,0.09,2,20.27,14,0.429,0,0,0
1152.63,6,136.87,2607.79,50.66,0.473,1,151.44,11,0.327,0,0,0
1946.65,5,175.13,417.14,33.54,0.098,0,277.55,8,0.525,0,0,0
5964.54,3,118.82,259.52,30.14,0.124,0,89.75,9,0.055,0,0,1
473.2,6,259.24,2681.45,13.34,0.451,1,242.87,2,0.111,0,0,0
1313.14,3,329.94,986.96,32.41,0.214,0,172.52,21,0.292,0,0,1
2088.73,3,273.5,1177.26,66.11,0.107,1,69.58,0,0.702,0,0,0
288.96,8,190.92,93.89,14.67,0.185,3,171.04,15,0.392,0,0,0
785.56,5,363.52,243.66,93.29,0.197,2,58.14,4,0.309,0,0,0
916.09,6,314.04,560.34,11.83,0.244,2,88.89,9,0.487,0,0,0
815.69,7,307.96,1066.77,97.73,0.165,0,73.96,4,0.401,0,0,0
2190.51,4,346.1,341.29,43.85,0.3,2,219.1,21,0.39,0,1,1
1539.85,7,288.46,182.8,90.9,0.232,0,294.09,21,0.343,0,1,0
1037.65,4,236.2,459.8,26.97,0.385,1,84.35,18,0.339,0,0,0
2773.77,4,104.26,441.73,19.38,0.067,1,231.89,3,0.533,0,0,0
10128.16,4,213.76,1650.66,59.81,0.294,0,160.32,23,0.617,0,0,1
9313.84,3,157.07,2171.64,22.55,0.157,1,218.95,10,0.267,0,0,1
264.34,5,461.45,147.92,152.65,0.38,2,117.41,7,0.212,0,1,0
3219.79,5,449.42,262.24,67.45,0.416,1,243.69,1,0.276,0,0,0
1513.19,9,422.26,1233.52,28.06,0.067,1,134.41,9,0.616,0,1,0
2111.5,6,201.59,224.88,9.53,0.32,0,157.14,9,0.386,0,0,0
1214.05,4,235.49,245.92,40.66,0.149,0,234.59,10,0.346,0,0,0
2033.65,7,173.02,903.19,45.28,0.255,3,206.56,12,0.167,0,0,0
2103.6,5,106.06,572.04,173.22,0.105,0,178.05,12,0.099,0,0,0
1013.38,6,350.01,972.85,68.08,0.307,2,125.88,21,0.285,0,0,0
737.77,2,161.79,60.28,14.63,0.226,1,307.15,0,0.377,0,0,0
1154.36,4,217.69,561.27,15.18,0.413,1,316.09,7,0.434,0,0,0
2285.32,7,205.71,893.86,43.39,0.5,1,373.4,4,0.274,0,1,1
3291.16,6,477.35,514.59,6.35,0.129,1,289.89,14,0.261,0,1,1
4244.37,2,256.07,109.4,59.45,0.17,0,151.64,7,0.253,0,0,1
1103.02,2,352.38,114.99,4.12,0.411,2,156.91,20,0.173,0,0,1
2401.49,5,207.6,709.38,42.59,0.113,2,228.09,8,0.398,0,1,1
4733.89,3,168.68,124.43,201.93,0.205,0,126.85,17,0.054,0,0,1
5799.89,9,298.28,289.65,103.16,0.29,0,91.56,12,0.375,0,1,1
1704.74,1,374.66,465.54,93.0,0.364,1,232.18,0,0.394,0,0,0
1449.64,3,187.88,719.78,69.3,0.459,0,229.65,9,0.154,0,0,0
2188.83,8,330.31,246.65,132.15,0.08,0,278.65,6,0.163,0,0,0
572.66,0,217.74,415.69,132.91,0.337,2,25.61,19,0.297,0,0,0
1489.79,6,47.23,366.87,8.85,0.267,1,163.6,23,0.378,0,0,0
3806.96,3,155.62,81.69,12.97,0.252,0,41.27,11,0.516,0,0,1
3435.6,9,246.52,1302.74,129.06,0.597,1,111.24,10,0.132,1,0,1
1379.85,5,279.08,1085.03,16.06,0.088,1,265.03,23,0.468,0,1,0
2247.82,9,323.9,1226.46,23.88,0.437,0,199.55,10,0.285,0,0,0
792.62,3,429.04,127.5,2.12,0.075,1,173.68,12,0.292,0,1,0
3653.69,4,250.18,583.1,114.76,0.179,0,110.75,9,0.348,0,0,1
1672.67,2,77.08,320.69,3.75,0.533,1,227.67,12,0.415,0,0,0
1372.03,3,275.83,342.78,37.72,0.639,0,121.37,0,0.279,0,0,0
1259.26,3,197.71,54.46,12.4,0.533,0,279.86,7,0.461,0,0,0
1697.83,2,123.29,2332.61,1.39,0.31,1,142.36,22,0.366,0,0,1
1155.31,6,256.36,2246.73,17.12,0.657,2,211.63,22,0.347,0,0,1
3491.7,2,332.94,419.83,54.54,0.579,0,241.57,23,0.454,0,1,1
1217.7,2,322.64,1541.68,4.67,0.448,0,20.0,12,0.068,0,0,0
8892.51,6,145.35,320.51,95.3,0.575,0,83.78,20,0.214,0,0,1
7826.03,2,393.15,655.73,58.85,0.553,1,214.98,16,0.465,1,1,1
741.34,8,318.32,1091.96,3.01,0.169,1,176.84,9,0.277,0,0,0
1938.57,5,446.22,592.3,25.86,0.155,0,216.57,2,0.652,0,1,0
943.26,2,499.06,143.12,82.7,0.105,2,325.28,13,0.419,0,1,0
1304.21,5,323.47,381.18,134.38,0.166,0,125.91,0,0.311,0,0,0
13392.2,6,393.83,1140.04,49.57,0.39,0,144.81,2,0.42,1,0,1
1329.33,5,312.55,1214.45,57.15,0.229,2,68.63,8,0.275,0,0,0
2592.11,7,64.76,329.89,104.66,0.442,1,203.47,7,0.392,0,0,0
3106.72,4,20.0,622.05,30.3,0.28,0,104.27,0,0.711,0,0,0
664.72,6,183.73,185.66,61.43,0.111,0,96.78,3,0.565,0,0,0
768.86,5,298.64,231.3,43.1,0.047,0,266.08,23,0.326,0,0,0
541.3,5,70.89,125.15,59.37,0.385,0,269.56,15,0.193,0,0,0
745.48,6,248.98,460.89,107.01,0.159,1,268.94,20,0.24,0,1,0
104.58,6,347.68,1018.04,78.0,0.285,1,67.12,10,0.26,0,1,0
3116.86,6,60.96,1690.8,6.82,0.551,0,327.64,21,0.351,0,0,0
14103.72,3,368.7,629.44,134.41,0.2,2,201.02,7,0.084,0,1,1
2096.07,5,281.62,844.52,2.56,0.138,1,102.95,19,0.531,0,0,0
438.66,5,248.83,248.29,70.67,0.61,0,159.92,0,0.443,0,0,0
950.72,5,98.37,180.58,16.8,0.117,1,32.84,22,0.669,0,1,0
1142.67,3,332.39,402.95,75.67,0.017,2,229.03,15,0.665,0,1,0
653.55,7,268.91,654.8,0.74,0.183,1,195.79,5,0.448,0,1,0
4273.48,2,20.0,27.31,12.46,0.417,3,182.48,7,0.183,0,0,1
4065.37,3,276.25,77.3,4.17,0.421,0,270.08,5,0.348,0,0,1
569.38,5,135.21,797.07,69.81,0.176,0,309.67,3,0.032,0,0,0
3733.42,5,165.96,177.82,10.79,0.166,1,211.77,17,0.096,0,0,1
8323.29,7,262.13,483.17,131.31,0.142,1,314.99,11,0.402,0,1,1
12119.34,6,304.47,2205.57,26.47,0.272,1,189.31,5,0.554,0,1,1
31736.16,6,377.67,1587.92,63.53,0.174,1,139.43,19,0.122,0,0,1
733.63,5,147.67,52.66,87.13,0.32,0,262.8,7,0.092,0,0,0
30461.55,3,254.06,48.4,153.04,0.355,2,137.5,7,0.101,0,0,1
1268.76,5,26.97,125.56,30.96,0.099,1,108.55,7,0.363,0,0,0
999.78,3,297.08,99.0,55.6,0.486,1,232.94,22,0.236,0,0,0
2507.58,5,202.4,234.23,22.65,0.186,1,166.06,14,0.414,0,0,1
1010.24,6,313.39,372.26,16.67,0.396,0,103.31,0,0.333,0,0,0
2694.71,5,227.77,69.27,58.05,0.281,3,185.85,22,0.354,0,1,1
482.95,4,185.45,493.72,25.89,0.301,0,125.76,17,0.099,0,0,0
1424.03,9,218.41,603.72,42.48,0.195,0,109.02,2,0.107,0,0,0
6539.28,3,20.0,866.81,11.07,0.195,0,209.52,12,0.535,0,0,1
1707.76,3,338.05,417.16,62.72,0.396,0,175.7,1,0.115,0,0,0
2083.07,6,346.67,280.66,174.32,0.313,1,165.94,16,0.329,0,0,0
2908.11,3,349.76,824.42,38.59,0.119,1,177.61,8,0.148,0,0,0
5829.35,5,237.13,1937.06,36.7,0.075,1,161.5,22,0.115,0,0,1
345.42,3,386.98,404.0,96.31,0.236,0,116.41,12,0.205,0,0,0
3243.88,4,165.01,277.87,8.22,0.43,1,86.14,21,0.572,0,0,0
1382.79,5,131.33,1011.88,25.0,0.13,0,342.47,20,0.448,0,0,0
2135.89,8,335.68,1678.24,9.54,0.289,0,283.49,2,0.452,1,1,1
5218.42,4,183.49,2571.14,39.53,0.186,1,95.83,14,0.478,0,0,1
547.75,4,447.44,198.92,47.9,0.534,0,83.58,4,0.196,0,0,0
656.78,2,391.22,288.51,122.64,0.615,0,183.42,12,0.373,0,1,0
261.01,6,255.1,1890.39,88.86,0.517,1,229.84,14,0.249,0,0,0
1044.03,4,106.8,251.76,51.99,0.42,0,170.03,19,0.145,0,0,0
6839.24,4,166.39,339.23,74.51,0.23,1,29.71,18,0.226,0,0,1
1602.65,8,227.4,816.12,49.53,0.509,1,220.75,8,0.441,1,0,0
473.37,7,567.65,671.72,42.3,0.364,1,116.14,16,0.041,0,1,0
1112.45,5,278.89,1682.02,2.45,0.41,2,98.12,17,0.303,0,1,0
408.36,10,334.86,757.09,1.23,0.303,2,209.64,9,0.444,0,1,0
586.88,4,149.9,536.92,95.59,0.39,0,288.1,5,0.089,0,0,0
2667.29,4,261.01,61.46,16.56,0.349,1,142.56,0,0.237,0,0,0
558.99,7,157.76,2951.95,21.61,0.231,0,143.63,23,0.455,0,0,0
5500.72,6,180.26,438.98,29.83,0.15,1,212.25,6,0.466,0,1,1
1683.92,3,35.51,679.99,2.17,0.101,2,141.88,16,0.254,0,0,0
1969.62,5,287.35,557.77,162.98,0.284,0,124.76,1,0.786,0,0,0
1368.71,4,336.48,1071.42,5.44,0.252,1,250.21,8,0.365,0,0,0
3916.09,4,72.36,831.79,172.41,0.274,0,267.89,3,0.63,0,1,0
3956.68,5,107.67,335.66,61.53,0.514,0,130.16,11,0.274,0,0,0
2527.67,7,75.51,587.25,143.29,0.423,3,149.73,20,0.776,0,1,1
3180.49,4,250.91,1399.13,2.68,0.156,2,223.12,12,0.746,0,1,1
1462.51,4,242.02,802.91,29.66,0.318,1,119.66,22,0.662,0,1,0
3109.46,6,352.97,2473.59,152.61,0.324,1,71.58,19,0.411,0,1,0
1289.64,3,111.27,1121.76,51.99,0.428,2,213.32,10,0.511,0,1,1
1812.08,6,205.23,531.17,39.57,0.182,3,218.13,3,0.475,0,1,0
1373.83,2,158.11,1316.1,55.67,0.17,1,66.46,0,0.555,0,0,0
1144.57,4,328.16,466.99,10.31,0.098,0,124.04,2,0.107,0,0,0
907.68,5,247.71,191.81,68.51,0.711,0,258.63,21,0.726,0,0,0
2886.18,2,182.04,794.77,16.13,0.366,0,95.3,10,0.588,1,0,0
6704.98,4,154.16,349.43,16.54,0.02,0,169.11,5,0.352,0,0,1
5831.92,5,293.46,20.14,45.49,0.171,0,403.44,23,0.064,0,0,1
514.62,8,381.79,192.71,1.07,0.319,2,116.74,22,0.184,0,1,0
6563.0,5,290.47,146.25,2.78,0.352,1,271.95,18,0.795,0,1,1
1315.33,3,208.66,1267.27,0.8,0.114,1,222.04,7,0.36,0,0,0
3296.88,6,83.42,1037.79,72.79,0.372,0,313.43,10,0.037,0,0,0
730.54,1,404.02,762.62,1.36,0.433,0,148.4,3,0.427,0,0,0
2083.87,2,249.44,2178.5,5.03,0.148,0,209.68,7,0.548,0,0,0
2474.33,7,337.57,156.92,46.65,0.303,2,159.07,5,0.137,0,1,1
409.69,5,338.24,142.53,32.21,0.213,0,140.09,0,0.604,0,0,0
3321.82,6,371.41,1918.25,22.79,0.199,0,192.65,3,0.202,0,0,1
6946.1,6,434.54,832.78,21.97,0.068,0,187.97,14,0.629,0,1,1
1518.31,6,20.0,652.43,98.14,0.206,0,221.4,4,0.219,0,0,0
7045.67,6,268.91,1077.33,4.05,0.081,0,58.66,22,0.258,0,0,1
1495.64,1,390.95,264.66,130.27,0.421,1,206.52,21,0.186,0,0,0
4228.42,1,255.27,722.87,13.44,0.154,1,166.29,5,0.385,0,0,1
196.65,9,282.53,445.35,33.44,0.2,1,195.83,14,0.395,0,1,0
20308.15,6,254.73,293.35,157.34,0.339,0,238.71,14,0.061,0,0,1
8066.37,6,227.87,1671.99,50.92,0.207,0,121.07,20,0.363,0,0,1
1360.18,1,115.58,140.11,14.47,0.286,0,214.56,22,0.316,0,0,0
251.62,7,186.2,14.44,201.88,0.056,0,246.84,23,0.342,0,1,0
2411.56,4,108.25,355.91,84.24,0.326,3,204.79,1,0.258,0,0,1
426.7,7,316.69,176.92,18.85,0.397,2,62.93,17,0.128,0,0,0
2821.02,6,309.5,1332.93,45.71,0.508,2,27.81,7,0.442,0,0,0
2728.66,7,243.0,108.32,40.62,0.541,0,276.59,2,0.132,0,1,1
705.28,8,20.0,2217.93,47.94,0.537,1,211.36,18,0.566,1,0,0
5546.75,2,206.93,146.69,6.53,0.426,2,102.71,12,0.458,0,0,1
4046.37,6,111.6,1760.44,51.85,0.196,1,133.78,4,0.423,0,0,1
4797.37,1,123.16,147.5,12.05,0.237,0,164.33,22,0.159,0,0,1
1824.13,5,278.27,39.3,19.23,0.273,2,296.35,5,0.214,0,1,0
438.99,2,357.03,535.31,39.42,0.051,0,235.78,13,0.097,0,0,0
4807.21,3,410.55,352.5,11.98,0.269,2,172.21,3,0.22,0,1,1
1379.71,3,289.55,728.72,111.37,0.418,0,230.38,20,0.553,0,0,1
450.44,2,422.65,818.92,27.03,0.614,1,338.8,0,0.297,0,0,0
6988.63,5,93.6,2179.1,9.04,0.46,1,94.91,13,0.441,0,0,1
14756.04,2,145.95,2441.3,3.14,0.023,0,290.14,13,0.851,0,0,1
1734.98,9,239.75,546.52,76.03,0.515,1,64.44,4,0.193,0,0,0
15664.01,6,327.78,187.23,88.1,0.283,2,169.67,13,0.289,0,1,1
1980.92,4,308.93,227.24,4.17,0.049,0,121.01,0,0.162,0,0,0
1235.89,3,340.4,84.02,39.11,0.253,0,238.34,9,0.238,0,0,0
962.51,5,270.84,262.66,52.96,0.571,1,305.73,6,0.472,0,1,0
9293.61,8,256.91,1938.78,119.45,0.636,1,252.37,8,0.381,1,0,1
828.7,11,446.81,362.8,2.47,0.358,0,30.08,6,0.364,0,1,0
3771.66,9,305.28,794.37,21.35,0.369,0,252.9,17,0.143,0,0,0
1033.63,6,267.64,3180.97,6.36,0.566,0,219.79,18,0.455,0,1,0
1141.04,4,257.88,90.3,27.99,0.396,4,225.03,1,0.218,0,1,1
5065.71,3,158.73,1194.67,23.27,0.126,0,55.7,17,0.671,0,0,1
1236.4,4,338.82,962.35,45.24,0.226,0,172.9,0,0.219,0,0,0
1206.17,3,115.32,1367.58,56.22,0.318,1,114.04,23,0.214,0,0,0
5612.8,7,33.92,118.03,166.95,0.217,1,271.05,7,0.445,0,0,1
8932.02,4,460.79,557.37,8.89,0.09,3,79.48,16,0.279,0,1,1
3445.04,5,426.8,799.74,80.28,0.183,3,138.45,9,0.163,0,0,1
939.39,2,303.6,1141.97,93.56,0.463,0,57.98,13,0.333,0,0,0
1085.06,5,292.91,997.59,41.63,0.584,2,293.59,21,0.336,0,1,0
1958.46,5,220.62,676.98,77.51,0.303,1,83.76,17,0.41,0,0,1
2492.22,3,196.83,506.65,21.51,0.184,0,23.13,1,0.073,0,0,0
673.26,6,30.85,2273.93,1.76,0.536,1,263.61,14,0.211,0,0,0
3725.8,4,122.09,160.5,8.17,0.406,1,228.83,19,0.367,0,1,0
1969.46,7,137.25,182.87,9.16,0.682,1,117.77,9,0.371,1,0,0
325.15,7,257.16,94.19,104.12,0.099,0,125.51,23,0.313,0,0,0
714.14,4,458.84,95.63,158.38,0.45,2,263.03,9,0.079,0,1,1
1092.11,4,65.61,1653.94,25.76,0.512,4,20.0,9,0.251,0,0,0
1681.0,4,323.02,746.19,53.4,0.157,1,76.52,17,0.33,0,0,1
11959.47,4,333.26,2187.82,18.07,0.32,0,214.18,6,0.618,0,1,1
2294.27,6,48.12,1743.34,29.49,0.179,0,130.19,15,0.1,0,0,0
779.95,5,76.13,285.93,48.47,0.216,0,216.87,4,0.395,0,0,0
2254.38,2,279.23,820.26,96.96,0.339,0,276.5,14,0.203,0,0,1
1271.45,4,285.59,381.7,27.82,0.039,1,264.12,20,0.135,0,0,0
2501.78,7,398.61,1671.12,60.03,0.437,1,225.3,18,0.207,0,1,1
3231.07,5,306.05,1060.16,14.3,0.352,0,118.97,16,0.145,0,0,1
6058.58,6,106.32,105.44,19.92,0.137,0,281.06,8,0.413,0,0,1
1764.66,6,251.04,233.66,12.39,0.386,1,124.3,15,0.544,0,1,0
9311.08,2,163.57,857.37,100.14,0.647,0,211.62,22,0.215,0,0,1
4482.89,5,20.0,226.03,6.31,0.118,1,262.72,8,0.154,0,0,1
891.19,5,336.62,610.92,73.48,0.163,0,239.86,3,0.191,0,0,0
16479.22,2,320.34,224.04,49.97,0.119,0,125.63,14,0.322,0,1,1
2507.38,9,230.35,917.89,52.49,0.499,1,122.96,17,0.459,1,0,1
784.37,3,453.16,62.38,104.75,0.167,0,219.61,8,0.561,0,1,0
9441.91,6,99.36,1021.88,37.84,0.304,0,83.52,0,0.375,0,0,1
14440.29,4,370.6,328.79,3.94,0.753,0,100.61,18,0.257,0,0,1
1749.31,8,160.93,483.41,133.77,0.121,0,172.5,4,0.366,0,0,0
1092.64,5,307.72,528.66,20.58,0.364,1,159.58,3,0.485,0,1,0
1521.76,0,365.44,172.91,1.51,0.407,2,128.3,21,0.16,0,0,0
3694.98,7,148.34,2280.05,38.09,0.749,3,20.0,3,0.111,0,0,1
6488.95,5,176.67,1.0,22.19,0.524,2,169.16,14,0.432,0,0,1
3198.66,4,294.75,373.13,121.39,0.146,0,290.19,6,0.605,0,0,1
2001.64,5,125.2,110.06,35.74,0.414,0,194.42,10,0.3,0,0,0
8086.99,7,325.24,356.94,2.74,0.27,2,252.59,17,0.406,0,0,1
1322.35,4,259.2,87.8,13.59,0.456,0,122.47,11,0.394,0,0,0
5069.1,8,292.21,380.76,12.63,0.176,1,162.97,23,0.279,0,0,1
1355.52,6,160.13,172.42,72.21,0.37,0,64.35,23,0.382,0,0,0
2782.27,8,153.92,645.56,3.41,0.019,2,360.57,2,0.703,0,1,0
1613.95,9,81.54,9.62,19.69,0.173,2,93.52,22,0.262,0,0,0
1709.83,11,282.67,564.33,55.55,0.131,0,317.02,5,0.176,0,0,0
1239.69,6,104.96,265.88,47.52,0.476,0,335.78,8,0.383,0,0,0
6938.59,9,211.28,310.25,52.15,0.348,0,151.8,15,0.371,0,0,1
868.77,5,342.22,350.41,40.98,0.542,1,189.08,4,0.517,0,1,0
862.44,7,474.02,846.1,9.66,0.294,0,202.59,20,0.497,0,1,0
15078.02,3,290.65,1134.3,56.09,0.441,2,286.74,4,0.215,0,0,1
4807.09,0,261.19,320.03,150.74,0.211,1,176.29,8,0.502,0,1,1
166.48,3,89.26,2072.13,2.1,0.166,0,261.76,16,0.077,0,0,0
1027.35,8,193.11,1097.08,22.46,0.596,1,72.51,22,0.284,0,0,0
295.31,7,198.13,413.79,17.24,0.064,1,181.24,21,0.392,0,0,0
698.76,1,297.65,82.34,8.02,0.386,1,37.38,7,0.368,0,0,0
78.37,1,210.52,657.4,15.35,0.512,0,133.95,16,0.488,0,0,0
1576.58,3,498.31,761.05,1.29,0.356,0,142.52,13,0.333,0,1,0
577.12,4,310.11,117.23,51.47,0.295,0,112.62,3,0.265,0,0,0
1919.66,3,338.18,1528.57,47.39,0.13,0,190.37,5,0.143,0,0,0
355.98,4,310.1,384.27,35.0,0.118,1,243.87,16,0.211,0,0,0
1964.34,5,130.82,132.25,18.85,0.527,1,163.69,0,0.371,0,0,1
1194.02,5,182.07,588.64,186.9,0.312,0,124.26,17,0.177,0,0,0
8118.92,3,191.89,438.6,48.27,0.208,1,213.97,18,0.448,0,0,1
7415.72,6,392.86,822.13,109.18,0.027,1,103.14,20,0.517,0,0,1
3965.33,7,370.47,151.55,18.27,0.093,0,232.83,6,0.093,0,1,0
1304.25,3,288.33,16.79,70.37,0.281,1,226.92,9,0.105,0,0,0
13165.83,3,277.85,517.72,0.3,0.443,0,279.59,15,0.28,0,0,1
382.59,3,330.9,136.82,56.48,0.338,4,50.7,18,0.681,0,0,0
444.27,5,70.27,136.11,68.95,0.098,0,168.23,9,0.166,0,0,1
1662.73,5,266.24,906.38,15.73,0.342,1,91.34,2,0.171,0,0,0
17223.64,8,70.52,239.56,313.8,0.382,1,20.0,2,0.194,0,0,1
1476.84,3,220.27,1466.01,34.48,0.434,0,155.29,11,0.33,0,0,0
1505.31,6,358.33,578.46,23.05,0.427,1,306.72,18,0.173,0,0,0
427.56,5,135.03,749.36,10.23,0.164,0,270.26,18,0.502,0,0,0
4656.08,5,408.34,309.6,8.45,0.363,2,173.02,20,0.427,0,0,1
4689.95,6,338.13,202.69,11.57,0.342,0,198.85,18,0.108,0,0,1
3980.15,9,255.86,138.5,38.41,0.634,0,229.67,10,0.132,0,0,1
963.7,3,248.79,982.29,38.45,0.399,0,143.47,2,0.339,0,0,0
891.85,4,132.88,934.7,37.8,0.304,1,139.06,15,0.279,0,0,0
496.15,3,111.69,542.89,98.13,0.343,0,224.24,22,0.315,0,0,0
1966.23,7,143.15,1216.08,0.08,0.225,0,344.72,5,0.599,0,0,0
613.75,1,181.21,1297.99,15.53,0.494,1,208.49,0,0.329,0,0,0
557.01,3,292.63,466.97,108.42,0.126,1,212.76,7,0.448,0,1,0
1183.59,3,137.59,842.5,5.26,0.235,2,95.5,13,0.484,0,1,0
1108.59,4,202.24,1945.29,10.83,0.022,1,146.88,4,0.338,0,0,0
1055.77,3,345.63,67.97,19.78,0.204,2,124.79,22,0.136,0,1,0
2882.59,7,85.77,9.76,83.74,0.171,1,185.72,12,0.149,0,0,0
1956.76,4,90.92,512.99,43.84,0.333,1,226.01,14,0.761,0,0,0
1355.39,13,226.76,322.46,40.56,0.161,0,196.3,22,0.445,0,0,0
2171.15,8,259.75,72.82,129.53,0.088,0,169.15,22,0.24,0,1,0
670.8,3,249.73,129.8,33.41,0.068,2,99.51,13,0.143,0,0,0
2008.77,7,396.96,238.18,146.88,0.449,1,71.2,21,0.249,1,1,0
2101.91,5,144.38,83.75,7.2,0.199,0,312.11,21,0.549,0,0,0
402.2,0,97.95,307.45,25.52,0.24,0,176.22,3,0.086,0,0,0
4893.65,5,20.0,113.99,86.38,0.474,0,154.79,23,0.371,0,0,0
748.87,7,216.84,784.01,8.15,0.145,1,187.4,5,0.116,0,0,0
1978.93,12,292.0,954.22,9.65,0.347,0,115.98,14,0.411,0,0,0
5793.04,7,297.99,1195.07,24.04,0.287,0,229.79,21,0.778,0,0,1
4562.73,0,227.33,1630.74,132.02,0.249,1,20.0,13,0.468,0,0,1
1871.2,10,204.48,2.48,10.04,0.273,0,62.17,5,0.056,0,0,0
1258.28,6,270.88,155.26,155.75,0.16,2,148.8,16,0.366,0,0,0
4663.46,3,275.03,1348.44,55.73,0.171,1,218.26,23,0.151,0,1,1
3549.97,3,130.92,24.77,31.86,0.499,0,192.36,5,0.401,0,0,0
974.22,5,320.95,875.95,0.89,0.158,2,316.73,16,0.526,0,1,0
816.56,5,322.39,159.5,37.19,0.212,1,250.5,4,0.321,0,1,0
227.61,4,60.78,564.87,26.86,0.218,2,279.98,12,0.233,0,0,0
2109.13,3,191.18,2622.61,78.23,0.117,0,136.7,1,0.117,0,0,0
1664.54,8,118.09,836.89,40.96,0.338,2,171.76,19,0.503,0,1,0
5631.84,6,229.68,367.37,182.01,0.088,1,141.58,17,0.219,0,0,1
2589.07,7,168.51,934.38,5.93,0.084,1,148.62,0,0.457,0,1,0
6865.26,9,270.87,4.46,123.23,0.46,2,195.81,14,0.189,1,1,1
900.22,5,111.92,2404.6,23.87,0.19,0,114.24,6,0.328,0,0,0
5642.88,6,297.08,337.82,35.4,0.52,1,239.99,20,0.267,0,0,1
1065.38,5,529.1,3134.28,95.94,0.29,1,171.25,21,0.479,0,0,0
3934.72,4,285.54,902.63,57.73,0.527,1,121.46,22,0.662,0,0,1
420.41,5,401.8,271.01,146.09,0.077,0,130.9,13,0.238,0,0,0
2287.32,4,225.29,764.16,208.88,0.566,2,165.13,17,0.273,0,0,0
248.47,9,124.56,382.75,51.3,0.291,2,219.03,22,0.762,0,1,0
1384.18,5,204.44,823.56,41.02,0.29,1,186.12,10,0.071,0,0,1
2808.35,7,314.51,1251.04,14.58,0.208,0,231.0,4,0.391,0,0,0
1073.88,5,244.98,509.1,16.11,0.074,1,207.23,5,0.409,0,0,0
632.43,4,206.8,200.94,14.63,0.243,1,249.7,11,0.287,0,1,0
4213.79,7,336.94,3189.96,76.81,0.255,1,260.06,7,0.772,0,0,1
1630.33,3,237.34,425.7,47.79,0.303,1,83.33,3,0.426,0,0,0
1108.13,4,55.1,155.24,66.55,0.406,1,90.3,16,0.111,0,0,0
1885.4,5,320.03,1075.24,84.71,0.333,0,266.41,8,0.576,0,1,0
25252.21,3,275.46,852.02,111.91,0.377,0,196.15,21,0.097,0,0,1
5730.18,5,383.25,1356.85,7.95,0.256,0,360.66,16,0.148,0,0,1
5782.4,4,294.93,1.34,104.0,0.242,2,168.27,20,0.344,0,0,1
2794.89,2,175.86,341.33,51.89,0.171,0,249.64,15,0.404,0,0,1
2135.56,4,286.48,302.12,125.05,0.012,0,173.32,18,0.171,0,0,0
164.67,6,233.6,2059.91,132.06,0.334,0,200.22,18,0.645,0,1,0
916.92,4,271.39,344.22,27.81,0.516,0,104.24,19,0.643,0,0,0
1118.14,5,375.1,599.32,62.62,0.162,0,147.2,2,0.156,0,0,0
277.3,9,200.97,2.83,87.42,0.72,1,209.09,15,0.274,1,0,0
568.26,3,214.7,1320.82,14.89,0.499,0,163.29,16,0.174,0,0,0
249.43,4,20.0,96.81,33.28,0.17,1,187.46,18,0.489,0,0,0
1740.06,7,449.59,1711.91,15.01,0.389,0,261.69,4,0.214,0,1,0
4100.1,3,248.4,1062.75,4.63,0.151,3,190.0,22,0.064,0,0,1
5468.58,2,175.73,650.25,59.86,0.371,0,106.15,23,0.184,0,0,1
2737.46,3,362.86,1106.12,42.46,0.349,2,106.78,17,0.1,0,0,1
689.94,5,403.27,1259.61,25.54,0.245,1,248.14,22,0.401,0,0,0
261.89,4,65.84,1114.63,11.95,0.529,0,127.49,6,0.484,0,0,0
312.04,4,179.48,865.16,10.5,0.246,0,198.19,7,0.386,0,0,0
508.27,7,282.1,1700.82,16.39,0.143,2,113.37,22,0.107,0,0,0
743.33,7,116.03,439.96,201.28,0.095,0,174.5,19,0.258,0,0,0
1541.1,5,179.57,668.08,164.27,0.453,0,157.33,15,0.054,0,0,0
655.79,5,96.13,2788.89,93.15,0.603,4,231.8,13,0.49,0,1,1
2537.6,1,253.65,372.49,3.54,0.332,2,224.46,13,0.2,0,0,0
1433.29,4,130.9,1111.98,89.15,0.356,0,102.87,1,0.147,0,0,0
1827.21,5,544.05,397.81,70.45,0.287,0,232.6,15,0.585,0,0,1
5654.75,6,455.39,508.16,139.53,0.357,0,252.75,23,0.416,0,0,1
555.44,7,117.52,327.14,31.45,0.301,0,264.14,10,0.076,0,0,0
2748.21,4,36.31,132.92,36.17,0.354,1,211.13,8,0.317,0,0,0
1782.95,5,72.5,2866.27,41.93,0.129,0,250.45,15,0.398,0,1,0
1295.32,4,191.39,474.36,39.48,0.286,3,217.04,16,0.398,0,0,1
4381.98,5,270.01,262.08,18.83,0.334,3,205.53,20,0.292,0,1,1
4354.71,3,89.09,831.41,8.8,0.373,0,20.0,12,0.23,0,0,0
701.7,2,214.33,94.06,62.2,0.326,3,126.54,16,0.175,0,0,0
1506.94,3,220.82,627.17,121.84,0.067,1,125.6,1,0.343,0,0,0
2395.18,9,103.19,682.87,54.89,0.412,0,112.66,20,0.238,0,0,0
1376.08,7,415.52,174.48,88.34,0.108,2,92.93,21,0.292,0,1,0
3245.49,5,287.31,2567.42,36.83,0.306,1,190.49,4,0.375,0,1,1
2395.13,6,304.14,722.46,35.17,0.09,0,138.12,20,0.43,0,0,0
11300.04,6,540.73,201.46,211.59,0.226,2,218.14,15,0.68,0,1,1
391.4,4,118.25,1433.92,260.56,0.35,0,99.88,7,0.649,1,0,0
1599.69,4,360.38,293.42,46.92,0.513,0,148.87,18,0.292,0,0,0
728.87,2,450.28,1047.2,23.17,0.249,0,207.91,18,0.49,0,0,0
3308.03,7,431.85,791.89,23.3,0.185,4,212.12,20,0.043,0,1,1
358.82,7,327.59,139.18,55.72,0.578,0,107.3,0,0.661,0,1,0
2556.29,4,38.8,79.39,12.7,0.39,1,28.66,12,0.028,0,0,0
962.9,4,290.39,748.2,196.17,0.174,2,95.31,3,0.218,0,1,0
867.69,5,181.31,882.82,62.41,0.59,0,319.03,4,0.385,0,0,0
425.6,6,276.79,112.38,8.78,0.192,0,107.13,19,0.58,0,0,0
1135.61,4,373.54,151.69,22.64,0.284,0,176.8,9,0.339,0,0,1
5348.12,5,291.03,41.11,12.66,0.508,1,265.88,13,0.265,0,0,1
1763.07,6,113.91,115.56,4.5,0.389,0,204.0,2,0.301,0,0,0
3386.93,5,83.24,709.53,51.76,0.583,0,309.21,2,0.304,0,0,1
9553.3,4,155.69,179.15,5.51,0.077,2,157.15,15,0.293,0,0,1
2353.73,9,238.03,272.49,25.22,0.181,2,255.92,12,0.113,0,1,1
1034.01,5,414.3,648.2,55.36,0.531,0,44.29,23,0.248,0,0,0
2884.92,8,281.84,427.75,8.79,0.304,1,98.62,13,0.365,0,0,0
1049.12,7,235.18,1492.62,107.77,0.065,1,170.71,20,0.375,0,0,0
1091.79,6,225.44,677.15,10.22,0.05,1,392.74,22,0.433,0,1,0
395.48,5,227.02,113.31,47.16,0.506,1,132.78,1,0.699,0,0,0
4565.38,12,351.42,388.02,128.71,0.347,2,332.7,7,0.229,0,0,1
1229.05,6,123.69,239.55,5.01,0.129,0,245.25,16,0.524,0,0,0
2169.17,3,386.84,239.79,5.54,0.147,1,175.92,14,0.416,0,1,0
641.65,4,339.26,237.07,6.72,0.281,0,177.53,20,0.387,0,0,0
2796.01,11,217.94,433.55,22.12,0.126,3,323.11,16,0.523,0,1,1
843.92,2,577.93,113.31,55.67,0.661,0,100.48,10,0.225,0,0,0
1569.15,4,373.23,232.7,38.68,0.414,1,256.96,14,0.645,0,1,0
4349.54,4,227.59,967.1,17.7,0.549,1,110.02,5,0.282,0,0,1
3986.86,7,342.01,1405.61,48.12,0.225,1,125.28,14,0.19,0,0,1
1768.65,6,213.22,11.08,29.57,0.112,0,247.07,3,0.196,0,1,0
308.55,4,160.37,69.72,21.74,0.216,1,145.87,8,0.102,0,0,0
36055.35,10,191.29,1545.08,24.1,0.267,2,188.49,19,0.373,1,1,1
10361.57,1,249.19,193.3,22.26,0.342,2,48.98,12,0.206,0,0,1
3724.45,3,47.22,299.38,35.85,0.204,1,161.33,4,0.273,0,1,0
851.33,6,81.38,328.89,23.92,0.414,0,193.25,12,0.152,0,0,0
1613.9,5,297.73,1607.19,19.25,0.272,0,307.76,12,0.505,0,1,0
1050.04,6,203.29,142.11,19.36,0.123,1,87.1,3,0.558,0,1,0
6398.74,6,487.34,1339.35,12.36,0.286,1,292.06,11,0.093,0,1,1
2350.78,2,330.4,504.43,11.77,0.235,2,144.98,17,0.309,0,0,1
825.37,8,302.73,1222.9,16.85,0.168,2,191.33,9,0.687,0,0,0
1129.18,8,307.46,931.94,179.24,0.083,2,116.9,7,0.046,0,1,0
5547.97,0,228.33,1053.71,11.42,0.156,0,78.62,17,0.293,0,0,1
8956.17,6,337.27,96.69,29.4,0.274,1,298.47,21,0.798,0,1,1
8335.94,2,243.69,295.44,119.59,0.579,1,165.41,22,0.151,0,0,1
3854.64,5,290.3,206.15,0.58,0.623,0,271.38,9,0.449,0,1,1
1404.41,4,222.66,107.67,46.43,0.313,1,118.8,10,0.332,0,1,0
70.7,5,392.52,815.62,102.08,0.184,0,336.95,5,0.203,0,0,0
2433.68,3,155.46,950.3,9.17,0.33,1,230.71,14,0.473,0,0,0
1804.74,3,20.0,122.04,83.76,0.517,0,72.19,6,0.24,0,0,0
2079.71,5,191.44,1170.57,51.94,0.263,3,243.6,3,0.184,0,1,1
1908.17,8,433.13,270.42,86.1,0.258,1,165.66,0,0.393,0,0,1
479.98,5,350.23,378.31,3.68,0.314,0,144.66,23,0.369,0,0,0
3157.1,1,391.93,3999.12,3.68,0.36,0,37.24,13,0.562,0,0,0
3402.33,2,266.39,170.54,7.71,0.412,1,92.91,9,0.115,0,0,1
3577.21,3,266.62,100.56,193.09,0.174,2,275.85,12,0.295,0,1,1
4659.1,4,176.3,250.14,105.76,0.286,0,159.6,23,0.341,0,0,1
3307.84,7,182.01,2148.31,42.47,0.283,0,183.48,14,0.419,0,0,0
1199.87,4,253.73,102.31,37.59,0.133,0,27.5,17,0.448,0,0,0
1684.4,4,252.59,765.57,14.72,0.201,1,205.45,3,0.269,0,0,0
1980.54,6,238.09,1260.35,11.91,0.364,0,111.06,17,0.653,0,0,0
2013.64,7,286.1,2044.65,13.36,0.105,0,333.31,10,0.675,0,1,1
4906.02,6,198.65,520.12,65.48,0.131,0,253.82,9,0.23,0,0,1
3441.52,6,298.21,489.53,50.26,0.399,1,152.07,20,0.127,0,0,0
14434.02,8,407.46,1406.39,34.84,0.108,4,263.83,12,0.061,0,1,1
16423.51,3,492.7,174.36,89.66,0.175,1,194.17,21,0.369,0,0,1
1957.94,7,165.93,496.15,3.06,0.413,0,109.92,13,0.215,0,0,0
50.0,5,396.4,812.3,1.84,0.119,1,140.05,7,0.584,0,1,0
6228.14,4,345.16,963.43,85.94,0.399,1,229.55,5,0.246,0,0,1
1053.24,4,395.99,94.89,26.92,0.275,1,122.5,2,0.18,1,1,0
811.2,1,491.32,1614.9,54.76,0.396,2,165.76,22,0.249,0,0,0
1213.85,4,432.57,1364.09,25.89,0.253,0,23.31,23,0.487,0,0,0
1156.74,6,102.54,305.07,28.86,0.324,1,148.32,11,0.214,0,0,0
3335.14,9,259.96,517.59,1.14,0.304,0,92.05,21,0.554,0,0,0
380.15,5,154.84,387.66,37.8,0.308,0,310.02,6,0.057,0,0,0
615.4,2,280.79,3174.82,1.8,0.527,1,108.74,19,0.217,0,0,0
2548.24,4,498.6,701.64,21.65,0.043,3,224.38,19,0.313,0,1,1
3370.93,5,335.75,252.28,7.35,0.139,1,134.66,8,0.454,0,1,1
3434.21,7,264.1,1096.17,12.28,0.207,0,288.7,7,0.449,1,0,1
823.01,3,161.04,1379.17,119.03,0.242,2,60.88,17,0.212,0,0,0
679.76,2,212.91,1036.08,174.24,0.348,0,172.07,0,0.469,0,0,0
1089.38,6,385.92,69.77,1.68,0.492,2,113.46,8,0.321,0,0,0
2298.18,4,153.67,271.44,122.68,0.245,0,260.32,13,0.112,0,0,0
7986.26,6,434.21,360.08,95.26,0.314,0,161.83,18,0.715,0,1,1
233.36,7,349.47,195.57,36.31,0.315,1,249.0,22,0.449,0,0,0
1449.93,5,111.9,525.22,33.05,0.381,0,20.0,15,0.327,0,0,0
476.91,8,427.01,307.94,24.47,0.027,1,97.39,8,0.158,0,0,0
346.46,1,91.53,29.71,52.98,0.116,0,301.58,16,0.529,0,0,0
4755.02,2,56.88,844.56,10.07,0.092,1,313.37,15,0.167,0,0,0
3116.99,6,327.86,458.11,3.86,0.357,0,82.57,5,0.361,0,0,0
2833.97,2,365.75,22.81,195.13,0.404,0,201.83,6,0.149,0,0,0
4541.56,5,214.09,2161.24,86.08,0.307,2,213.01,14,0.118,0,0,1
1119.1,7,159.1,842.23,23.91,0.559,0,40.65,21,0.622,1,0,0
1173.05,5,226.76,61.46,3.39,0.335,0,86.01,14,0.343,0,0,0
16086.42,2,288.06,1761.44,157.63,0.109,0,62.49,23,0.041,0,0,1
1412.94,7,264.27,436.97,2.64,0.192,1,218.4,4,0.358,0,0,1
3771.14,4,165.47,219.13,0.13,0.339,1,261.53,6,0.538,0,0,1
1819.62,6,101.77,37.68,17.03,0.177,1,144.16,10,0.46,0,0,0
284.79,4,206.11,1092.64,68.37,0.256,0,305.17,22,0.204,0,0,0
234.01,8,130.81,2787.34,93.27,0.184,2,142.42,13,0.423,0,0,0
1013.35,4,303.22,163.96,43.96,0.425,2,228.36,22,0.349,0,1,0
5198.37,6,388.2,431.54,30.83,0.037,1,211.37,18,0.216,0,0,1
3977.03,2,180.32,216.93,0.75,0.233,0,131.04,23,0.429,0,0,0
4510.11,8,361.36,679.78,21.39,0.067,2,174.58,7,0.206,0,0,1
673.81,5,441.58,1640.2,4.38,0.117,2,45.8,13,0.431,0,0,0
9098.57,5,165.11,112.05,12.38,0.375,1,235.7,14,0.113,0,0,1
688.91,5,292.36,283.3,3.55,0.137,1,85.01,17,0.382,0,0,0
2236.85,3,252.39,143.93,113.51,0.535,1,355.7,23,0.352,0,0,0
1789.42,5,114.61,207.72,61.54,0.349,1,335.2,21,0.222,0,0,0
1519.48,7,250.11,111.35,30.29,0.141,1,20.34,4,0.215,0,0,0
6895.28,4,196.65,805.48,133.72,0.318,0,126.47,3,0.208,0,0,1
893.27,3,184.54,35.58,11.69,0.148,0,225.8,15,0.223,0,0,0
468.9,8,220.47,1044.46,153.53,0.152,1,152.34,14,0.381,0,0,0
1844.56,2,187.74,122.64,3.86,0.217,1,157.16,20,0.14,0,1,0
1212.18,4,408.85,248.14,80.4,0.463,1,213.17,16,0.465,0,0,0
52964.81,7,20.0,338.84,19.93,0.463,0,180.88,17,0.233,0,0,1
3556.41,6,138.91,383.79,7.08,0.108,1,286.44,4,0.25,0,0,0
1200.7,6,240.29,151.89,54.18,0.251,0,137.14,3,0.445,0,0,0
628.85,4,149.09,536.82,50.45,0.347,1,252.72,6,0.351,0,0,0
275.81,3,332.19,1801.25,136.05,0.081,1,70.94,11,0.05,0,0,0
648.58,4,283.71,491.06,16.16,0.186,0,159.29,17,0.41,0,1,0
2028.28,5,233.15,22.6,72.65,0.307,1,168.04,21,0.197,0,0,0
7535.11,2,260.56,361.29,127.26,0.096,1,212.48,17,0.578,0,1,1
5550.75,5,243.61,412.86,30.47,0.325,1,304.94,12,0.762,0,1,1
2273.54,9,125.1,266.53,26.98,0.218,0,80.61,18,0.265,0,0,0
1308.76,6,325.65,280.75,22.99,0.199,0,20.0,18,0.061,0,0,0
2365.66,2,106.68,177.44,206.12,0.32,2,117.38,14,0.205,0,0,0
1076.38,5,261.78,2511.25,46.86,0.417,0,189.18,7,0.44,0,1,0
10080.56,1,277.66,603.07,127.79,0.334,1,160.9,23,0.121,0,0,1
1496.39,6,196.19,615.61,29.84,0.477,1,81.78,17,0.452,0,1,0
1658.49,6,183.8,443.55,106.93,0.106,2,256.0,6,0.409,0,0,0
197.19,4,184.56,767.61,31.04,0.371,0,205.69,12,0.305,0,0,0
1487.07,8,51.49,440.3,8.58,0.167,1,62.63,9,0.165,0,0,0
4173.39,6,466.59,934.28,45.7,0.645,1,262.74,2,0.234,0,0,1
621.59,6,334.07,73.88,101.79,0.389,1,209.27,11,0.366,0,0,0
853.44,5,271.91,24.1,1.74,0.437,0,90.06,5,0.554,1,0,0
3994.65,4,165.88,661.21,16.68,0.406,1,141.19,18,0.409,0,0,1
412.96,4,236.73,1059.7,146.2,0.172,0,162.48,20,0.307,0,0,0
5207.22,4,194.53,884.54,15.75,0.258,2,134.85,1,0.387,0,1,1
1061.94,7,447.08,406.85,25.41,0.167,0,221.01,18,0.469,0,0,0
1225.9,2,25.95,2.58,19.86,0.223,1,155.61,20,0.092,0,0,0
587.64,7,78.05,103.0,15.09,0.192,2,213.42,19,0.186,0,0,0
2638.71,8,56.53,398.1,24.88,0.329,4,266.08,17,0.374,0,0,0
21160.09,4,342.51,873.36,95.45,0.68,2,131.58,6,0.285,0,1,1
3950.1,2,165.33,299.23,20.02,0.426,2,311.15,23,0.617,0,1,1
761.82,10,310.39,606.75,60.75,0.333,0,165.64,19,0.389,0,0,0
5628.63,5,246.23,154.41,14.11,0.112,1,282.26,18,0.408,0,1,1
1317.27,3,368.93,148.64,9.98,0.055,1,232.74,8,0.308,0,1,1
7147.26,3,358.55,1086.24,82.27,0.239,0,257.04,17,0.696,0,0,1
4050.83,5,270.97,461.57,6.84,0.113,0,129.45,18,0.42,0,0,1
95.28,2,358.64,2381.31,74.23,0.172,0,124.56,18,0.254,0,0,0
662.43,4,115.65,189.9,50.59,0.224,0,184.41,13,0.343,0,0,0
4648.9,2,20.0,475.02,38.42,0.154,1,131.95,11,0.173,0,0,0
2104.13,4,299.84,166.89,30.86,0.2,0,259.48,5,0.19,0,0,0
649.53,4,242.79,236.52,38.33,0.143,0,165.44,22,0.168,0,0,0
959.5,6,154.82,817.45,6.69,0.138,1,248.52,21,0.106,0,0,0
268.75,6,221.75,1923.08,14.15,0.227,2,216.14,7,0.53,0,0,0
1655.12,5,34.47,109.96,0.96,0.052,2,103.32,4,0.509,0,1,0
16492.97,3,165.92,111.03,60.03,0.174,1,363.4,16,0.581,0,1,1
4043.77,14,416.5,2437.02,79.9,0.244,1,206.37,9,0.278,0,0,1
16161.98,6,348.83,1066.28,58.49,0.242,0,205.28,16,0.624,0,0,1
4369.47,6,355.02,300.13,61.67,0.079,3,203.67,12,0.193,0,0,1
5051.7,4,208.57,417.96,99.57,0.117,0,138.82,19,0.121,0,0,1
13017.87,6,323.78,1244.33,60.55,0.444,1,254.32,2,0.295,0,0,1
2636.65,6,427.66,960.04,21.58,0.039,0,213.91,0,0.314,0,0,1
1499.33,6,369.84,752.29,13.68,0.252,2,206.96,18,0.228,0,1,0
5077.92,11,340.65,1600.31,26.42,0.256,1,166.63,0,0.418,1,1,1
7737.55,4,20.0,299.65,31.11,0.369,2,156.47,20,0.293,0,0,1
1118.83,6,326.55,189.85,15.92,0.111,1,214.14,17,0.257,0,0,0
878.69,3,219.97,421.81,17.39,0.597,0,157.28,20,0.338,0,0,0
2077.37,1,131.77,6.0,61.86,0.399,1,277.08,20,0.347,0,0,1
4152.64,11,326.88,566.26,11.62,0.392,0,279.7,7,0.71,1,1,1
4016.2,6,258.6,363.6,72.93,0.122,0,268.65,0,0.207,0,0,1
435.21,4,305.55,113.19,14.87,0.499,3,161.66,22,0.199,0,1,0
12229.5,2,175.39,1666.67,26.08,0.25,0,142.16,2,0.267,0,0,1
952.26,5,82.33,172.95,16.12,0.442,1,181.61,19,0.28,0,0,0
1387.05,6,486.5,979.24,86.19,0.136,1,320.49,7,0.477,0,1,0
733.15,7,114.96,978.59,25.06,0.321,1,30.02,22,0.248,0,0,0
26858.26,10,180.59,34.82,192.06,0.115,1,180.15,4,0.335,0,0,1
2303.24,3,355.76,446.39,45.91,0.124,0,102.18,22,0.093,0,0,1
772.03,6,416.84,517.58,0.84,0.705,3,275.46,11,0.076,0,1,1
4289.49,5,277.12,1360.9,84.41,0.393,2,323.17,9,0.456,0,1,1
3901.58,5,358.69,783.48,58.44,0.629,2,207.05,16,0.649,1,0,1
1498.58,4,311.65,52.33,14.79,0.152,0,63.43,5,0.03,0,0,0
4190.63,7,138.66,476.48,15.63,0.325,0,233.38,2,0.119,0,0,1
792.12,8,112.87,286.32,33.89,0.266,1,20.0,15,0.19,0,1,0
1104.43,5,370.58,149.98,54.89,0.446,2,249.33,23,0.486,0,0,0
242.2,4,325.99,258.42,114.98,0.184,0,176.85,11,0.08,0,1,0
481.09,3,581.56,1467.18,9.09,0.33,2,330.71,3,0.346,0,1,0
11021.8,3,150.89,774.06,9.16,0.205,0,31.3,14,0.298,0,0,1
9334.09,3,252.82,457.34,59.73,0.182,0,128.07,2,0.663,0,0,1
1930.99,7,263.22,1019.77,19.13,0.264,0,64.53,22,0.126,0,0,0
9536.97,2,82.57,2759.2,12.88,0.472,1,114.67,16,0.195,0,0,1
1540.6,6,185.23,2095.65,58.15,0.39,2,210.93,5,0.152,0,0,1
1417.41,3,310.69,81.5,3.12,0.637,1,25.57,14,0.316,0,1,0
1913.16,9,309.42,323.11,37.9,0.16,2,66.12,23,0.053,0,0,0
1595.72,8,173.23,300.49,51.17,0.057,0,206.23,18,0.297,0,0,0
1457.97,4,231.66,645.68,24.28,0.586,0,218.52,15,0.066,0,0,0
5672.57,5,484.63,75.81,6.72,0.428,0,208.83,17,0.33,0,0,1
2100.93,4,245.3,2037.95,20.97,0.235,1,259.03,13,0.287,0,0,0
3686.68,3,172.62,1220.55,28.21,0.108,1,204.32,3,0.182,0,0,1
5071.44,3,500.26,104.79,8.78,0.158,0,298.04,17,0.582,0,1,1
2665.6,4,288.79,234.71,33.51,0.217,0,335.84,16,0.175,0,0,1
685.21,11,147.33,123.51,20.69,0.694,1,20.0,5,0.542,0,0,0
467.38,6,375.93,519.54,115.14,0.125,0,211.78,12,0.617,0,1,0
2098.09,3,124.28,1766.71,3.32,0.392,0,228.88,11,0.35,0,1,0
1523.47,11,142.35,827.67,55.43,0.494,2,186.28,14,0.15,0,0,1
1973.16,6,188.15,744.16,63.99,0.25,0,174.78,5,0.268,0,1,0
1779.25,5,144.6,61.93,46.95,0.481,0,264.7,14,0.301,0,0,0
23946.41,4,156.89,1894.08,36.89,0.548,0,156.18,15,0.268,1,0,1
478.08,5,117.3,263.64,6.12,0.304,1,83.55,16,0.541,0,1,0
247.16,1,262.25,1843.14,46.85,0.333,1,122.54,18,0.426,0,0,0
2520.91,7,101.05,484.15,41.81,0.522,2,210.7,7,0.381,0,0,0
1240.88,2,87.98,601.94,121.99,0.607,0,260.64,4,0.344,0,0,0
2480.13,8,305.05,743.09,102.86,0.174,1,138.98,9,0.228,0,0,0
3241.8,4,223.16,272.31,1.04,0.353,0,80.37,13,0.189,0,0,1
6529.62,9,250.21,1444.15,208.65,0.493,0,20.0,1,0.169,0,0,1
400.52,3,218.91,2542.75,41.67,0.348,0,297.69,14,0.312,0,0,0
1036.17,3,516.15,266.7,123.84,0.183,0,89.04,6,0.303,0,0,0
2775.99,3,252.29,1.0,8.08,0.097,1,160.49,14,0.385,0,1,1
3906.76,4,228.1,596.59,59.6,0.288,1,170.58,17,0.38,0,0,1
16211.07,3,295.11,718.86,30.66,0.138,0,177.6,1,0.13,0,0,1
4701.82,6,288.78,52.48,7.2,0.16,0,327.21,15,0.197,0,0,1
1708.23,7,365.74,893.98,1.15,0.178,0,243.84,2,0.188,0,0,1
742.16,5,270.7,276.32,12.19,0.128,2,253.24,17,0.224,0,1,0
1028.35,5,300.5,2548.87,0.84,0.224,1,127.0,2,0.13,0,0,0
999.54,6,342.21,1216.46,45.54,0.33,1,196.04,9,0.556,0,1,0
3481.55,4,379.74,60.28,18.19,0.239,1,135.45,9,0.514,0,1,1
2337.87,2,195.71,2469.73,153.59,0.038,2,45.79,14,0.163,0,0,0
481.23,4,72.25,206.22,50.06,0.521,3,235.01,2,0.196,0,0,0
1169.23,8,50.96,1280.89,72.14,0.402,2,101.72,15,0.144,0,1,0
4348.33,5,311.01,824.64,28.44,0.077,1,31.97,2,0.222,0,0,1
2570.0,8,275.39,614.81,15.54,0.257,1,176.96,2,0.411,0,1,1
3192.77,4,91.23,2158.44,72.91,0.326,2,216.11,20,0.174,0,0,1
2651.61,5,250.01,744.87,31.53,0.132,2,313.88,18,0.63,0,0,1
9195.14,4,197.81,1565.63,385.88,0.178,3,221.49,13,0.363,0,1,1
2289.4,8,155.64,1406.81,44.89,0.303,1,342.9,1,0.077,0,0,1
1229.03,2,29.23,892.22,93.27,0.132,0,287.81,4,0.145,0,0,0
723.6,3,203.8,539.25,16.98,0.269,0,225.71,0,0.137,0,0,0
2320.67,3,293.36,82.65,27.83,0.341,1,214.83,2,0.444,0,0,1
157.48,5,465.45,133.78,13.76,0.159,1,80.51,8,0.774,0,1,0
1503.74,4,87.63,608.81,74.68,0.441,2,132.13,20,0.36,0,1,0
1471.68,5,197.16,323.02,70.79,0.327,1,332.0,15,0.742,0,1,0
461.98,9,444.64,186.4,44.91,0.338,1,278.59,17,0.155,0,0,0
714.61,6,367.85,2731.1,65.67,0.337,1,88.11,5,0.25,0,0,0
4062.92,3,347.45,1564.99,22.36,0.365,0,188.49,21,0.266,0,0,1
2277.22,4,250.1,450.09,105.22,0.224,1,212.17,1,0.26,0,0,1
2001.77,5,348.73,1638.91,127.75,0.255,0,59.1,18,0.56,0,1,0
2456.14,5,153.06,49.04,54.53,0.333,0,264.61,0,0.04,0,0,0
1983.52,9,134.83,83.6,23.34,0.441,1,203.57,7,0.424,0,0,0
6265.81,8,58.95,2365.8,92.19,0.258,0,161.56,7,0.3,0,0,1
2045.56,7,243.2,933.85,197.12,0.188,1,192.4,19,0.177,0,0,0
420.64,5,328.08,1156.19,43.26,0.184,0,149.04,19,0.166,0,0,0
9229.22,3,295.59,1431.28,53.92,0.199,1,314.54,11,0.396,0,0,1
2618.46,3,456.05,43.75,95.07,0.093,1,238.7,14,0.372,0,0,0
1003.0,9,159.06,1012.16,55.84,0.552,0,209.88,11,0.714,0,1,0
516.25,7,381.41,353.04,10.96,0.192,0,216.52,3,0.299,0,0,0
2686.28,7,266.18,1363.0,27.5,0.078,0,20.0,18,0.198,0,0,0
1608.13,5,374.65,392.41,47.34,0.156,0,132.8,1,0.138,0,0,0
8726.74,5,244.39,1167.49,31.16,0.133,0,156.15,15,0.427,0,0,1
1279.33,6,247.68,1852.46,56.96,0.146,0,20.0,0,0.17,0,0,0
782.6,5,280.99,331.55,16.53,0.269,1,253.41,5,0.232,0,1,0
4428.41,3,253.35,506.94,8.64,0.22,1,237.32,21,0.281,0,1,1
4560.93,4,423.12,616.76,1.44,0.265,2,63.74,6,0.267,0,0,1
2140.19,4,20.0,931.4,1.99,0.44,0,46.83,1,0.551,0,0,0
3555.88,5,171.01,1486.86,22.06,0.161,2,159.59,21,0.453,0,0,0
1741.17,6,175.0,188.97,1.1,0.354,0,57.38,21,0.19,0,1,1
2284.41,1,363.8,2329.69,15.85,0.135,1,164.23,23,0.254,0,0,0
5796.39,5,191.71,1231.86,36.02,0.526,1,153.65,20,0.411,0,0,1
3378.94,7,244.38,120.23,68.16,0.135,1,147.52,18,0.45,0,1,0
1526.49,4,206.24,327.39,44.45,0.334,3,123.9,3,0.3,0,0,1
6990.89,8,332.63,231.6,38.24,0.09,0,165.51,19,0.56,0,1,1
169.89,4,234.94,138.55,13.86,0.31,0,233.71,14,0.32,0,1,0
14073.84,7,353.23,827.91,0.79,0.275,0,54.78,20,0.641,0,0,1
328.34,1,368.24,54.45,6.95,0.083,1,100.9,19,0.195,0,0,0
965.75,4,484.4,730.58,200.38,0.168,0,148.85,8,0.061,0,0,0
1735.55,5,354.12,1406.87,131.39,0.421,1,223.25,11,0.307,0,0,0
1561.68,5,307.9,359.4,18.64,0.449,1,120.61,13,0.068,0,0,0
4946.38,6,468.81,538.16,19.36,0.351,1,342.91,5,0.61,0,0,1
627.76,5,386.25,124.52,110.97,0.283,0,206.45,0,0.655,0,0,0
2346.7,2,260.95,1019.54,4.09,0.337,1,206.53,4,0.113,0,0,1
1014.13,5,214.12,1915.29,9.4,0.217,1,264.93,15,0.138,0,0,0
2428.77,6,395.98,1055.69,6.27,0.251,0,192.93,19,0.332,0,0,0
1694.64,6,203.83,104.99,102.37,0.347,0,241.55,14,0.257,0,0,0
1984.13,4,300.34,339.06,0.33,0.356,1,59.55,10,0.21,0,0,0
1043.23,3,62.55,152.15,0.73,0.529,2,170.03,12,0.294,0,0,0
1085.65,4,228.44,712.18,84.06,0.036,1,215.98,7,0.168,0,1,0
2409.74,6,422.76,1025.56,50.65,0.125,1,201.94,15,0.314,0,1,0
4645.78,3,125.33,2961.21,41.41,0.146,1,258.33,8,0.722,0,0,1
993.98,5,342.13,559.2,128.11,0.236,1,356.49,7,0.23,0,0,0
758.42,2,20.0,811.29,33.02,0.298,2,316.58,16,0.159,0,0,0
3339.11,7,401.86,90.15,31.45,0.505,1,208.12,8,0.083,0,1,1
1750.22,4,154.93,134.97,27.3,0.483,0,235.07,15,0.569,0,0,0
4148.48,6,208.88,210.85,52.81,0.12,2,55.98,3,0.568,0,1,1
730.85,7,419.55,44.69,19.52,0.383,3,109.76,19,0.214,0,1,0
305.08,2,204.8,419.64,55.19,0.1,0,194.69,4,0.372,0,0,0
1061.03,2,362.33,2415.86,60.81,0.382,1,218.0,14,0.398,0,0,0
840.21,6,334.49,846.56,11.88,0.449,0,143.8,22,0.238,0,0,0
1671.06,4,397.78,458.21,45.19,0.46,0,215.02,16,0.494,0,0,1
956.38,6,368.01,544.78,64.88,0.349,2,200.52,2,0.058,0,1,1
3793.4,1,236.64,126.85,162.49,0.245,0,204.32,18,0.423,0,0,1
1355.4,2,391.46,81.4,139.77,0.359,0,159.62,6,0.146,0,0,0
2101.64,7,280.04,239.84,11.47,0.553,0,360.97,6,0.38,0,0,1
2116.74,5,278.78,292.8,43.05,0.142,1,163.55,22,0.216,0,0,0
2197.24,6,456.19,104.86,31.68,0.294,0,247.21,16,0.208,0,1,0
1764.94,7,291.19,940.58,21.48,0.181,1,187.64,23,0.132,0,1,0
3012.73,6,234.15,2052.99,20.94,0.638,2,285.71,15,0.207,0,0,1
815.94,4,450.43,153.3,176.92,0.4,0,211.31,21,0.336,0,1,0
7327.71,7,255.15,1456.77,1.86,0.109,0,273.24,13,0.417,0,0,1
1427.19,3,119.32,283.43,95.71,0.264,2,176.56,13,0.114,0,0,1
487.09,4,62.8,746.95,30.21,0.374,1,183.54,12,0.044,0,0,0
2182.17,7,235.77,74.31,41.81,0.368,0,105.16,7,0.375,0,0,0
771.87,3,192.57,218.81,67.21,0.114,2,255.11,2,0.62,0,1,0
3516.9,5,374.7,137.66,30.47,0.235,2,105.71,8,0.61,0,0,1
16475.1,4,184.16,140.7,218.39,0.151,1,60.36,2,0.423,0,0,1
823.39,4,95.8,2168.03,101.11,0.134,0,202.71,19,0.09,0,0,0
2520.9,6,250.74,361.85,12.0,0.167,0,138.54,17,0.522,0,0,0
312.47,7,58.39,174.61,55.5,0.414,0,176.06,17,0.086,0,0,0
2846.67,11,256.54,150.31,32.25,0.355,1,195.93,1,0.248,0,1,1
745.67,5,253.86,894.06,22.4,0.204,2,185.48,12,0.151,0,0,0
967.94,8,208.2,1014.06,21.67,0.333,0,150.04,19,0.069,0,0,0
601.07,8,96.79,3119.97,8.88,0.228,0,103.88,8,0.22,0,0,0
3759.91,4,168.09,786.97,30.59,0.259,0,267.09,22,0.493,0,0,0
4950.8,2,228.44,491.18,45.28,0.204,1,180.91,0,0.394,0,0,1
1850.82,5,97.38,203.03,80.06,0.212,0,265.89,18,0.454,0,0,0
761.72,5,294.21,32.1,17.04,0.076,1,164.48,9,0.202,0,1,0
8861.96,3,313.31,1701.47,74.32,0.161,4,138.27,9,0.246,0,1,1
853.71,9,260.41,1244.17,40.35,0.441,4,20.0,18,0.33,0,1,0
208.09,2,157.35,1272.36,14.92,0.267,1,83.17,19,0.091,0,0,0
2859.46,9,220.3,310.95,77.32,0.417,1,160.87,18,0.548,0,0,0
598.98,5,428.09,354.02,46.18,0.42,0,264.41,16,0.116,0,0,0
4859.1,2,319.76,1224.67,154.93,0.265,1,134.71,11,0.316,0,0,1
1235.04,12,230.43,930.69,17.01,0.553,0,48.0,15,0.209,0,0,0
3306.72,7,333.07,838.96,180.84,0.126,2,126.29,11,0.069,0,1,0
7342.98,3,20.0,647.2,40.55,0.203,0,163.67,19,0.544,0,0,1
539.77,4,551.79,367.55,30.33,0.396,5,178.24,19,0.274,0,1,0
1026.66,0,104.32,1081.55,103.95,0.624,1,201.8,19,0.224,0,0,0
1676.27,2,282.85,358.17,8.59,0.192,1,168.59,8,0.103,0,0,1
8413.15,7,140.72,1061.52,30.99,0.259,1,67.75,20,0.036,0,0,1
936.0,3,119.27,169.0,6.7,0.38,0,20.0,15,0.654,1,0,0
997.74,6,374.7,714.17,47.49,0.408,0,242.97,19,0.358,0,1,1
2916.5,5,234.99,353.69,2.17,0.267,0,283.78,0,0.272,0,1,0
1015.13,4,270.08,1410.9,196.06,0.399,0,100.47,15,0.338,0,0,0
2105.96,3,286.82,585.0,0.41,0.468,0,83.05,14,0.311,0,0,1
383.16,5,321.95,782.56,134.54,0.06,0,268.56,19,0.289,0,1,0
16553.12,3,312.91,69.54,51.67,0.108,0,91.97,10,0.587,0,0,1
469.79,6,354.54,546.94,86.51,0.155,1,193.02,0,0.252,0,0,0
1310.61,3,28.56,1213.97,22.17,0.284,0,148.01,2,0.445,0,0,0
1750.26,2,155.89,1572.82,13.99,0.391,0,20.0,13,0.374,0,0,0
12242.74,1,141.3,1021.72,9.51,0.112,0,138.72,14,0.075,0,0,1
480.66,4,376.06,433.82,37.88,0.576,1,138.8,8,0.428,0,0,0
13143.78,3,340.82,238.16,15.5,0.589,1,114.84,17,0.334,0,0,1
3855.19,4,329.05,394.32,106.06,0.591,4,231.24,6,0.307,0,1,1
2743.79,3,139.16,659.7,1.52,0.09,1,140.55,9,0.368,0,0,0
675.44,6,106.11,4.65,4.42,0.456,1,251.58,8,0.157,0,0,0
3200.75,4,50.43,1944.4,12.16,0.254,0,138.89,15,0.232,0,0,0
877.01,6,291.37,336.93,4.3,0.239,0,165.43,21,0.321,0,1,0
6416.71,5,66.43,1274.88,88.02,0.242,1,107.75,11,0.561,0,0,1
684.67,4,339.42,611.67,0.2,0.456,0,239.43,0,0.576,0,0,0
1614.6,6,167.35,868.21,52.73,0.463,0,87.4,3,0.471,0,0,0
1037.66,8,187.92,1140.02,30.39,0.096,2,167.34,14,0.493,0,0,0
673.49,4,214.24,271.64,74.08,0.384,0,175.17,22,0.011,0,0,0
3794.55,7,99.28,745.29,26.42,0.116,1,302.59,15,0.184,0,0,0
3088.56,7,358.65,1114.32,51.79,0.036,0,169.21,22,0.255,0,0,0
6057.24,3,114.06,1178.97,50.98,0.487,0,149.9,3,0.32,0,0,1
304.94,8,217.29,430.29,22.62,0.234,0,377.64,7,0.551,0,1,0
5240.49,4,371.13,1043.08,6.06,0.205,1,254.79,2,0.381,0,1,1
22146.81,3,20.0,287.51,28.37,0.128,1,199.71,4,0.342,0,0,1
1150.97,6,87.34,106.15,104.0,0.021,1,280.18,23,0.401,0,0,0
12029.88,6,187.58,95.86,79.58,0.319,1,206.49,19,0.31,0,1,1
1389.69,6,243.17,563.69,23.22,0.628,0,91.17,3,0.085,0,0,0
458.33,4,316.62,386.65,100.97,0.252,1,214.24,10,0.25,0,0,0
1331.91,6,263.65,211.64,28.88,0.236,1,145.67,7,0.29,0,1,0
5157.48,7,304.06,396.98,10.92,0.433,1,71.54,2,0.224,0,1,1
781.98,4,292.68,424.61,99.76,0.141,0,147.0,11,0.151,0,0,0
991.94,4,314.91,645.18,34.03,0.407,0,313.03,11,0.297,0,1,0
3273.25,6,85.97,47.73,28.44,0.559,0,209.71,9,0.754,0,1,0
1813.58,8,187.57,1908.96,13.39,0.202,1,117.13,0,0.554,0,0,0
3244.2,5,231.49,372.43,72.32,0.202,0,217.64,18,0.595,0,1,0
2293.49,3,271.14,764.4,39.95,0.287,0,144.58,3,0.305,0,0,1
2920.84,2,213.69,292.69,11.62,0.414,3,230.47,21,0.315,0,0,1
1173.44,1,219.76,1147.3,15.01,0.209,2,161.69,7,0.4,0,1,0
2279.54,7,189.77,491.02,24.1,0.476,0,94.98,17,0.584,0,1,0
715.25,7,246.09,310.64,38.21,0.507,0,169.29,6,0.409,0,1,0
6557.95,7,522.21,2655.14,81.78,0.376,0,181.9,7,0.193,0,1,1
958.84,3,257.98,1603.21,11.61,0.659,2,298.08,17,0.024,0,0,0
5590.63,4,115.25,159.08,67.08,0.178,0,157.71,3,0.197,0,0,1
1431.38,5,364.83,964.89,123.98,0.208,1,238.27,4,0.417,0,0,0
2212.77,6,37.09,1122.98,25.18,0.336,0,138.75,8,0.413,0,0,0
1102.17,8,282.21,28.13,22.77,0.237,1,188.67,19,0.109,0,1,0
654.59,10,252.53,2594.61,32.48,0.396,0,213.25,20,0.329,1,0,0
315.84,5,440.49,212.19,84.94,0.614,1,74.0,10,0.298,0,1,0
629.34,5,278.97,1912.03,4.86,0.389,3,281.96,2,0.137,0,1,0
1307.79,5,429.48,849.22,24.49,0.196,3,259.07,17,0.087,0,1,0
2234.74,4,252.2,574.13,1.49,0.507,1,144.55,1,0.51,0,1,0
4966.05,3,297.66,1232.82,36.47,0.108,1,203.75,0,0.125,0,0,1
1157.76,7,176.43,899.21,144.23,0.439,1,158.67,18,0.367,0,0,0
748.48,6,203.09,1078.42,8.73,0.094,0,248.82,13,0.187,0,0,0
427.21,2,323.98,1561.01,14.75,0.42,0,130.25,9,0.38,0,0,0
2922.12,1,395.31,509.69,60.02,0.382,0,115.67,20,0.266,0,0,1
7209.79,4,38.83,443.72,58.64,0.376,0,305.44,0,0.384,0,0,1
6414.59,11,499.11,1840.29,45.41,0.302,0,165.54,16,0.751,0,0,1
3677.3,3,304.25,1279.02,13.83,0.168,0,128.62,17,0.487,0,0,1
3423.93,2,209.29,15.55,3.44,0.343,1,151.81,1,0.138,0,0,1
9873.64,4,306.49,848.63,12.57,0.251,1,99.39,16,0.329,0,1,1
2520.17,4,184.18,1873.93,50.95,0.491,2,203.42,4,0.375,0,0,1
3450.0,9,339.88,920.56,17.57,0.114,2,201.67,6,0.518,0,0,1
1311.88,3,332.73,644.95,92.17,0.356,0,77.6,13,0.276,0,0,0
463.11,2,265.42,154.76,47.89,0.215,1,267.47,12,0.356,0,0,0
912.47,6,141.01,2405.89,2.56,0.244,0,233.19,8,0.127,0,0,0
1791.56,5,253.08,787.55,4.62,0.34,2,178.97,4,0.347,0,0,0
1921.35,6,273.15,85.2,16.47,0.236,1,148.94,5,0.291,0,0,1
12410.35,4,357.83,2100.93,42.62,0.345,1,182.31,16,0.146,0,1,1
1961.13,1,183.02,581.54,138.13,0.073,1,314.49,5,0.185,0,0,0
5877.25,3,207.89,136.84,5.45,0.294,0,111.94,6,0.227,0,0,0
1170.19,5,403.78,205.5,88.79,0.243,0,291.56,5,0.511,0,0,0
1323.88,7,454.21,2748.91,42.53,0.084,0,218.75,19,0.081,0,0,0
478.66,9,255.81,459.06,22.62,0.166,0,295.34,7,0.12,0,1,0
860.64,2,398.28,435.33,51.5,0.3,0,264.93,6,0.346,0,0,0
3062.48,5,249.68,532.69,76.86,0.299,0,33.66,1,0.455,0,0,1
1821.76,4,109.83,964.57,22.21,0.323,0,188.38,8,0.048,0,0,0
4642.18,3,174.67,363.33,126.09,0.335,0,184.62,23,0.143,0,0,1
2167.34,4,166.17,437.22,40.03,0.39,0,274.18,0,0.401,0,0,1
1270.98,7,204.9,1096.71,8.53,0.311,0,222.04,5,0.498,0,0,0
15495.37,5,207.65,494.72,39.57,0.401,0,53.6,11,0.033,0,0,1
1645.99,3,504.76,1000.22,72.51,0.022,0,123.69,15,0.126,0,0,0
5784.87,6,165.56,2620.73,44.16,0.387,0,262.91,17,0.285,0,0,1
1210.5,2,128.68,2627.27,43.87,0.28,2,312.27,20,0.448,0,1,0
3676.07,6,394.81,473.93,1.41,0.4,1,240.86,0,0.441,1,0,1
4573.42,4,58.94,213.49,31.12,0.144,0,225.45,12,0.24,0,0,0
2227.18,4,282.82,231.46,22.75,0.485,0,188.62,11,0.039,0,0,1
171.66,6,247.29,1368.39,2.24,0.174,1,309.94,16,0.43,0,1,0
1841.35,2,206.8,66.46,57.16,0.254,1,316.34,16,0.152,0,0,0
6188.57,4,149.04,33.0,10.11,0.336,2,109.92,21,0.298,0,0,1
3064.01,1,121.98,915.1,21.53,0.11,1,221.14,16,0.126,0,0,1
2823.8,7,323.54,1927.36,43.09,0.072,0,292.87,4,0.24,0,1,0
323.03,4,383.36,209.93,29.02,0.052,1,86.97,6,0.555,0,1,0
879.67,6,171.67,44.9,60.49,0.167,0,207.67,21,0.107,0,0,0
2728.09,3,228.57,1805.23,93.14,0.154,0,36.92,21,0.74,0,0,1
2725.43,11,114.05,349.76,9.27,0.146,0,326.36,4,0.845,0,0,0
6091.6,4,260.33,638.31,16.33,0.444,1,248.39,15,0.479,0,0,1
1564.21,7,180.42,1447.52,10.28,0.365,0,33.62,3,0.405,0,0,0
2713.04,11,274.77,230.15,34.58,0.333,0,164.52,8,0.448,1,1,1
1837.89,2,236.8,735.48,4.13,0.174,2,185.38,18,0.064,0,1,0
673.88,3,99.12,3815.07,67.6,0.715,0,195.13,16,0.405,0,0,1
189.47,2,262.91,1081.7,6.84,0.678,2,146.28,21,0.205,0,0,0
2782.23,3,242.47,405.12,146.66,0.455,0,87.16,1,0.176,0,0,0
2151.56,7,176.74,1168.88,91.74,0.465,1,347.07,13,0.303,0,1,1
974.4,4,351.36,17.61,174.16,0.172,1,146.34,10,0.226,0,0,0
358.11,5,237.54,194.0,2.07,0.102,1,241.63,10,0.104,0,0,0
3393.92,5,297.5,1092.19,11.48,0.194,0,78.09,0,0.507,0,0,0
1385.87,5,462.28,243.31,162.24,0.469,0,122.48,21,0.23,0,0,0
3155.41,5,476.74,107.84,208.8,0.242,0,108.69,11,0.123,0,0,0
11661.51,7,100.31,277.72,16.47,0.123,2,334.98,19,0.776,0,1,1
212.42,6,337.34,150.35,45.66,0.448,1,156.35,21,0.419,1,1,0
898.21,3,228.16,436.67,11.63,0.108,0,218.52,20,0.763,0,0,0
1466.49,7,289.33,106.41,112.59,0.175,2,126.68,9,0.346,0,0,0
7745.18,6,389.71,1454.67,7.36,0.442,1,186.49,22,0.193,0,0,1
351.99,5,336.66,1211.21,58.27,0.409,0,313.66,17,0.268,0,0,0
12529.75,2,236.16,293.35,17.13,0.543,2,316.7,17,0.697,0,0,1
2071.14,6,372.57,587.05,23.4,0.57,1,258.58,12,0.287,0,1,1
1642.54,6,192.87,1545.01,39.7,0.124,0,196.13,17,0.763,0,0,0
1483.17,3,279.17,2116.31,27.88,0.562,0,137.59,20,0.424,0,1,0
1168.8,11,336.04,76.4,37.06,0.41,0,171.68,23,0.75,1,1,0
5157.03,5,343.57,1024.17,56.92,0.45,1,143.65,22,0.283,0,0,1
621.09,6,46.67,116.45,17.57,0.635,2,144.38,4,0.637,0,0,0
2554.0,7,152.56,16.19,67.13,0.345,2,154.03,1,0.22,0,0,1
1231.29,5,158.22,65.79,26.99,0.295,1,140.3,0,0.196,0,0,0
843.76,5,223.15,686.19,1.1,0.101,1,92.14,7,0.406,0,0,0
24003.99,5,334.67,378.72,93.75,0.468,2,114.38,10,0.515,0,1,1
2749.16,5,278.25,101.06,16.54,0.203,2,98.13,10,0.559,0,0,1
3338.46,4,354.79,514.46,98.39,0.127,0,41.62,20,0.173,0,0,1
5640.78,7,465.69,567.8,68.24,0.119,1,157.07,3,0.064,0,0,1
436.44,3,252.51,1238.66,26.1,0.159,1,78.17,22,0.153,0,0,0
10428.44,4,279.43,871.71,52.53,0.386,0,218.99,5,0.526,0,0,1
147.09,3,406.74,501.84,241.1,0.311,1,120.79,23,0.185,0,0,0
838.18,2,131.93,313.65,18.37,0.248,2,114.12,10,0.4,0,0,0
1142.49,4,306.94,1.61,29.93,0.506,1,194.84,6,0.182,0,0,0
3234.8,3,252.58,1427.23,8.04,0.274,0,218.39,1,0.223,0,1,1
2250.07,7,73.82,248.47,102.54,0.13,3,273.21,11,0.371,0,0,1
1530.25,2,366.93,191.84,40.25,0.261,1,109.07,10,0.463,0,0,1
1786.48,4,404.22,1061.22,5.38,0.461,0,208.1,1,0.537,0,0,0
679.92,6,362.24,59.48,45.51,0.573,1,210.09,9,0.148,0,0,1
404.55,4,160.71,243.72,31.55,0.139,0,255.68,17,0.376,0,0,0
3738.77,7,513.72,456.83,18.36,0.236,0,181.1,3,0.354,0,0,1
3618.11,6,370.83,466.12,0.94,0.346,0,90.86,17,0.537,0,1,1
8817.51,5,334.79,137.44,12.19,0.241,1,309.76,21,0.169,0,0,1
820.56,2,362.25,32.76,11.53,0.167,0,283.39,20,0.117,0,0,1
3614.88,7,320.55,508.71,62.83,0.301,0,127.87,11,0.287,0,1,1
1361.43,7,218.65,353.87,15.0,0.217,0,146.59,2,0.209,0,0,0
5946.01,6,306.26,268.21,192.21,0.49,0,222.48,18,0.148,0,0,1
5023.9,5,329.56,252.46,10.17,0.066,1,218.52,4,0.26,0,1,1
2233.24,4,261.47,561.23,111.78,0.19,1,258.34,11,0.438,0,1,0
1287.52,8,162.41,17.52,22.73,0.435,0,122.73,21,0.25,0,0,0
4726.46,7,275.29,89.71,371.4,0.411,0,212.96,16,0.363,0,0,1
3452.67,8,366.93,314.68,81.43,0.158,0,267.95,3,0.134,0,0,0
911.93,2,249.77,522.86,46.32,0.403,1,160.58,1,0.237,0,0,0
479.24,7,383.99,946.88,88.78,0.306,2,285.28,6,0.594,0,1,0
1354.88,3,216.15,277.5,113.54,0.169,2,174.06,11,0.08,0,0,0
8228.95,3,246.98,879.8,301.35,0.521,0,286.81,17,0.338,0,0,1
5690.12,11,42.63,391.71,9.33,0.127,0,165.86,14,0.216,0,0,0
594.47,9,300.99,1192.33,43.94,0.254,2,219.6,7,0.154,0,1,0
562.42,4,20.0,524.09,24.46,0.186,0,388.37,1,0.039,0,0,0
6468.4,4,258.87,623.64,24.34,0.719,2,174.71,19,0.491,0,1,1
580.78,3,290.76,456.84,50.03,0.117,1,202.26,12,0.29,0,0,0
3008.8,7,253.98,114.07,35.08,0.203,0,197.34,1,0.57,0,1,0
976.46,5,93.53,150.19,83.18,0.106,0,369.22,4,0.544,0,0,0
9109.24,6,349.94,409.32,19.9,0.212,2,112.79,4,0.351,1,1,1
836.79,5,440.76,83.24,37.75,0.162,0,243.0,16,0.215,0,0,0
5672.37,9,496.58,120.84,168.45,0.158,1,169.26,2,0.18,0,0,1
2175.16,10,252.73,781.97,4.74,0.332,2,54.87,21,0.025,0,0,1
2326.67,5,222.67,802.44,15.63,0.256,0,222.82,0,0.412,0,0,0
252.07,6,102.76,109.06,5.36,0.389,1,232.04,3,0.209,0,0,1
199.75,3,308.29,1538.32,3.24,0.183,1,171.15,10,0.583,0,0,0
1450.17,8,433.58,1554.39,0.84,0.49,1,222.29,0,0.327,1,1,0
2314.4,3,235.35,382.08,22.75,0.652,1,254.96,21,0.655,0,0,0
586.87,3,355.81,551.26,94.37,0.247,2,152.64,0,0.379,0,0,0
608.69,2,20.0,1293.76,13.83,0.34,0,325.75,10,0.532,0,1,0
3169.95,2,134.11,1150.77,19.61,0.199,0,231.91,1,0.266,0,0,0
3174.34,4,317.67,360.47,97.01,0.373,2,165.77,5,0.298,0,0,1
1575.39,2,67.96,305.12,8.13,0.315,2,303.7,14,0.641,0,0,0
3944.99,7,154.74,873.33,13.51,0.179,2,312.67,20,0.084,0,0,1
558.8,9,166.11,361.44,62.22,0.48,0,124.7,20,0.234,0,0,0
1266.57,1,315.58,935.53,67.55,0.25,1,227.7,15,0.145,0,0,1
9394.48,8,268.01,111.07,22.21,0.157,0,121.17,3,0.391,0,0,1
1935.89,5,184.47,891.89,0.53,0.104,2,254.0,2,0.411,0,0,1
2051.47,4,188.6,1230.24,24.03,0.232,0,335.55,22,0.547,0,0,1
18141.3,5,125.07,1879.78,62.85,0.423,0,196.74,11,0.372,0,0,1
446.15,3,256.35,487.31,62.73,0.192,2,198.2,21,0.172,0,0,0
4009.53,1,309.14,657.34,27.22,0.384,0,73.98,8,0.089,0,0,1
9547.04,3,347.84,272.77,21.44,0.141,1,84.93,14,0.602,0,0,1
1306.55,5,455.56,130.48,60.54,0.227,1,216.79,18,0.322,0,0,0
4271.12,5,318.1,152.07,148.75,0.144,0,41.69,5,0.258,0,0,1
677.21,3,127.07,1489.27,78.7,0.347,0,116.98,3,0.061,0,0,0
909.84,7,315.8,623.79,13.02,0.448,1,58.09,18,0.408,0,0,0
2657.04,8,81.41,377.68,164.36,0.236,1,88.66,1,0.447,0,1,0
4018.11,7,231.15,1595.79,47.04,0.439,1,131.02,12,0.587,1,0,1
5546.58,8,262.76,96.65,5.96,0.113,1,166.13,19,0.426,0,1,1
8687.4,4,344.17,721.58,20.54,0.314,3,253.86,11,0.423,0,1,1
1690.12,6,338.62,1251.38,64.38,0.023,0,350.91,11,0.091,0,0,0
5964.69,4,226.73,106.75,101.94,0.666,1,163.75,7,0.45,0,1,1
1283.95,6,251.12,102.76,37.7,0.12,0,118.57,21,0.482,1,0,0
4456.38,6,360.82,27.15,7.41,0.254,1,211.11,8,0.665,0,1,1
2224.95,5,114.96,2277.29,6.59,0.175,2,20.0,7,0.315,0,0,0
2823.35,2,389.23,942.6,19.72,0.33,0,325.34,17,0.246,0,0,1
2761.44,4,307.54,59.3,1.91,0.079,1,229.69,13,0.372,0,1,0
363.32,5,26.69,889.99,27.11,0.363,0,312.57,1,0.255,0,0,0
587.5,7,287.12,289.48,75.06,0.086,1,198.89,7,0.358,0,1,1
2003.28,3,382.45,92.63,30.9,0.273,1,20.0,22,0.383,0,0,0
334.53,7,492.41,3884.96,88.7,0.184,2,230.82,21,0.476,0,1,0
4151.44,3,189.51,158.65,53.54,0.309,0,90.16,9,0.323,0,0,0
4322.36,8,315.81,1281.73,10.74,0.591,4,340.0,4,0.266,0,1,1
2507.82,4,321.52,1705.63,12.07,0.26,2,177.33,1,0.299,0,1,0
589.26,5,321.09,604.58,21.51,0.321,1,174.62,19,0.111,0,0,0
7187.79,9,228.88,2983.86,38.61,0.243,1,360.15,16,0.477,0,1,1
13866.22,4,246.02,102.15,56.7,0.239,1,235.27,0,0.48,0,1,1
2094.51,6,210.85,2592.69,9.5,0.174,2,243.11,4,0.54,0,0,1
3012.53,4,282.97,58.62,8.32,0.092,1,282.99,10,0.15,0,0,1
2212.19,4,318.55,519.06,0.62,0.403,1,28.15,7,0.073,0,0,0
3072.88,2,152.26,1544.97,5.99,0.21,1,231.02,21,0.326,0,0,0
1604.3,9,308.04,644.5,69.68,0.614,0,219.91,2,0.304,0,0,0
1746.62,2,304.51,700.62,2.85,0.39,0,287.48,16,0.744,1,0,0
4472.57,7,259.58,140.42,46.54,0.198,3,176.57,18,0.222,0,0,1
18875.58,7,172.31,3325.71,45.92,0.208,1,147.88,14,0.607,0,0,1
445.83,5,120.33,210.26,244.97,0.604,0,64.53,12,0.316,0,0,0
1629.76,7,59.58,1566.8,56.6,0.455,1,167.27,7,0.509,0,0,0
555.32,4,98.63,2509.02,60.08,0.054,0,180.46,16,0.172,0,0,0
8884.16,5,92.38,263.67,4.7,0.188,1,176.47,23,0.483,0,0,1
1004.52,3,325.45,1048.99,104.51,0.231,0,187.93,11,0.15,0,0,0
427.01,3,20.0,67.03,19.28,0.261,0,252.53,14,0.355,0,0,0
3422.71,3,267.34,1082.12,18.74,0.141,1,290.74,17,0.161,0,1,1
10345.54,7,98.25,529.84,31.34,0.076,1,288.04,4,0.428,0,0,1
3510.8,6,334.96,100.39,61.49,0.485,1,149.62,6,0.142,0,0,0
2218.97,6,447.27,1800.31,17.44,0.444,1,298.93,6,0.398,0,0,1
2722.05,5,293.6,908.7,75.14,0.168,0,159.37,0,0.228,0,0,0
7441.6,7,355.75,147.71,14.09,0.182,1,123.09,4,0.159,0,0,1
754.31,7,311.04,608.81,6.55,0.413,1,67.77,4,0.313,0,0,0
1616.72,6,83.13,315.47,59.65,0.551,0,215.14,2,0.564,0,0,1
1149.76,4,342.63,991.86,127.28,0.414,1,183.78,1,0.512,0,0,0
562.36,5,309.34,789.93,120.21,0.159,1,80.01,19,0.297,0,1,0
1301.96,6,307.47,168.13,3.23,0.25,1,123.96,2,0.328,0,0,0
5473.76,2,263.91,221.78,24.85,0.382,1,301.13,9,0.292,0,0,1
3186.26,5,184.18,975.39,16.94,0.583,1,117.09,17,0.473,0,0,0
3443.73,4,283.03,899.54,30.32,0.334,2,203.24,12,0.581,1,1,1
2093.26,7,382.57,299.46,2.59,0.327,1,159.92,16,0.346,0,0,1
3051.3,4,158.01,520.44,26.44,0.296,2,163.36,19,0.395,0,0,1
811.93,6,233.81,503.68,162.14,0.194,0,237.72,14,0.177,0,0,0
1326.75,5,211.56,106.32,41.84,0.204,0,293.24,13,0.299,0,0,0
2190.76,7,270.81,776.3,12.25,0.465,1,64.75,19,0.136,0,0,1
2386.34,3,341.48,245.7,82.83,0.165,2,196.42,10,0.412,0,0,0
2490.37,1,271.45,492.8,25.32,0.449,1,93.69,2,0.367,0,0,0
1574.46,3,423.99,59.57,3.3,0.549,3,212.77,13,0.522,0,1,1
1239.64,4,197.91,761.62,21.72,0.146,0,100.28,10,0.243,0,0,0
42521.76,4,330.56,1464.06,84.12,0.403,1,287.31,18,0.37,1,1,1
4477.35,6,202.78,674.42,12.48,0.355,0,93.67,16,0.16,0,0,1
2732.98,8,129.05,726.67,19.77,0.071,0,93.31,9,0.065,0,0,0
1431.95,3,426.12,894.99,15.84,0.479,0,20.0,9,0.247,0,0,0
1151.45,4,224.73,174.86,114.18,0.329,1,216.34,7,0.036,0,0,0
1586.36,5,158.46,57.02,17.42,0.276,1,366.56,10,0.248,0,0,0
2423.16,9,195.46,1539.32,13.74,0.337,1,100.39,6,0.318,1,0,1
275.77,3,358.05,1499.81,130.99,0.357,0,31.05,19,0.396,0,0,0
376.38,3,397.7,629.34,420.07,0.155,1,262.3,1,0.29,0,1,0
956.34,3,423.54,175.59,45.02,0.138,0,186.34,9,0.181,0,1,0
2224.17,6,203.27,1359.68,136.51,0.087,1,58.22,15,0.574,0,1,0
1423.29,2,231.72,199.02,73.07,0.137,1,252.19,10,0.255,0,0,0
7927.72,3,275.64,1578.14,10.39,0.163,1,281.66,1,0.532,0,0,1
410.59,2,113.26,441.0,57.59,0.352,0,231.64,7,0.387,0,0,0
852.91,9,280.4,47.37,78.06,0.242,0,170.64,20,0.282,0,0,0
8267.54,9,230.26,1358.06,67.93,0.3,0,261.78,4,0.739,0,1,1
2061.36,8,450.07,657.93,37.75,0.11,0,65.56,15,0.679,0,0,0
4380.17,7,199.66,306.6,36.2,0.044,1,179.17,13,0.309,0,1,1
14062.22,5,246.61,482.55,86.25,0.357,0,142.66,15,0.485,0,0,1
903.43,3,458.33,1738.65,58.4,0.222,0,158.54,17,0.082,0,0,0
1637.11,2,167.24,181.68,78.73,0.209,0,170.13,12,0.425,0,0,0
1376.88,5,272.64,87.66,11.62,0.081,1,230.72,22,0.9,0,0,0
256.06,5,333.24,1228.91,169.71,0.205,1,200.08,13,0.423,0,0,0
1325.58,4,191.31,777.62,65.99,0.334,1,167.94,8,0.167,0,0,1
4363.64,3,354.87,1631.99,27.44,0.186,0,331.09,15,0.497,0,0,0
3104.44,4,222.56,300.81,45.72,0.055,2,272.32,18,0.603,0,0,1
3357.94,8,244.89,659.06,51.05,0.418,0,213.04,10,0.617,0,1,1
1242.02,4,37.16,34.68,80.78,0.377,1,335.65,6,0.18,0,0,0
938.14,6,269.95,1500.17,60.33,0.229,2,155.68,10,0.212,0,0,0
6433.38,5,158.06,169.75,93.03,0.106,0,265.63,0,0.546,0,1,1
1099.58,4,142.83,97.39,25.11,0.146,0,356.52,12,0.178,0,0,0
2426.2,5,345.04,530.18,27.35,0.487,1,249.82,5,0.305,0,0,1
2128.84,1,303.84,1092.92,10.45,0.123,1,108.24,15,0.526,0,1,1
7798.74,7,122.54,188.34,36.25,0.302,1,200.17,12,0.522,0,1,1
4776.26,3,92.1,212.71,25.67,0.121,0,256.52,10,0.182,0,0,1
495.09,4,20.21,303.36,54.66,0.304,3,298.41,23,0.352,0,1,0
551.39,5,397.71,1333.19,46.18,0.197,1,188.97,22,0.269,0,1,0
3225.71,7,20.0,1100.61,97.41,0.36,0,405.8,13,0.491,0,0,0
1695.38,4,290.46,251.61,9.21,0.566,1,105.98,15,0.142,0,0,0
1146.91,1,91.52,235.64,123.52,0.273,2,192.48,23,0.246,0,0,0
4992.18,7,371.02,1895.3,12.46,0.433,2,229.85,17,0.241,0,1,1
2180.83,5,360.61,763.23,63.77,0.177,1,20.0,18,0.38,0,0,0
1905.42,5,155.11,203.89,34.48,0.54,2,255.36,21,0.37,0,0,1
3943.52,4,179.68,121.01,60.64,0.118,1,152.5,5,0.167,0,0,1
1242.51,3,236.56,54.76,38.42,0.158,0,237.91,17,0.636,0,0,0
8677.76,8,176.08,226.26,52.84,0.325,1,208.73,16,0.371,0,0,1
822.17,7,363.62,1018.46,69.72,0.322,0,166.92,3,0.352,0,0,0
3487.46,4,252.57,371.73,10.73,0.164,1,284.78,0,0.079,0,0,1
7584.28,6,364.13,2682.52,20.95,0.115,1,227.68,4,0.147,0,1,1
456.1,4,226.17,313.55,100.96,0.282,1,260.8,22,0.165,0,0,0
1282.63,6,424.79,130.2,90.43,0.083,2,213.41,16,0.216,0,1,0
5665.82,3,65.76,155.44,57.14,0.371,2,279.38,23,0.314,0,1,1
5751.66,3,198.01,536.25,18.22,0.317,1,266.43,11,0.428,0,0,1
1523.1,6,330.62,2217.54,11.55,0.437,0,99.16,4,0.48,0,0,0
867.25,4,152.79,1844.31,2.49,0.17,0,290.97,0,0.332,0,0,0
4702.91,5,111.08,162.0,135.95,0.114,0,257.46,19,0.341,0,0,1
5904.97,13,42.59,1123.51,50.51,0.393,1,136.7,14,0.601,1,0,1
564.16,5,286.99,1116.69,26.65,0.358,0,70.84,19,0.216,0,0,0
542.44,6,361.21,144.55,58.58,0.109,1,293.88,12,0.302,0,1,0
2264.83,4,207.98,283.28,30.62,0.363,3,251.66,1,0.451,0,0,0
3392.63,2,320.71,63.27,21.59,0.135,1,129.49,3,0.26,0,0,1
1340.68,6,480.89,62.25,34.77,0.416,0,187.17,2,0.657,0,0,0
3566.34,6,361.72,466.87,66.7,0.04,2,200.75,12,0.243,0,1,1
888.79,6,348.17,529.36,90.92,0.28,0,147.32,9,0.165,0,0,0
218.18,5,197.23,26.63,5.25,0.399,1,144.29,20,0.234,0,0,0
1183.34,5,202.72,2710.52,3.35,0.497,0,164.0,5,0.347,0,0,0
1926.06,10,293.08,532.91,20.8,0.09,0,310.96,5,0.193,0,1,0
1372.19,5,246.86,1240.33,1.99,0.388,0,257.68,21,0.323,0,0,0
567.59,6,306.57,806.14,34.14,0.257,2,164.94,2,0.63,0,1,0
294.23,5,20.0,772.62,86.85,0.511,1,278.02,8,0.256,0,0,1
1081.29,6,179.26,288.93,21.36,0.321,1,163.78,9,0.278,0,1,0
4436.65,4,382.24,1745.09,32.3,0.45,0,264.95,18,0.425,1,0,1
6349.92,8,26.5,285.04,42.71,0.351,0,270.38,7,0.585,0,0,1
5929.61,5,158.16,2421.11,122.48,0.398,0,178.64,1,0.34,0,0,1
799.58,9,220.98,32.17,130.61,0.115,1,36.87,18,0.31,0,0,0
570.37,6,31.11,97.46,49.96,0.177,0,224.31,7,0.304,0,0,0
2970.94,3,320.03,1037.36,0.51,0.456,0,230.91,23,0.385,0,0,1
3412.16,6,296.88,750.62,10.51,0.191,0,139.47,19,0.201,0,0,0
2697.74,4,20.0,1010.03,11.26,0.599,1,236.65,13,0.307,0,0,1
241.27,8,210.21,820.92,45.68,0.396,1,221.04,21,0.531,0,1,0
759.85,7,219.11,599.27,61.48,0.331,0,179.82,0,0.383,0,0,0
1755.15,2,327.5,25.35,4.66,0.236,1,228.33,0,0.379,0,0,0
2943.1,5,338.03,1324.02,17.1,0.206,1,101.06,14,0.301,0,0,0
3894.45,5,347.37,570.92,35.38,0.344,3,114.22,20,0.108,0,0,1
2088.61,6,376.4,89.47,73.78,0.294,1,168.25,18,0.221,0,1,1
2516.9,6,275.05,171.04,21.11,0.288,1,42.32,16,0.522,0,1,0
1968.18,8,430.83,867.77,34.38,0.032,0,196.33,20,0.717,0,1,0
3588.97,5,320.03,64.11,34.27,0.301,1,155.58,12,0.427,0,0,1
2472.2,2,244.98,1628.99,130.7,0.348,0,207.73,19,0.481,0,0,0
1930.89,4,458.79,1251.33,93.29,0.261,0,159.17,22,0.492,0,1,1
1382.48,8,159.88,292.6,97.56,0.289,0,83.8,12,0.128,0,0,0
1961.16,4,262.78,1719.97,9.11,0.511,5,281.89,15,0.11,1,1,1
2935.38,5,275.5,1731.49,115.54,0.211,1,166.96,16,0.308,0,0,0
2362.5,5,312.57,1455.35,25.02,0.3,0,138.81,4,0.142,0,0,0
2646.06,4,194.51,294.14,39.35,0.335,3,197.28,7,0.72,0,0,1
6923.81,4,175.11,853.37,47.64,0.379,1,292.5,8,0.149,0,0,1
2357.04,2,387.48,480.34,28.12,0.298,0,246.16,21,0.035,0,0,0
944.83,7,112.34,619.28,21.02,0.233,0,136.1,13,0.673,0,0,0
4374.76,4,396.67,421.69,14.25,0.304,1,225.13,8,0.205,0,1,1
461.19,5,240.01,3.2,36.03,0.203,1,262.69,16,0.817,0,1,0
613.14,6,280.15,8.02,90.89,0.55,3,112.67,10,0.312,0,1,0
2529.68,5,189.81,1185.71,72.46,0.257,3,275.99,6,0.251,0,1,1
3030.24,6,224.56,2340.72,35.66,0.503,2,152.85,21,0.523,0,0,1
520.58,6,371.24,208.68,20.99,0.522,1,238.9,5,0.716,0,0,0
1232.97,3,195.47,628.77,0.64,0.115,1,135.8,0,0.117,0,0,0
986.26,5,38.35,292.27,11.64,0.218,1,134.76,21,0.092,0,0,0
1111.34,6,255.85,519.37,10.34,0.282,1,179.45,12,0.35,0,0,0
4645.24,5,160.89,100.59,44.38,0.26,0,141.26,23,0.373,0,0,1
3664.71,3,138.67,1033.97,126.76,0.29,0,209.02,9,0.435,0,1,0
1773.8,3,170.78,580.95,19.01,0.127,0,78.6,7,0.302,0,0,0
1047.37,6,508.16,295.37,78.79,0.539,0,285.88,14,0.481,1,0,1
468.88,3,228.06,871.49,20.0,0.412,0,164.76,5,0.438,0,0,0
7481.47,6,191.92,572.71,166.44,0.109,1,149.42,21,0.439,0,0,1
3268.59,7,351.58,414.39,10.84,0.22,1,208.29,1,0.307,0,0,1
891.88,7,315.27,609.48,26.12,0.08,0,176.88,13,0.263,0,0,0
3713.02,6,389.26,2457.7,8.09,0.46,0,124.07,18,0.318,0,1,1
1685.43,5,424.35,57.44,12.82,0.433,0,285.33,16,0.385,1,1,1
1356.81,2,544.82,2061.4,5.6,0.279,0,291.49,14,0.2,0,1,0
2793.95,3,161.23,108.04,5.8,0.404,1,107.87,20,0.801,0,0,0
861.35,7,367.58,184.91,49.51,0.265,0,111.58,10,0.171,0,1,0
1282.09,7,164.43,3097.49,76.59,0.201,2,344.04,19,0.476,0,1,0
2041.54,1,227.52,1328.78,4.22,0.367,2,99.12,2,0.648,0,1,0
1097.24,7,313.49,346.74,12.51,0.346,0,221.71,3,0.5,1,0,1
3530.11,3,259.11,414.98,19.36,0.242,0,196.85,14,0.507,0,0,0
11720.17,4,292.64,284.33,138.05,0.215,1,163.04,2,0.466,0,0,1
850.4,5,228.53,204.09,45.57,0.419,1,111.21,5,0.428,1,0,0
342.02,10,141.93,50.25,5.67,0.363,0,228.39,18,0.695,1,0,0
244.27,4,343.08,27.4,23.08,0.302,1,220.91,9,0.554,0,0,0
1555.47,3,108.41,557.08,62.79,0.665,1,69.69,1,0.501,0,0,0
931.54,4,422.38,604.2,191.37,0.277,0,106.03,14,0.558,0,0,0
2225.78,8,244.45,1146.92,67.04,0.052,3,202.58,12,0.396,0,1,1
2064.41,5,372.42,79.97,9.99,0.394,1,139.19,16,0.119,0,0,1
363.87,9,483.14,578.41,85.51,0.061,1,298.77,4,0.385,0,1,0
294.45,4,274.25,2066.48,0.17,0.331,0,211.02,14,0.317,0,1,0
2430.7,4,124.8,1532.01,32.93,0.158,0,178.23,19,0.729,0,1,0
2070.26,6,393.03,611.83,21.16,0.243,0,226.23,2,0.675,0,0,0
1181.08,6,221.08,114.76,146.24,0.339,0,298.23,17,0.223,0,0,0
344.76,8,108.36,135.73,2.35,0.217,1,116.37,18,0.337,0,0,0
2896.88,2,364.27,519.06,14.76,0.377,3,235.69,2,0.116,0,1,1
6450.41,1,324.0,768.52,15.05,0.125,1,59.64,0,0.488,0,0,1
2387.45,6,271.03,3076.13,27.53,0.193,1,200.53,17,0.242,0,0,0
774.74,7,152.17,1423.67,128.42,0.3,0,66.58,22,0.558,1,0,0
1890.42,7,398.93,428.05,52.87,0.444,0,223.39,16,0.186,0,0,0
461.22,2,376.35,344.83,6.47,0.063,0,20.0,3,0.467,0,0,0
5208.05,7,246.79,10.86,87.11,0.147,1,183.92,3,0.451,0,0,1
1962.24,6,443.05,6.2,49.69,0.436,0,251.59,15,0.269,0,0,1
308.54,1,367.51,514.63,0.81,0.047,0,252.79,8,0.098,0,1,0
1338.53,6,167.28,57.44,125.4,0.161,1,108.83,16,0.074,0,1,0
2873.54,5,193.73,136.02,2.43,0.371,0,167.5,19,0.108,0,0,1
1295.89,8,292.75,3144.9,47.07,0.393,1,205.23,17,0.272,0,1,0
1372.11,6,230.43,1010.54,45.92,0.297,0,309.6,6,0.715,0,1,0
531.44,1,278.28,481.55,46.93,0.304,0,228.44,10,0.069,0,0,0
3186.06,3,128.59,1560.88,94.28,0.42,2,121.55,5,0.485,1,0,1
945.33,5,167.28,156.24,6.6,0.299,1,207.9,9,0.26,0,0,0
209.26,1,259.0,394.54,38.25,0.469,2,150.9,15,0.257,0,0,0
1247.31,4,280.75,279.36,42.62,0.152,2,37.67,2,0.281,0,0,0
4822.99,5,275.6,4316.44,25.35,0.261,0,76.59,5,0.521,0,0,1
1227.91,4,96.22,1850.95,37.55,0.524,1,161.45,22,0.21,0,0,0
10280.3,8,269.33,597.38,34.75,0.227,0,281.54,20,0.167,0,0,1
2776.56,5,369.8,441.37,71.14,0.152,2,179.04,21,0.168,0,0,0
2537.05,4,201.36,5000.0,7.88,0.172,1,123.16,15,0.744,0,0,0
1590.18,5,166.13,184.87,1.5,0.199,0,267.38,7,0.372,0,0,0
1688.7,4,197.5,419.24,134.04,0.075,1,56.18,2,0.208,0,0,1
1389.33,6,211.38,995.19,18.82,0.116,0,359.1,2,0.1,0,0,0
1336.39,6,391.76,973.47,78.45,0.333,0,168.36,16,0.216,0,0,0
3074.41,6,97.98,683.11,19.26,0.187,4,140.21,18,0.332,0,0,1
709.22,7,129.89,2427.41,0.2,0.211,1,118.08,2,0.075,0,1,0
616.53,4,20.0,226.7,12.14,0.365,1,129.6,12,0.129,0,0,0
588.05,4,391.65,672.63,5.57,0.125,1,153.43,7,0.275,0,1,0
13983.8,1,286.57,1330.6,86.51,0.506,1,237.73,23,0.136,0,0,1
3072.8,8,101.29,211.65,9.36,0.713,1,107.56,3,0.299,0,1,0
2451.59,8,223.67,1639.28,253.23,0.521,0,191.02,19,0.373,0,1,0
627.97,4,303.94,815.38,47.43,0.246,1,82.0,19,0.29,0,0,0
3372.27,7,321.02,383.81,19.5,0.21,1,90.52,14,0.06,0,0,1
1609.1,7,371.56,834.6,35.14,0.068,2,190.38,3,0.19,0,1,0
2239.86,4,55.59,2105.56,163.13,0.354,1,176.78,22,0.078,0,0,0
680.88,7,377.3,3550.08,50.55,0.395,0,218.82,7,0.274,0,1,0
2122.33,6,46.55,264.4,70.04,0.238,2,379.81,17,0.577,0,0,0
1183.42,4,366.69,1918.17,34.04,0.249,1,247.45,1,0.662,0,1,0
840.83,6,353.06,31.48,38.04,0.41,1,86.47,6,0.142,0,0,0
3767.27,6,537.1,5.84,206.51,0.308,0,161.16,20,0.303,0,0,1
388.5,9,202.03,736.27,46.38,0.122,0,263.69,12,0.23,0,0,0
3180.44,6,161.15,525.68,39.04,0.505,2,279.11,19,0.543,0,1,1
3584.9,7,285.17,506.67,103.35,0.264,0,190.92,15,0.138,0,0,1
750.21,4,269.9,213.33,29.82,0.161,2,290.11,17,0.508,0,0,0
796.06,3,515.9,727.97,32.09,0.122,1,152.88,8,0.034,0,0,0
1446.6,2,80.88,13.67,61.93,0.266,2,108.14,7,0.256,0,0,0
2397.15,3,163.76,455.06,8.71,0.2,2,95.27,5,0.575,0,0,0
1551.76,7,123.25,365.75,6.98,0.235,0,61.0,17,0.302,0,0,0
2789.35,6,302.46,171.6,48.16,0.487,1,188.97,21,0.287,0,0,1
10540.49,3,194.66,571.9,10.13,0.204,0,239.72,9,0.041,0,0,1
1088.2,2,302.41,937.61,28.59,0.312,0,106.84,4,0.486,0,0,0
325.32,9,327.3,1341.18,81.6,0.207,0,141.68,13,0.516,0,0,0
4129.55,6,316.14,496.29,18.55,0.221,2,181.5,9,0.231,0,0,1
9733.36,7,242.94,219.43,67.8,0.187,2,82.61,16,0.269,0,0,1
2677.85,6,334.61,188.47,19.86,0.062,0,166.45,21,0.538,0,0,0
609.26,6,272.08,692.45,2.03,0.145,0,337.87,14,0.327,0,1,1
1597.36,5,195.77,394.46,4.81,0.321,0,96.79,15,0.718,0,0,0
590.8,4,190.19,305.66,28.45,0.181,0,145.48,3,0.056,0,0,0
3438.72,10,218.08,592.15,19.13,0.74,0,74.81,22,0.026,1,0,1
468.11,6,427.89,650.31,31.65,0.462,1,134.94,17,0.192,0,0,0
1339.26,8,253.93,213.08,37.02,0.199,0,71.46,12,0.194,0,0,0
662.26,3,262.52,380.24,142.97,0.114,1,189.46,20,0.14,0,1,0
2052.52,2,240.5,983.98,31.95,0.435,0,90.37,14,0.183,0,0,0
1253.45,8,128.89,392.03,97.41,0.269,0,223.12,6,0.338,0,0,0
2157.62,9,53.09,469.74,95.09,0.363,1,142.85,22,0.221,0,0,1
1848.91,2,292.34,817.38,109.21,0.386,2,149.35,17,0.334,0,0,0
674.07,2,141.99,169.37,38.6,0.381,0,316.76,1,0.409,0,0,0
3384.21,6,305.26,1612.69,16.86,0.24,0,189.1,10,0.651,1,1,1
1721.99,6,249.45,330.47,77.15,0.319,0,180.63,7,0.149,0,0,0
672.82,5,374.52,930.92,19.48,0.134,0,158.55,1,0.315,0,0,0
16999.28,3,345.36,282.16,113.06,0.179,1,184.38,21,0.674,0,0,1
2911.52,7,326.53,835.62,5.54,0.179,0,136.68,15,0.652,0,1,0
1551.13,5,141.77,259.86,56.68,0.396,0,69.17,23,0.367,0,0,0
7444.3,3,20.0,1102.82,32.82,0.208,2,249.88,17,0.402,0,0,1
11405.1,6,400.45,88.61,46.71,0.307,1,180.1,15,0.17,0,0,1
1563.45,4,259.56,293.94,5.9,0.665,0,115.62,17,0.527,0,0,0
2559.07,8,236.6,670.55,177.53,0.528,0,81.04,8,0.577,0,0,0
673.17,6,221.48,802.33,62.67,0.238,1,151.1,13,0.652,0,1,0
1560.57,6,314.74,118.96,16.78,0.383,1,243.06,18,0.299,0,1,1
1481.69,3,392.83,307.98,110.13,0.11,1,163.14,12,0.453,0,1,1
2175.09,7,183.63,85.88,30.15,0.332,1,84.65,20,0.107,0,0,0
2521.88,7,55.07,1438.29,10.29,0.084,2,225.13,13,0.101,0,0,1
3164.75,1,463.66,3291.32,28.16,0.437,1,299.18,19,0.26,0,0,0
2293.06,4,296.71,267.04,19.23,0.412,1,102.52,15,0.198,0,0,1
538.75,4,303.73,527.95,61.62,0.206,0,245.8,4,0.118,0,0,0
707.36,6,20.0,565.03,1.07,0.219,0,99.16,0,0.258,0,1,0
1046.9,4,282.75,143.73,106.09,0.095,0,294.08,0,0.445,0,0,0
1363.43,5,20.0,881.16,28.31,0.213,3,99.59,18,0.348,0,0,0
5170.76,5,214.02,581.83,5.99,0.477,0,195.65,12,0.611,0,1,1
565.13,6,333.61,577.0,73.02,0.15,1,149.84,18,0.58,0,0,0
1264.69,6,288.5,48.29,222.42,0.213,1,131.88,10,0.57,0,1,0
4689.16,3,334.79,66.64,116.52,0.33,3,219.5,20,0.218,0,1,1
1339.59,6,185.01,2665.89,9.0,0.053,0,222.76,22,0.287,0,0,0
2865.26,7,140.21,2246.88,12.21,0.209,0,166.04,16,0.096,0,0,0
1572.56,4,208.47,14.72,219.88,0.441,2,190.61,7,0.555,1,1,0
2337.37,3,246.89,622.02,11.33,0.148,0,154.74,13,0.195,0,0,1
1438.75,8,180.74,53.64,17.95,0.28,0,348.14,14,0.249,0,1,0
3522.99,8,237.72,1260.6,48.75,0.12,3,149.0,7,0.45,0,1,1
385.66,7,251.7,40.41,17.22,0.576,0,273.22,17,0.297,0,0,0
1257.26,1,281.41,637.59,24.01,0.063,2,204.94,4,0.382,0,0,0
2432.25,3,508.73,772.53,67.6,0.303,1,291.04,3,0.44,0,1,1
3083.11,6,133.67,80.79,44.99,0.582,0,146.83,0,0.464,0,0,0
8046.18,11,334.29,721.85,83.07,0.281,0,230.42,2,0.129,0,0,1
1222.89,6,253.71,2273.42,74.69,0.434,2,133.88,19,0.203,0,0,0
7938.52,6,469.13,81.93,80.29,0.175,1,52.24,13,0.16,0,0,1
935.4,5,146.32,923.3,9.79,0.227,1,222.7,20,0.2,0,0,0
6827.04,10,222.82,253.14,14.85,0.309,1,84.96,4,0.099,0,0,1
4094.78,2,206.38,255.74,10.08,0.263,4,124.54,16,0.168,0,0,1
725.27,2,20.0,628.43,6.54,0.13,0,101.28,9,0.119,0,0,0
2457.84,7,250.31,2103.13,94.95,0.379,1,110.33,11,0.493,0,0,0
1717.74,5,264.57,209.84,0.19,0.107,0,132.0,7,0.228,0,1,0
3379.84,4,174.07,4008.58,49.38,0.18,0,85.83,9,0.56,0,0,1
1446.25,6,20.0,76.73,103.13,0.491,1,164.75,9,0.534,0,0,0
1329.76,2,357.0,2253.12,9.17,0.232,0,199.38,9,0.06,0,0,0
7108.84,4,455.84,14.4,134.15,0.078,0,77.28,9,0.244,0,0,1
1638.08,6,400.11,141.56,157.88,0.334,2,252.4,10,0.257,0,1,0
4131.61,3,254.12,2996.74,43.47,0.206,0,117.93,11,0.225,0,0,0
1443.24,7,233.45,247.53,55.0,0.337,1,20.0,6,0.181,0,0,0
9572.63,6,397.94,5.7,10.33,0.349,2,97.51,10,0.28,1,0,1
917.51,5,396.33,1730.72,207.21,0.46,2,301.62,13,0.36,0,0,1
978.34,3,273.14,1962.48,67.25,0.162,1,168.7,23,0.552,0,0,0
8304.2,4,259.14,1091.35,36.31,0.094,2,395.15,23,0.381,0,0,1
1158.7,8,328.32,2244.82,34.76,0.501,1,163.93,19,0.244,0,0,0
8964.92,5,273.12,247.04,48.11,0.169,0,186.26,12,0.45,0,0,1
4410.93,3,411.23,829.19,10.3,0.379,1,124.02,23,0.405,0,0,1
1548.98,6,318.11,1084.92,45.44,0.3,1,220.66,14,0.479,0,0,0
294.92,5,335.4,2907.64,3.62,0.384,0,20.0,5,0.514,0,0,0
1773.45,6,330.17,1827.36,46.42,0.171,0,113.9,13,0.36,0,0,0
2001.46,5,239.46,48.7,42.75,0.177,1,124.47,0,0.46,0,0,0
5809.31,2,466.62,331.26,22.13,0.235,0,309.98,16,0.542,0,0,1
8852.43,3,240.04,763.86,4.73,0.35,1,203.64,16,0.265,0,0,1
911.43,4,228.86,1546.95,39.94,0.075,1,230.77,14,0.399,0,0,1
4028.63,2,219.97,262.43,28.77,0.005,0,79.0,13,0.126,0,0,1
3887.04,4,465.26,6.47,18.73,0.506,0,152.59,4,0.342,1,0,1
5289.15,5,49.31,165.58,27.93,0.193,0,248.46,15,0.467,0,0,1
2977.06,5,176.94,443.18,3.14,0.177,0,211.75,19,0.292,0,1,0
259.17,7,336.16,50.48,4.45,0.17,1,203.52,11,0.477,0,0,0
1547.78,7,292.76,34.6,7.79,0.253,1,180.52,15,0.115,0,0,0
569.23,7,280.08,410.82,40.31,0.159,0,114.16,18,0.116,0,0,0
1476.45,10,303.24,835.02,16.64,0.057,2,188.97,14,0.09,0,1,0
4817.47,10,388.5,991.69,13.4,0.318,0,165.57,19,0.303,0,1,1
2453.21,6,278.33,608.8,49.78,0.293,1,168.03,4,0.003,0,0,0
5699.26,5,273.26,457.98,45.42,0.241,1,155.7,1,0.477,0,1,1
2544.66,2,410.61,15.22,20.64,0.209,1,42.95,20,0.375,0,1,0
493.57,4,278.53,243.69,138.38,0.404,0,173.12,17,0.187,0,0,0
145.35,6,338.44,886.63,25.39,0.12,1,175.46,13,0.181,0,0,0
2098.14,4,20.0,477.62,10.51,0.092,1,144.71,9,0.301,0,0,0
1459.83,3,198.36,245.35,109.8,0.764,1,112.59,5,0.228,0,0,1
680.65,2,167.01,208.49,60.56,0.313,1,273.15,20,0.319,0,0,0
330.09,5,162.78,13.93,69.09,0.281,1,46.4,1,0.106,0,0,0
867.19,6,208.55,1394.67,94.51,0.437,2,238.51,8,0.294,0,0,0
1488.48,9,205.11,1683.31,79.53,0.247,3,219.28,1,0.051,0,0,0
3518.81,7,356.71,364.15,94.12,0.717,1,181.32,13,0.648,0,1,1
2183.38,8,160.04,966.54,12.92,0.151,0,197.92,2,0.369,0,0,0
9027.83,4,364.38,53.73,47.83,0.498,0,107.35,23,0.253,1,0,1
641.88,4,342.81,1756.66,56.3,0.294,0,184.95,0,0.699,0,1,0
4363.63,2,123.79,1898.26,17.32,0.485,1,187.07,5,0.277,0,0,1
1895.62,6,76.85,136.48,258.2,0.364,1,223.14,8,0.285,0,0,0
3621.59,2,214.95,1213.51,82.32,0.101,0,279.75,13,0.394,0,0,1
1168.51,3,388.93,512.82,123.04,0.401,2,183.05,1,0.311,0,1,0
5279.99,3,287.11,914.1,8.25,0.185,1,208.08,5,0.374,0,0,1
2428.98,2,468.38,515.01,1.92,0.279,0,296.22,0,0.154,0,0,0
916.49,8,80.05,65.54,1.45,0.249,0,133.71,1,0.252,0,0,0
1786.43,11,98.0,1466.27,100.76,0.35,1,208.34,3,0.466,0,1,0
1422.89,8,114.94,71.71,39.53,0.154,1,165.33,12,0.26,1,1,0
2948.87,5,335.24,357.22,18.39,0.335,0,47.4,4,0.374,0,0,1
555.7,7,332.05,3412.63,81.89,0.557,0,120.33,12,0.23,1,0,0
1755.74,5,310.41,445.05,51.65,0.495,2,212.83,17,0.368,0,1,0
2684.65,4,284.7,1373.13,48.26,0.162,2,198.64,12,0.384,0,0,0
1868.75,3,428.3,148.03,79.87,0.217,1,150.11,16,0.582,0,0,1
6953.09,6,246.72,1417.87,31.67,0.5,2,125.81,16,0.318,0,0,1
3920.69,6,387.59,494.75,8.82,0.347,0,172.39,23,0.392,0,1,1
1794.57,4,523.48,570.57,124.82,0.312,1,132.09,1,0.541,0,1,0
2245.51,4,171.25,2770.15,100.22,0.097,1,202.56,23,0.163,0,0,0
2430.05,0,194.92,1738.21,14.29,0.127,0,132.79,4,0.509,0,0,0
2706.2,7,20.84,341.89,19.94,0.421,2,102.99,4,0.111,0,0,1
291.3,4,333.23,2387.16,85.78,0.17,2,282.07,10,0.19,0,0,1
1337.39,5,211.66,87.07,179.21,0.573,0,82.64,23,0.383,1,1,0
409.76,6,240.92,21.23,74.68,0.091,0,273.41,17,0.343,0,1,0
6491.71,7,492.23,608.52,2.69,0.51,3,122.84,9,0.238,0,0,1
1701.3,4,325.41,1175.38,26.24,0.304,0,101.91,22,0.263,0,0,0
1490.19,7,149.04,199.73,74.82,0.376,0,155.75,20,0.169,0,0,0
4432.85,3,204.66,66.96,31.37,0.202,0,20.0,12,0.307,0,0,0
2758.18,3,164.14,1494.09,56.33,0.318,1,95.68,14,0.177,0,1,0
584.86,7,297.15,3433.27,1.85,0.328,0,125.16,16,0.34,0,0,0
1684.28,6,273.03,948.16,11.89,0.409,1,157.89,11,0.625,0,1,0
1293.15,8,408.57,2959.6,71.16,0.198,2,121.17,16,0.274,0,1,1
315.91,4,293.1,1430.26,10.69,0.191,0,263.73,6,0.438,0,0,0
906.62,8,221.62,232.12,177.38,0.387,1,374.98,20,0.568,0,1,0
1504.87,7,285.44,93.03,22.84,0.23,0,202.0,2,0.367,0,0,0
1611.71,3,124.54,1324.06,10.8,0.426,0,149.53,12,0.261,0,0,0
410.66,6,199.95,862.1,10.8,0.411,0,63.11,1,0.257,0,0,0
5719.67,3,262.71,1340.84,9.62,0.168,0,294.6,3,0.345,0,1,1
1632.55,4,437.74,1013.73,21.34,0.091,0,182.76,11,0.177,0,0,0
1877.23,6,356.05,562.81,43.57,0.064,0,279.14,17,0.164,0,0,1
2699.01,3,281.34,2261.8,107.34,0.235,2,20.0,9,0.504,0,1,1
822.15,5,311.52,1120.51,135.54,0.126,0,142.04,8,0.133,0,0,0
2853.66,7,391.1,6.85,45.8,0.382,1,215.97,9,0.462,0,1,1
1252.54,8,243.78,974.62,50.09,0.33,2,234.54,0,0.215,0,1,0
737.61,3,363.81,628.46,36.8,0.164,2,106.56,9,0.481,0,1,1
3208.14,8,203.19,119.08,20.53,0.176,2,123.17,4,0.319,0,0,0
8035.9,4,289.82,456.92,38.17,0.119,2,104.72,7,0.321,0,0,1
3732.48,3,382.12,594.15,9.05,0.087,1,86.03,6,0.522,0,1,0
4550.43,1,372.75,505.57,19.49,0.275,1,182.93,2,0.264,0,1,1
1074.24,6,40.89,455.86,11.13,0.185,1,20.0,1,0.505,0,0,0
365.91,3,280.12,797.96,91.57,0.286,2,63.14,9,0.231,0,0,0
8023.56,9,339.53,859.76,8.9,0.428,2,230.61,9,0.52,0,1,1
14108.25,1,196.21,956.61,68.71,0.288,0,328.28,14,0.304,0,0,1
8457.48,4,367.71,1146.5,3.43,0.474,1,128.52,8,0.049,0,0,1
1292.35,5,128.11,1432.53,53.9,0.466,1,354.98,18,0.311,0,0,0
569.85,2,146.31,682.97,72.54,0.47,1,57.11,9,0.418,0,0,0
622.86,4,20.0,60.58,5.3,0.237,0,268.08,17,0.591,0,0,0
335.72,5,206.85,363.0,73.93,0.374,0,155.39,9,0.325,0,1,0
1623.96,2,20.0,3.04,44.09,0.214,1,336.82,11,0.164,0,0,0
9006.29,6,393.91,723.5,57.94,0.301,0,65.71,2,0.708,0,1,1
1569.23,6,484.31,2952.89,64.24,0.123,2,181.77,7,0.097,0,1,1
2446.28,9,138.94,1403.96,8.91,0.352,1,95.27,23,0.022,0,0,0
7155.22,5,227.51,532.79,79.95,0.415,1,88.45,19,0.385,0,0,1
1207.01,7,262.88,985.33,76.13,0.498,2,113.54,13,0.615,0,1,1
13842.95,6,147.97,1083.46,52.04,0.382,1,162.89,0,0.092,0,0,1
13254.53,3,299.16,722.77,35.13,0.198,0,240.48,3,0.138,0,0,1
1585.87,5,229.71,1734.33,94.82,0.491,0,211.25,20,0.239,0,0,0
1014.82,5,87.26,310.7,106.3,0.137,0,211.54,23,0.217,0,0,0
3630.91,6,298.99,895.17,20.38,0.082,1,239.45,8,0.02,0,0,0
1277.26,7,312.59,53.47,38.06,0.26,2,267.11,0,0.214,0,1,0
568.75,8,20.0,119.03,29.88,0.037,0,144.38,2,0.279,0,0,0
6510.94,3,248.28,2230.42,27.68,0.255,1,20.0,15,0.157,0,0,1
6102.46,3,198.91,626.59,87.97,0.654,1,279.77,3,0.584,0,0,1
2112.26,5,283.23,1123.19,54.47,0.543,2,242.51,2,0.56,0,0,1
511.39,5,409.84,1627.8,32.11,0.19,3,178.92,7,0.081,0,0,0
528.73,5,389.91,2176.13,77.67,0.3,0,78.98,4,0.632,0,0,0
2012.69,5,373.53,75.23,143.33,0.094,1,187.61,17,0.169,0,0,0
1096.77,4,267.56,968.07,26.19,0.351,1,88.82,6,0.351,0,0,0
1285.51,3,218.4,795.07,7.27,0.22,2,84.47,7,0.652,0,1,0
5023.91,3,20.0,733.3,126.16,0.568,0,201.87,21,0.465,0,0,1
3763.78,5,346.65,125.73,157.75,0.082,2,115.22,10,0.618,0,1,1
7173.45,5,365.37,1186.93,26.31,0.048,0,180.25,11,0.176,0,0,1
671.41,8,49.6,303.35,52.26,0.187,1,185.19,23,0.383,0,0,0
1282.81,1,304.93,201.03,4.74,0.024,2,213.31,16,0.185,0,0,1
3862.16,5,373.25,982.81,2.38,0.615,1,189.05,22,0.538,0,0,1
2830.13,2,144.87,194.02,4.96,0.403,2,237.52,3,0.51,0,1,1
8369.76,1,345.43,552.49,74.46,0.281,0,169.78,17,0.479,0,0,1
2753.25,9,111.14,305.62,30.72,0.769,1,239.11,7,0.058,1,1,1
11477.1,2,194.57,1387.45,53.27,0.493,0,183.9,6,0.447,0,0,1
3102.67,8,109.55,2469.83,40.44,0.265,1,240.34,13,0.403,0,0,0
5230.0,9,347.56,1392.64,10.77,0.222,0,130.01,18,0.401,0,0,1
1308.3,7,347.03,404.51,84.19,0.22,0,216.26,20,0.331,0,0,0
1834.06,3,186.17,142.14,12.05,0.169,0,212.42,21,0.359,0,1,0
4496.0,5,100.22,958.85,10.06,0.239,0,268.92,17,0.342,0,0,1
9072.27,7,566.83,1872.2,48.09,0.256,0,201.68,0,0.416,0,1,1
3748.97,6,259.09,410.62,101.73,0.609,0,175.19,3,0.639,1,0,0
1663.75,1,243.7,33.3,100.55,0.182,1,240.78,12,0.378,0,0,0
7167.66,5,155.07,106.23,28.85,0.231,1,131.47,1,0.353,0,0,1
201.95,7,132.9,385.87,57.83,0.591,0,160.66,2,0.173,0,0,0
436.05,4,314.22,553.36,87.24,0.209,2,255.32,0,0.104,0,1,0
3574.69,7,292.37,274.63,12.18,0.445,0,176.86,2,0.149,0,0,1
1833.73,4,187.79,534.76,25.12,0.306,2,154.99,3,0.412,0,0,0
3312.68,5,350.06,2551.46,50.17,0.283,0,275.62,19,0.118,0,1,0
1928.33,3,224.38,64.14,91.46,0.355,2,59.48,3,0.086,0,0,1
3200.13,5,326.48,1301.71,20.47,0.286,0,183.67,23,0.08,0,0,1
800.79,2,297.21,486.06,48.55,0.335,1,285.61,15,0.125,0,0,0
3198.66,4,231.42,848.34,3.02,0.27,0,273.29,1,0.306,0,0,1
4887.39,8,339.93,2788.7,134.79,0.486,0,145.35,5,0.443,0,0,1
6127.55,4,382.01,492.29,113.17,0.529,0,218.33,11,0.437,0,0,1
13542.04,2,372.13,80.77,127.65,0.187,0,241.46,15,0.406,0,1,1
2307.91,8,75.08,1407.8,172.54,0.141,3,138.67,5,0.363,0,1,0
2377.75,2,381.34,246.0,93.44,0.319,0,241.98,4,0.664,1,0,0
394.19,4,309.83,1884.89,11.85,0.132,1,244.64,19,0.296,0,0,0
1062.72,3,323.9,68.39,43.52,0.233,0,196.15,17,0.28,0,0,0
1490.58,10,20.0,207.0,9.91,0.142,1,129.5,19,0.13,0,1,0
5168.41,4,74.44,2755.35,1.03,0.154,0,49.21,1,0.276,0,0,1
981.42,5,220.71,1697.94,7.74,0.227,2,163.93,13,0.625,0,1,0
4009.17,5,33.29,197.57,92.19,0.091,1,123.99,12,0.29,0,0,0
1805.11,5,456.21,1198.55,68.07,0.371,1,270.67,6,0.744,0,0,1
1514.49,5,147.32,72.2,71.33,0.307,0,154.16,16,0.528,0,0,0
2319.01,9,108.27,137.44,26.04,0.087,1,180.62,19,0.204,0,1,0
1222.73,3,201.37,160.99,1.36,0.426,1,156.0,17,0.199,0,0,0
1177.28,2,223.48,35.32,19.12,0.553,1,250.15,15,0.486,0,1,1
328.72,2,280.89,530.22,30.36,0.388,0,59.35,3,0.591,0,0,0
1410.99,4,20.0,396.29,22.17,0.535,1,171.21,1,0.402,0,1,0
1118.82,11,90.89,712.48,34.79,0.101,1,123.18,6,0.343,0,0,0
1079.25,7,180.74,933.65,47.37,0.199,2,132.59,23,0.413,0,0,0
2743.18,3,317.27,723.77,6.28,0.219,1,228.03,8,0.3,0,1,1
3493.4,8,220.11,261.11,119.23,0.326,0,52.49,11,0.419,0,0,0
2280.6,1,270.41,69.0,41.05,0.196,1,322.25,1,0.258,0,0,1
4892.29,4,383.54,1053.47,96.94,0.132,0,20.0,3,0.543,0,0,0
3214.93,7,240.37,295.83,32.16,0.293,1,124.73,9,0.534,1,0,0
1346.07,3,307.25,227.01,65.72,0.073,0,123.66,12,0.587,0,0,0
1138.13,9,239.24,938.25,112.75,0.339,4,147.54,7,0.22,0,1,1
2472.1,4,408.67,466.54,45.95,0.065,1,149.53,18,0.113,0,0,0
3209.17,5,331.01,183.05,26.28,0.408,1,85.61,2,0.438,0,1,0
7316.19,5,20.0,1163.82,42.88,0.211,1,274.19,19,0.338,0,0,1
5950.16,4,296.61,1313.48,9.13,0.239,1,213.74,0,0.173,0,1,1
1052.08,9,482.67,3375.22,60.61,0.198,1,202.16,18,0.246,0,0,0
1632.71,4,396.82,504.87,1.91,0.142,0,83.81,15,0.127,0,0,0
3536.94,4,192.06,29.89,30.12,0.215,1,233.34,14,0.508,0,0,0
5260.59,2,343.53,582.62,39.48,0.379,1,69.04,0,0.424,0,0,1
4623.79,5,144.05,18.82,25.76,0.1,0,137.99,11,0.302,0,0,0
1696.16,3,226.51,2358.85,32.97,0.263,0,103.17,12,0.255,0,0,0
515.93,7,164.29,153.72,9.66,0.154,1,137.21,9,0.489,0,1,0
665.85,4,266.24,2076.45,4.07,0.19,1,187.55,12,0.689,0,1,0
2374.72,8,499.16,2396.91,29.27,0.404,1,34.95,7,0.39,0,1,1
2545.86,6,49.88,1194.95,135.72,0.271,0,137.14,10,0.222,0,1,0
602.64,1,336.47,73.08,9.91,0.394,0,113.69,16,0.235,0,0,0
1890.45,3,164.67,653.82,16.65,0.147,0,152.34,0,0.457,0,0,1
3398.96,6,144.6,349.89,105.62,0.692,1,113.77,20,0.022,0,0,0
571.79,4,302.33,1372.79,15.56,0.397,1,211.06,13,0.738,0,1,0
5458.87,2,253.56,287.87,24.36,0.247,4,141.91,18,0.724,0,1,1
1239.51,4,291.01,480.1,5.37,0.205,0,68.9,1,0.108,0,0,0
6358.92,3,244.14,682.07,2.39,0.142,1,196.99,15,0.473,0,0,1
1060.55,3,231.48,28.77,54.0,0.149,1,288.32,13,0.389,0,1,0
647.67,4,261.6,750.99,8.06,0.192,2,94.23,23,0.133,0,0,0
1143.52,14,238.61,337.6,40.89,0.129,1,306.36,18,0.062,0,0,1
1643.94,5,221.76,602.62,28.13,0.195,2,278.46,4,0.457,0,0,0
1226.01,7,256.99,106.67,4.95,0.154,0,107.78,5,0.136,0,0,0
1456.8,4,189.9,327.36,28.01,0.428,0,300.33,19,0.331,1,0,0
2524.92,4,427.49,697.43,14.26,0.482,0,72.57,7,0.193,0,0,0
1523.58,2,56.47,678.12,97.76,0.137,1,207.07,1,0.299,0,0,0
1692.37,6,78.49,137.54,15.25,0.378,0,184.69,8,0.244,0,1,0
327.27,4,440.13,428.5,59.97,0.705,1,48.32,15,0.101,0,0,0
2674.98,0,335.7,586.35,57.7,0.328,3,191.79,8,0.018,0,1,0
1653.74,5,99.86,67.77,10.73,0.181,0,232.31,4,0.4,0,0,0
9047.95,2,335.84,731.78,40.56,0.113,2,55.07,6,0.503,0,1,1
706.58,8,162.28,210.88,92.07,0.362,1,225.89,11,0.136,0,0,0
296.4,6,299.77,2022.66,5.29,0.201,1,161.71,23,0.296,0,0,0
3354.54,5,246.78,250.17,47.15,0.399,0,145.86,16,0.364,0,0,1
2556.84,7,307.44,1238.52,9.29,0.27,0,171.51,21,0.611,0,0,0
659.56,4,269.0,698.13,13.77,0.514,1,267.77,15,0.385,0,1,0
391.6,2,148.69,925.03,52.25,0.296,1,122.72,9,0.3,0,0,0
8411.85,4,188.7,1856.29,50.82,0.075,0,280.14,10,0.164,0,1,1
7436.16,3,260.23,1506.12,54.62,0.21,0,221.47,17,0.427,0,0,1
150.29,3,80.81,109.34,39.11,0.475,0,265.16,1,0.342,1,0,0
1143.42,11,176.94,2171.39,76.6,0.309,0,301.12,16,0.365,0,1,0
9549.0,2,223.69,119.43,52.26,0.27,1,236.69,15,0.527,0,0,1
1123.2,3,252.55,304.29,12.0,0.621,0,68.62,22,0.051,0,0,0
1106.98,5,174.9,592.41,5.34,0.162,2,170.72,23,0.434,0,0,0
1362.72,7,340.25,2166.63,0.51,0.183,0,84.8,12,0.19,0,0,0
589.4,5,65.24,789.34,0.35,0.1,1,184.17,6,0.417,0,0,0
328.73,0,252.31,1663.24,5.62,0.616,0,25.13,2,0.521,0,0,0
5179.93,5,321.56,2274.01,28.48,0.199,0,50.66,5,0.375,0,0,0
286.31,9,614.29,1104.2,0.29,0.091,1,268.51,15,0.415,0,1,0
2315.25,4,89.78,526.08,24.12,0.147,1,141.54,20,0.142,0,0,0
4387.78,9,20.0,392.84,75.09,0.365,0,119.03,2,0.52,0,0,1
423.59,4,367.49,257.45,6.88,0.274,3,210.68,8,0.654,0,0,0
717.47,5,302.67,565.14,77.54,0.287,3,103.69,15,0.162,0,0,0
6082.55,8,292.12,39.38,10.54,0.083,0,83.42,9,0.296,0,0,1
3080.64,5,20.0,207.17,12.94,0.273,1,193.51,4,0.313,0,0,0
975.27,1,221.84,354.95,13.99,0.16,1,395.47,13,0.636,0,0,0
6016.43,3,280.03,1535.93,19.56,0.376,3,130.78,21,0.75,0,1,1
6042.27,8,85.94,377.42,34.77,0.52,0,115.44,14,0.258,0,0,1
2366.23,3,74.03,219.05,57.07,0.525,0,133.99,9,0.635,0,0,0
734.98,6,170.38,1221.15,74.82,0.264,0,142.09,10,0.285,0,0,0
1195.78,1,148.91,2294.0,1.09,0.304,1,247.97,0,0.225,0,0,0
2407.6,2,326.78,1192.56,7.86,0.19,0,20.0,16,0.455,0,0,0
1497.28,2,188.38,107.53,68.98,0.167,2,104.31,1,0.599,0,1,0
4623.73,8,127.49,308.92,74.02,0.317,0,89.59,8,0.486,0,1,0
391.59,13,504.91,738.84,144.44,0.506,0,124.45,7,0.236,0,0,0
405.75,4,320.13,174.54,17.2,0.046,0,285.76,5,0.33,0,0,0
2166.51,3,300.31,809.76,12.77,0.66,0,241.7,21,0.585,1,1,1
1105.95,3,133.59,215.38,42.64,0.681,1,204.78,7,0.119,0,0,0
965.79,3,121.04,625.95,4.1,0.149,1,71.39,20,0.052,0,0,0
308.57,5,211.74,981.41,64.59,0.387,0,226.31,0,0.118,0,0,0
1843.73,8,407.51,1236.47,32.52,0.127,1,308.56,1,0.543,0,1,1
1715.13,3,112.77,1289.79,61.9,0.137,0,187.97,14,0.573,0,0,0
3475.45,6,20.0,1192.46,8.64,0.379,1,232.86,7,0.312,0,0,0
1937.02,6,52.25,117.97,31.26,0.609,1,246.4,0,0.134,0,0,0
1583.5,6,26.21,3631.75,21.17,0.314,0,236.14,21,0.413,0,1,0
5866.42,7,163.8,1183.26,31.87,0.262,2,27.33,15,0.623,0,1,1
486.64,4,394.78,87.97,40.82,0.13,0,211.71,21,0.249,0,0,0
3091.43,7,20.0,956.72,57.7,0.408,0,149.2,19,0.271,0,0,1
339.97,4,238.93,507.9,100.79,0.083,0,103.0,20,0.27,0,0,0
781.83,5,168.3,446.84,13.26,0.391,2,196.84,21,0.759,0,1,0
537.72,5,227.25,903.13,27.83,0.489,1,249.12,20,0.579,0,1,0
3951.86,5,174.86,147.04,6.0,0.323,0,335.97,1,0.56,0,0,1
1693.56,9,20.0,5000.0,20.34,0.167,0,215.26,21,0.605,0,1,0
1783.79,4,190.01,629.06,23.9,0.507,1,142.78,11,0.261,0,0,0
597.81,4,362.3,722.37,29.11,0.675,2,20.0,19,0.317,0,0,0
1339.84,4,271.33,442.98,130.76,0.171,0,161.53,13,0.17,0,0,0
842.64,6,216.14,744.96,120.36,0.041,1,131.69,3,0.043,0,0,0
2653.02,4,336.8,872.54,3.58,0.445,1,108.79,12,0.605,0,0,1
671.09,7,224.01,339.1,26.71,0.147,1,317.03,12,0.203,0,1,0
6834.88,4,161.03,496.04,19.29,0.059,1,174.54,21,0.263,0,0,1
338.46,6,151.21,236.14,22.4,0.366,0,55.89,7,0.02,0,0,0
807.13,4,218.99,1182.56,69.43,0.414,0,159.56,19,0.222,0,0,0
9674.03,8,419.26,1069.62,10.98,0.504,1,94.73,20,0.267,0,1,1
1170.12,0,123.05,1332.53,70.5,0.272,0,75.84,3,0.398,0,0,0
485.47,6,125.44,970.77,124.49,0.54,1,207.9,9,0.402,0,0,0
2250.87,8,359.65,16.25,59.17,0.417,1,154.78,15,0.211,0,1,0
1123.95,5,271.5,169.71,26.51,0.208,1,251.68,20,0.385,0,0,0
783.78,7,427.67,393.62,3.23,0.122,1,125.45,15,0.055,0,0,0
604.34,7,425.67,213.45,5.5,0.186,2,233.5,14,0.251,0,0,0
28807.0,3,350.3,606.91,62.74,0.189,0,228.89,21,0.183,0,0,1
1405.92,2,345.15,1827.16,6.03,0.407,0,251.86,23,0.145,0,1,0
263.6,5,259.77,1071.69,26.74,0.444,0,108.08,0,0.317,0,0,0
8052.27,8,31.95,247.99,102.61,0.142,0,173.77,16,0.921,1,0,1
3331.14,7,145.19,405.43,38.41,0.145,1,106.48,19,0.249,1,0,0
840.11,1,157.53,42.68,20.53,0.34,2,91.74,8,0.223,0,0,0
711.15,2,377.88,5.01,13.13,0.314,1,425.16,16,0.23,0,1,0
3545.64,6,461.24,442.89,38.83,0.123,1,264.73,23,0.509,0,1,1
1412.45,3,250.89,1041.37,20.79,0.078,0,224.27,6,0.509,0,0,0
263.49,11,278.76,1577.52,159.62,0.202,0,196.96,0,0.518,1,0,0
10799.34,8,177.43,451.77,0.68,0.113,1,203.1,18,0.13,0,0,1
1171.46,3,218.96,159.01,145.25,0.389,0,233.73,10,0.169,0,0,0
8067.28,6,198.02,242.37,11.87,0.37,0,87.76,8,0.555,0,0,1
6492.71,6,458.99,471.72,42.69,0.35,0,214.71,5,0.188,0,0,1
664.47,10,438.41,838.92,15.31,0.162,1,237.88,21,0.206,0,1,0
5080.63,7,89.69,626.16,85.05,0.165,1,47.69,6,0.422,0,0,1
942.52,8,264.43,1469.15,60.04,0.111,2,108.91,5,0.438,0,0,0
279.58,3,217.45,14.96,13.35,0.44,0,209.69,19,0.289,0,0,0
1182.52,4,20.0,3875.43,41.61,0.668,0,53.8,0,0.304,0,0,0
2690.92,1,407.46,2118.39,119.62,0.24,1,314.07,12,0.245,0,0,1
1138.27,4,546.82,129.67,12.68,0.304,1,201.85,19,0.184,0,1,0
1330.02,6,369.68,39.49,84.06,0.321,2,25.21,0,0.194,0,1,0
5673.53,3,205.41,769.15,78.75,0.24,0,181.75,12,0.147,0,0,1
2011.21,4,404.28,1022.39,24.13,0.585,0,288.06,3,0.251,0,0,0
777.98,6,306.81,515.91,1.95,0.205,2,125.86,6,0.164,0,1,0
3648.35,5,488.55,260.88,9.13,0.215,1,136.26,3,0.403,0,1,0
2203.22,4,292.28,815.44,32.13,0.364,1,168.79,4,0.315,0,0,1
145.24,3,249.97,808.12,31.8,0.251,1,241.96,22,0.405,0,0,0
2774.85,9,244.05,128.45,5.59,0.313,0,185.7,18,0.115,0,0,0
2675.33,9,216.39,1285.5,16.9,0.269,2,34.41,20,0.356,0,1,1
1844.79,8,316.67,1107.47,23.73,0.059,1,120.84,2,0.294,0,0,0
4410.31,2,429.71,70.91,84.82,0.151,3,102.52,7,0.026,0,0,1
922.98,6,119.65,496.61,114.3,0.513,2,240.59,3,0.329,0,1,0
2531.33,4,350.68,399.92,46.26,0.511,2,234.17,9,0.803,0,1,1
377.3,6,616.97,496.62,15.99,0.368,0,148.45,15,0.488,0,1,0
2716.48,3,131.91,494.87,57.86,0.356,2,166.76,8,0.237,0,1,1
12747.11,4,361.92,593.95,144.72,0.467,0,300.96,3,0.325,0,0,1
668.57,8,237.85,259.7,5.83,0.031,5,96.83,13,0.064,0,1,0
845.73,6,78.67,507.35,16.48,0.268,1,198.81,10,0.454,0,1,0
888.9,4,43.13,83.84,39.57,0.19,3,212.2,18,0.323,0,0,1
2059.05,3,336.03,155.54,20.86,0.091,0,178.72,1,0.183,0,0,0
624.51,7,97.53,73.72,99.9,0.671,5,76.44,22,0.332,0,1,0
2755.21,3,352.35,164.81,15.15,0.31,0,272.07,13,0.13,0,1,0
4216.83,7,262.02,3.47,107.23,0.134,1,98.72,18,0.172,0,0,1
3085.12,4,478.56,30.85,89.36,0.204,0,230.51,19,0.477,0,1,1
308.46,9,140.78,1274.2,9.2,0.085,0,39.73,7,0.184,0,1,0
4891.08,6,128.31,177.64,4.94,0.191,0,145.76,11,0.157,0,0,1
4616.39,4,390.22,587.16,56.5,0.101,1,79.86,4,0.285,0,0,1
4147.09,2,215.96,370.1,25.48,0.332,3,138.04,13,0.217,0,0,0
2625.02,2,358.79,319.22,13.22,0.085,0,264.88,8,0.374,0,0,1
2253.39,5,406.53,1556.49,123.24,0.659,1,138.65,7,0.24,0,1,1
5076.56,6,435.6,532.78,4.64,0.084,1,99.21,15,0.819,0,1,1
12375.99,5,97.81,581.87,88.9,0.491,0,112.22,3,0.037,0,0,1
697.12,7,212.23,491.63,41.2,0.665,1,260.15,22,0.282,0,0,0
5314.13,8,41.57,250.61,6.5,0.206,1,275.87,8,0.404,0,0,1
1658.69,3,404.89,919.72,23.51,0.317,1,215.59,3,0.552,0,1,0
1588.15,5,233.3,38.66,38.22,0.223,0,207.93,17,0.537,0,1,0
388.96,6,20.0,264.44,9.45,0.221,2,152.68,17,0.146,0,0,0
1359.96,9,390.19,866.62,6.83,0.341,0,312.83,10,0.09,0,0,0
666.96,2,358.21,27.19,15.94,0.366,0,131.03,3,0.182,0,0,1
1137.0,4,130.73,20.84,41.17,0.1,0,301.33,14,0.415,0,0,0
602.94,4,227.12,373.15,73.92,0.201,0,201.92,23,0.308,0,0,0
1154.12,9,325.61,231.4,163.1,0.361,0,40.37,13,0.15,0,0,0
1204.58,7,380.19,965.74,8.03,0.115,1,110.35,5,0.15,0,0,0
1991.72,9,175.93,1128.28,0.43,0.244,0,104.43,13,0.255,0,0,0
359.69,8,370.97,29.53,200.53,0.387,1,219.86,19,0.419,0,0,0
426.02,6,221.6,458.72,7.37,0.203,2,171.59,19,0.531,0,1,0
2596.49,5,298.97,2294.78,69.71,0.152,1,212.18,3,0.741,0,0,0
814.49,10,287.76,300.29,74.28,0.241,1,126.81,13,0.58,0,0,0
5295.06,5,31.76,175.48,4.41,0.051,0,80.79,23,0.388,0,0,1
2264.86,2,164.46,589.34,83.37,0.454,1,135.76,5,0.613,0,0,0
3316.82,3,104.07,479.6,14.35,0.182,0,184.47,5,0.319,0,0,1
7410.79,2,152.59,198.27,78.83,0.043,1,144.6,12,0.37,0,0,1
1326.49,4,287.48,205.74,19.17,0.412,0,180.63,0,0.176,0,0,1
1017.92,6,156.56,928.49,69.42,0.441,1,161.88,11,0.717,1,1,0
4322.99,7,289.42,311.97,91.64,0.292,0,291.54,3,0.216,0,0,1
3009.45,5,117.05,3416.57,0.22,0.574,1,143.08,2,0.332,0,0,0
1499.17,4,210.59,273.77,37.04,0.159,1,380.51,18,0.445,0,0,1
7269.61,6,427.86,635.06,20.92,0.123,0,30.06,3,0.132,0,0,1
1462.29,2,152.01,60.75,92.86,0.32,1,192.08,15,0.168,0,0,0
1868.28,9,343.07,619.18,32.96,0.241,2,160.01,0,0.237,0,0,0
1846.82,8,74.16,493.85,24.09,0.478,0,20.0,1,0.158,0,0,0
710.1,4,350.01,343.82,7.99,0.148,2,206.6,19,0.534,0,1,0
1953.91,3,144.12,449.17,16.64,0.222,0,312.68,11,0.175,0,0,0
7308.26,6,164.46,157.27,256.05,0.606,1,200.24,18,0.673,1,0,1
2821.34,5,375.0,1372.86,97.13,0.36,0,206.59,23,0.166,0,0,0
1865.09,6,20.0,2038.71,18.3,0.174,1,199.84,9,0.209,0,0,0
1537.99,3,227.97,1453.64,48.12,0.029,0,122.38,10,0.523,0,0,0
2517.11,7,362.75,1307.27,307.99,0.264,1,202.64,2,0.392,0,0,0
3826.73,8,30.42,635.94,58.43,0.149,0,235.94,13,0.456,0,0,0
3325.05,6,231.17,324.75,20.69,0.065,1,250.51,3,0.338,0,0,0
1297.42,2,102.87,150.93,2.07,0.415,0,193.28,5,0.191,0,0,0
2501.84,6,166.66,1370.71,80.29,0.339,0,232.4,20,0.058,0,0,1
2921.75,9,262.23,35.55,16.81,0.415,0,188.99,8,0.249,0,0,0
660.37,5,308.19,159.75,7.76,0.581,1,118.5,15,0.123,0,0,0
2139.29,8,306.62,410.97,6.13,0.35,0,224.91,5,0.375,0,1,0
208.24,7,393.3,173.16,5.67,0.303,2,290.79,2,0.106,0,1,0
2929.34,1,221.31,699.72,6.05,0.224,0,238.55,7,0.176,0,0,0
3499.39,3,176.34,1030.37,36.28,0.484,0,163.69,4,0.36,0,0,0
3818.24,7,298.59,1918.31,72.11,0.169,1,201.94,16,0.423,0,0,0
1217.99,2,381.36,189.03,111.61,0.46,1,240.63,15,0.161,0,0,0
2462.78,4,165.31,262.37,57.93,0.158,0,209.06,10,0.486,0,1,0
7509.72,4,282.89,1009.09,5.03,0.367,0,206.04,14,0.783,1,1,1
7433.63,3,303.21,195.74,146.97,0.218,0,186.05,10,0.628,0,0,1
1756.06,6,253.68,387.38,0.29,0.122,2,156.38,5,0.604,0,1,0
2078.33,4,292.9,1120.19,69.78,0.233,0,173.7,21,0.075,0,0,0
5491.25,5,333.24,377.08,201.86,0.299,0,187.14,4,0.252,0,0,1
403.11,4,279.17,126.55,112.38,0.084,0,318.81,13,0.564,1,0,0
1308.88,2,247.76,251.18,62.96,0.378,0,211.82,15,0.234,0,1,0
6874.47,3,234.93,67.45,37.21,0.476,1,192.91,2,0.298,0,0,1
4794.38,4,372.82,897.1,383.39,0.424,1,117.22,17,0.42,0,0,1
2615.64,3,293.54,37.53,49.07,0.108,1,126.66,0,0.216,0,0,0
401.08,1,385.47,682.76,88.77,0.016,1,309.07,16,0.522,0,0,0
1720.02,6,263.91,2397.4,10.02,0.533,0,41.21,18,0.046,0,0,0
1002.33,4,327.67,1572.17,51.07,0.459,1,199.4,3,0.235,0,0,1
2517.54,6,316.17,60.59,0.67,0.153,4,264.74,0,0.119,0,1,1
804.85,5,180.23,1002.76,82.58,0.567,1,210.38,0,0.232,0,0,0
648.25,5,20.0,937.19,26.61,0.311,1,278.56,15,0.337,0,0,0
229.32,9,52.99,283.5,14.92,0.697,1,231.5,17,0.161,0,0,0
6135.24,6,350.59,92.62,14.98,0.32,1,225.81,23,0.245,0,0,1
1212.25,6,316.82,1539.72,195.1,0.202,0,79.78,15,0.255,0,0,0
2115.71,4,250.39,646.5,100.54,0.31,1,232.03,22,0.456,0,0,1
1804.0,6,279.67,958.96,77.72,0.181,1,278.81,4,0.549,0,0,0
621.77,5,170.18,489.7,35.19,0.121,0,183.23,23,0.216,0,0,0
513.34,10,162.87,201.19,25.47,0.239,0,221.74,16,0.571,1,0,0
661.62,12,215.85,241.26,44.7,0.125,1,90.58,1,0.541,0,1,0
877.28,6,346.42,612.28,39.41,0.128,1,185.8,13,0.704,0,1,0
2608.7,1,374.75,213.83,108.99,0.372,1,219.77,23,0.219,0,0,0
815.89,3,289.31,406.9,180.76,0.135,0,101.91,14,0.747,0,0,0
10368.12,3,261.86,61.85,133.7,0.247,0,156.74,15,0.244,0,0,1
5050.04,3,243.54,4323.81,73.06,0.403,1,239.63,21,0.367,0,1,1
4057.65,8,202.93,767.12,26.0,0.104,0,241.66,7,0.669,0,0,1
1604.14,9,20.0,126.31,71.64,0.211,2,84.67,11,0.726,1,1,1
8219.63,3,354.54,111.51,75.68,0.255,0,192.17,6,0.427,0,0,1
1453.88,3,333.32,528.21,9.32,0.324,0,140.72,12,0.282,0,0,1
1752.39,3,285.38,20.06,85.46,0.076,0,148.43,10,0.195,0,0,0
2143.03,3,324.49,424.87,121.63,0.235,1,165.86,20,0.2,0,1,0
3647.59,3,461.51,2319.11,69.58,0.068,0,238.24,17,0.267,0,0,1
3418.33,9,188.63,1386.91,57.12,0.643,1,272.69,7,0.617,1,1,1
1124.25,3,287.39,2126.94,12.27,0.139,1,155.88,10,0.391,0,0,0
1061.04,2,101.07,94.23,50.77,0.266,0,46.18,11,0.142,0,0,0
3428.59,7,458.72,370.66,49.84,0.153,0,164.51,2,0.142,0,0,1
3696.85,6,259.47,647.74,23.51,0.455,0,97.92,23,0.403,0,0,0
1220.05,9,20.0,1019.14,5.99,0.544,1,315.78,10,0.185,0,0,0
369.74,5,205.32,398.66,28.45,0.084,2,203.73,13,0.78,0,1,0
1469.51,3,405.72,307.3,126.76,0.101,1,203.15,18,0.547,0,1,0
3372.89,6,337.16,291.15,76.0,0.43,1,115.11,8,0.291,0,1,0
10997.43,6,448.5,1246.44,21.87,0.211,0,78.89,16,0.135,0,0,1
545.69,5,236.81,384.78,10.91,0.51,2,261.72,12,0.192,0,0,1
1180.19,5,349.48,13.16,30.86,0.125,0,216.8,16,0.353,0,0,0
1224.88,1,294.86,1176.49,70.95,0.33,0,173.4,10,0.442,0,0,0
7015.0,4,291.97,140.76,57.8,0.31,1,298.7,18,0.154,0,0,1
1745.96,7,132.83,791.54,107.32,0.041,1,134.45,14,0.636,0,1,0
729.73,3,20.0,23.93,18.66,0.163,0,328.16,12,0.243,0,0,0
3161.16,5,243.29,391.49,34.1,0.225,0,178.63,21,0.217,0,0,0
1206.36,8,20.0,486.95,14.87,0.287,2,159.64,16,0.133,0,0,0
531.45,4,321.98,2891.99,74.22,0.163,1,177.4,8,0.341,0,0,0
740.43,9,199.63,73.84,27.24,0.49,2,113.31,18,0.452,0,1,0
10239.85,4,149.56,1113.9,27.96,0.446,0,259.76,8,0.216,0,0,1
2655.02,3,146.36,2676.26,84.3,0.352,0,221.12,11,0.694,0,1,0
2013.76,7,259.34,259.38,65.44,0.406,0,251.11,3,0.203,0,1,0
1408.25,7,364.91,204.59,31.91,0.238,1,91.67,23,0.366,0,0,1
2421.52,3,214.52,2430.39,23.63,0.241,0,206.15,5,0.416,0,0,0
2392.84,4,159.19,537.98,58.3,0.073,0,123.49,4,0.318,0,0,0
2421.56,8,160.83,1383.43,142.71,0.275,0,174.56,0,0.247,0,0,0
2028.08,7,444.42,1266.35,27.63,0.139,0,77.7,3,0.698,0,1,1
4310.45,7,244.39,315.62,1.99,0.399,1,112.94,6,0.247,0,1,1
1850.3,3,20.0,166.09,105.52,0.098,0,264.01,14,0.083,0,0,0
679.98,7,202.9,970.92,9.1,0.392,1,224.81,2,0.881,0,1,0
980.02,6,77.9,556.61,115.88,0.438,2,129.1,23,0.328,0,0,0
249.88,6,175.92,539.46,88.46,0.313,1,126.12,5,0.393,0,1,0
13722.84,2,108.71,632.09,53.89,0.265,0,89.42,2,0.045,0,0,1
4284.48,5,478.82,20.79,93.51,0.534,1,126.52,18,0.207,0,0,1
788.34,10,288.23,4.06,15.04,0.325,1,106.09,14,0.679,0,1,0
1363.97,7,378.02,301.64,96.84,0.173,3,287.25,8,0.628,0,1,1
956.35,10,477.02,312.88,41.23,0.256,1,169.79,11,0.494,0,1,0
8455.29,0,285.02,1014.76,9.75,0.062,0,129.89,20,0.161,0,0,1
437.08,8,556.16,315.22,14.69,0.394,3,218.32,14,0.245,0,1,1
2027.33,5,66.22,356.47,78.0,0.4,1,169.67,12,0.437,0,0,0
1622.09,4,419.21,638.0,92.49,0.452,0,179.97,5,0.151,0,0,1
4133.33,5,273.7,716.42,103.88,0.515,1,193.85,14,0.482,0,0,1
1629.44,6,354.53,324.32,10.19,0.276,0,132.08,20,0.169,0,0,0
311.62,7,232.83,653.35,116.15,0.265,1,239.47,1,0.537,0,1,0
1406.53,5,328.57,769.49,34.04,0.441,1,182.19,3,0.197,0,0,0
683.92,2,300.98,242.23,249.62,0.234,3,130.97,18,0.655,0,1,0
1957.81,4,238.44,215.08,32.36,0.319,2,232.76,23,0.106,0,1,1
7586.89,5,267.25,1768.98,14.53,0.253,1,210.85,10,0.25,0,0,1
317.53,3,460.89,834.05,3.08,0.42,1,184.86,14,0.174,0,0,0
812.22,3,162.56,298.1,54.68,0.185,0,37.85,13,0.427,0,0,0
1040.34,7,435.01,640.17,0.25,0.04,0,230.85,6,0.396,0,1,0
1234.44,11,160.23,983.18,90.4,0.293,2,122.91,23,0.456,0,1,0
3790.02,6,330.0,18.31,18.61,0.119,1,187.1,15,0.318,0,0,1
1519.98,12,243.45,2018.91,54.81,0.355,0,184.1,20,0.196,1,0,0
2740.25,7,325.48,1010.5,34.63,0.322,1,174.15,23,0.521,0,0,1
967.03,3,286.47,398.4,53.53,0.056,0,151.62,23,0.412,0,0,0
2275.43,6,312.54,2153.7,2.73,0.16,0,211.74,18,0.043,1,0,0
3935.52,3,326.41,45.97,10.96,0.575,0,163.53,18,0.199,0,0,1
869.31,5,273.13,1122.53,111.87,0.171,3,128.12,13,0.422,0,0,0
3949.55,4,399.98,597.72,27.02,0.563,1,220.77,5,0.53,0,1,1
1905.26,6,312.82,874.4,41.66,0.077,1,200.96,1,0.565,0,0,0
5143.35,13,460.39,510.0,30.54,0.145,0,170.76,22,0.476,1,0,1
1478.2,3,223.37,127.41,120.85,0.248,0,27.31,21,0.631,0,0,0
2647.17,4,161.88,241.74,11.12,0.132,1,139.35,1,0.186,0,0,0
1736.1,5,305.24,497.47,91.29,0.086,1,136.26,15,0.295,0,0,0
1642.19,3,78.42,2009.07,3.1,0.466,0,163.7,3,0.365,0,0,0
2342.4,8,380.88,56.61,97.35,0.076,1,61.91,9,0.04,0,1,0
3092.72,4,207.79,88.49,116.61,0.284,0,138.8,10,0.443,0,0,1
518.24,3,360.25,132.57,77.99,0.287,1,163.71,6,0.238,0,0,0
7582.77,6,293.77,800.0,16.23,0.06,0,202.06,10,0.414,0,0,1
281.56,6,245.0,364.95,6.06,0.426,0,116.52,22,0.36,0,1,0
911.59,2,289.06,129.3,34.74,0.242,0,281.21,3,0.09,0,0,0
1645.39,5,78.32,104.06,54.8,0.148,1,225.93,6,0.498,0,0,0
2730.82,4,200.96,897.08,85.52,0.502,0,267.53,3,0.126,0,0,1
8744.43,3,346.34,496.8,35.25,0.563,0,238.94,3,0.064,0,0,1
281.94,3,90.62,1649.33,39.56,0.346,0,174.49,5,0.124,0,0,0
1088.23,4,320.73,414.05,137.49,0.331,2,165.07,1,0.07,0,0,0
215.54,11,353.69,853.09,2.45,0.195,0,245.76,15,0.353,0,0,0
1866.13,5,172.59,1271.1,19.21,0.249,1,143.58,3,0.603,0,0,1
2372.46,6,409.53,2457.72,28.83,0.073,0,174.03,2,0.102,0,0,0
8873.24,4,347.46,1627.87,51.01,0.038,0,129.84,2,0.568,0,0,1
2039.86,3,415.68,1194.41,4.99,0.232,0,260.07,3,0.513,0,1,1
5135.98,6,294.11,426.03,103.91,0.227,0,40.38,5,0.312,0,1,1
3241.65,5,200.56,3250.48,19.02,0.467,0,264.55,21,0.816,0,1,0
1169.99,10,390.36,246.0,10.23,0.416,2,270.57,17,0.398,0,1,0
441.88,6,251.46,866.1,44.77,0.701,1,191.05,20,0.484,0,1,0
2380.35,6,362.73,111.98,7.57,0.129,4,304.22,15,0.382,0,1,1
406.63,6,195.89,744.98,20.03,0.262,1,44.79,8,0.533,0,0,0
6602.52,6,184.69,936.66,98.98,0.303,0,233.84,19,0.044,0,0,1
1537.54,6,160.91,75.71,77.88,0.209,0,103.46,1,0.154,0,0,0
5974.03,5,419.83,279.59,16.5,0.167,0,253.54,14,0.052,0,0,1
1118.55,11,328.4,820.72,27.21,0.367,0,37.79,5,0.263,0,1,0
2365.75,6,72.24,737.31,35.43,0.483,0,281.88,21,0.4,0,0,0
2229.09,3,212.81,882.61,41.85,0.362,1,132.57,8,0.247,0,1,1
1728.41,2,276.86,106.32,17.86,0.107,1,95.05,20,0.324,0,0,1
1173.02,4,431.73,579.4,38.19,0.381,2,74.16,7,0.316,0,0,0
2677.01,9,215.94,2100.52,74.2,0.114,0,182.64,2,0.09,0,0,0
716.11,8,377.02,2459.32,57.92,0.211,0,280.23,22,0.57,0,1,0
539.46,10,453.61,108.41,150.74,0.275,1,208.68,16,0.339,0,1,0
6265.58,9,101.31,1798.46,13.63,0.618,0,20.0,2,0.28,0,0,1
3741.22,3,257.76,687.32,56.7,0.37,0,228.07,6,0.238,0,1,0
1931.19,5,172.37,1118.43,149.48,0.328,2,63.37,12,0.48,0,0,0
9558.08,4,425.08,130.62,5.05,0.141,2,223.78,1,0.182,0,1,1
1383.31,5,318.83,1071.12,41.27,0.284,0,223.25,15,0.309,0,0,0
6786.59,6,197.81,58.98,208.0,0.209,0,251.94,12,0.403,0,0,1
2155.06,6,133.17,801.95,3.17,0.38,3,173.1,5,0.25,0,1,1
648.88,1,175.25,882.26,22.55,0.192,1,112.95,23,0.269,0,0,0
11476.31,6,136.65,874.26,4.44,0.375,2,229.82,12,0.419,0,0,1
4869.33,8,183.2,48.36,44.07,0.28,2,351.99,8,0.61,0,0,1
1601.95,6,175.43,387.86,95.77,0.421,0,71.45,12,0.29,0,0,0
3741.24,3,315.03,1091.3,13.85,0.074,0,71.78,18,0.636,0,0,1
1207.49,4,155.17,1274.92,11.42,0.117,1,143.72,0,0.456,0,1,0
4142.89,5,310.88,429.61,37.76,0.167,2,174.61,5,0.256,0,0,1
165.49,7,168.85,141.41,21.95,0.292,1,66.36,2,0.599,0,1,0
652.1,7,108.97,553.63,87.47,0.318,0,234.8,19,0.181,0,0,0
4813.89,3,220.2,840.46,7.19,0.312,1,240.75,12,0.576,0,0,0
1408.59,5,174.69,2024.61,122.94,0.168,0,135.49,4,0.848,0,1,0
2225.07,2,111.87,914.92,83.23,0.145,2,247.49,16,0.418,0,1,0
470.23,4,176.42,1383.75,0.76,0.367,1,346.85,15,0.133,0,0,0
11474.32,10,439.94,246.03,16.32,0.175,2,131.38,21,0.397,0,1,1
5946.33,2,200.69,1432.96,122.44,0.091,0,20.0,3,0.177,0,0,1
1479.29,6,285.01,757.34,96.62,0.043,0,144.05,8,0.364,0,0,0
1206.29,3,168.27,637.01,33.96,0.344,0,272.87,17,0.234,0,0,0
5062.44,6,343.94,248.34,39.63,0.579,1,107.31,3,0.135,0,0,1
13127.58,7,92.22,182.42,4.21,0.426,0,61.89,0,0.541,0,0,1
4692.69,4,387.72,627.99,80.42,0.17,1,278.05,5,0.432,0,0,1
15863.92,5,359.81,1776.35,3.97,0.146,0,82.75,17,0.494,0,0,1
718.85,3,235.87,214.7,51.63,0.275,0,142.08,5,0.171,0,0,0
796.81,8,443.67,261.35,6.05,0.424,3,354.43,4,0.18,0,1,1
550.63,4,346.21,2363.99,28.43,0.175,0,170.29,0,0.391,0,0,0
2812.31,5,531.99,21.57,22.32,0.642,1,213.4,16,0.437,0,1,1
2155.12,1,342.87,531.48,26.79,0.434,1,171.67,0,0.743,0,0,1
1553.16,5,118.67,601.92,43.07,0.484,3,126.86,20,0.526,0,0,0
4061.3,5,173.07,900.93,7.56,0.069,1,143.82,19,0.585,0,0,0
6200.15,4,360.34,172.52,12.62,0.278,1,136.23,15,0.165,0,0,1
393.21,3,71.33,677.81,5.57,0.522,2,182.91,9,0.248,0,0,0
995.28,5,242.35,92.75,52.92,0.146,0,260.33,9,0.493,0,1,0
4105.75,7,20.0,248.5,2.72,0.343,0,161.06,1,0.449,0,1,1
1132.59,7,362.84,12.18,53.71,0.199,1,239.6,14,0.378,0,1,0
813.86,6,236.78,483.25,180.58,0.071,0,253.23,8,0.34,0,0,0
5006.73,7,198.43,154.0,110.0,0.338,1,233.18,0,0.021,0,0,1
497.95,3,240.38,81.41,19.74,0.484,1,123.21,5,0.234,0,1,0
1337.32,5,164.78,337.65,12.09,0.379,0,252.31,5,0.366,0,0,0
2511.52,4,118.5,66.03,161.36,0.384,0,43.56,16,0.111,0,0,0
1018.6,5,255.56,873.5,29.33,0.281,1,153.33,2,0.246,0,0,0
3956.66,2,200.39,179.38,21.72,0.42,1,134.48,8,0.324,0,0,0
1023.64,3,131.22,991.05,6.74,0.13,2,300.45,18,0.891,0,0,0
7395.44,4,478.39,1465.35,9.11,0.269,1,307.75,17,0.103,0,0,1
1594.4,3,238.36,1081.66,67.69,0.251,0,220.58,15,0.611,0,1,0
3537.83,1,198.81,1151.25,11.24,0.304,1,123.96,15,0.19,0,0,1
3812.44,3,245.34,825.73,9.86,0.494,0,165.29,17,0.107,0,0,1
965.32,3,238.8,377.67,19.45,0.202,1,164.69,14,0.175,0,0,0
231.95,4,224.98,342.84,122.28,0.167,0,259.5,19,0.107,0,0,0
2593.48,8,79.2,673.21,44.5,0.352,0,216.58,23,0.234,0,0,0
1943.58,6,409.12,228.07,74.59,0.151,1,181.94,7,0.195,0,0,0
3152.11,7,151.54,338.07,63.45,0.374,2,123.42,22,0.669,0,1,1
1441.55,2,440.23,135.02,149.67,0.236,3,145.76,7,0.07,0,0,0
1175.65,4,109.13,1211.8,58.62,0.258,1,76.67,18,0.555,0,0,0
13473.4,7,360.56,1064.31,6.69,0.233,0,261.45,17,0.316,1,1,1
414.74,5,374.47,559.74,11.29,0.146,0,145.29,6,0.099,0,0,0
3766.68,5,259.12,369.09,60.67,0.419,1,129.58,11,0.515,0,0,1
1017.8,7,36.24,954.36,12.1,0.416,1,240.78,15,0.112,0,0,0
1292.35,4,263.08,70.78,87.63,0.073,1,199.83,14,0.293,0,0,0
1316.72,9,407.18,39.14,105.87,0.033,0,128.22,16,0.37,0,0,1
809.62,5,84.85,962.56,26.76,0.404,1,74.05,11,0.217,0,0,0
3201.02,4,204.02,638.92,24.09,0.391,0,195.17,3,0.578,0,0,1
7263.69,3,138.64,1057.12,6.44,0.374,2,96.93,17,0.561,0,1,1
2892.9,4,314.01,262.33,138.88,0.109,1,166.17,19,0.235,0,0,1
2004.97,5,446.54,91.7,33.38,0.182,1,310.83,9,0.48,0,0,1
674.22,6,249.37,449.64,61.56,0.53,1,99.09,5,0.306,0,0,0
3031.54,4,162.12,445.07,8.58,0.304,1,91.31,10,0.153,0,0,0
15620.66,5,476.68,1138.54,38.78,0.302,0,210.63,1,0.133,0,0,1
1235.59,4,277.34,104.21,75.07,0.142,0,213.05,15,0.291,0,0,0
1241.43,4,246.36,2336.14,45.55,0.112,0,249.09,8,0.349,0,0,0
1031.65,4,225.15,46.1,23.89,0.265,0,318.69,6,0.535,0,0,0
1108.3,5,116.83,300.26,47.72,0.387,0,221.41,1,0.635,0,0,0
116.13,3,332.94,971.23,270.84,0.265,0,147.34,0,0.319,0,0,0
2710.9,2,358.65,1011.16,57.39,0.345,0,264.21,10,0.401,0,0,1
776.23,3,218.18,669.72,34.97,0.418,1,200.52,19,0.191,0,1,0
361.31,1,333.87,58.87,96.68,0.496,1,221.51,19,0.475,0,0,0
3839.86,6,20.0,1552.36,31.82,0.355,0,83.42,18,0.083,0,0,0
612.77,6,218.2,805.69,30.09,0.418,0,190.84,12,0.296,0,0,0
1288.62,10,175.56,1137.79,40.76,0.503,2,340.14,1,0.345,1,1,1
7835.68,5,272.93,390.51,19.31,0.303,0,176.41,21,0.414,0,0,1
441.77,7,116.5,223.11,3.71,0.594,0,144.41,13,0.046,0,0,0
390.49,3,46.65,1018.64,23.67,0.147,1,362.37,11,0.196,0,0,0
2366.83,6,215.27,1352.16,65.54,0.376,1,240.91,22,0.261,0,0,0
5707.22,1,240.42,1339.27,33.43,0.266,2,254.13,14,0.406,0,1,1
374.52,4,394.39,1010.35,96.43,0.442,0,146.78,3,0.297,0,0,0
2718.1,4,313.98,119.68,10.06,0.417,0,232.09,8,0.461,0,0,0
3232.46,4,334.95,200.61,12.56,0.334,0,190.49,12,0.294,0,0,0
230.64,7,20.0,555.22,51.68,0.07,0,317.59,10,0.354,0,0,0
4017.85,5,380.52,566.37,85.32,0.195,2,286.38,13,0.294,0,1,1
4344.24,4,367.13,536.38,59.46,0.133,2,214.66,7,0.242,0,0,1
1323.74,5,308.29,1399.14,29.35,0.306,2,216.27,13,0.072,0,1,0
6325.51,8,20.0,107.17,107.39,0.334,0,132.21,7,0.313,0,0,1
5633.33,8,262.39,1257.19,56.27,0.498,1,178.47,13,0.253,0,0,1
2004.44,5,178.7,18.07,90.04,0.433,3,237.27,23,0.301,0,0,1
1151.19,4,205.93,312.15,117.1,0.216,0,251.66,6,0.201,0,0,0
683.46,9,157.72,175.02,37.74,0.353,2,169.2,3,0.608,0,1,0
1741.39,6,292.55,598.33,44.38,0.259,2,243.17,22,0.125,0,1,1
3196.33,2,106.41,593.69,54.96,0.34,1,277.9,23,0.306,0,0,0
1307.44,3,262.46,565.06,179.31,0.372,2,324.77,2,0.751,0,1,1
200.84,3,405.57,272.66,81.99,0.454,1,331.0,4,0.482,0,0,0
6429.9,6,185.97,590.18,1.78,0.103,0,38.24,22,0.112,0,0,1
2186.86,3,200.93,978.74,28.04,0.374,0,78.02,17,0.418,0,1,0
1236.91,4,98.78,400.4,101.51,0.534,0,159.67,22,0.298,0,0,0
4260.57,4,346.92,2112.03,1.85,0.097,0,82.29,15,0.348,0,0,1
8305.21,1,137.34,56.74,49.74,0.414,2,187.46,1,0.543,0,0,1
109.74,4,169.5,3480.48,145.03,0.28,0,280.71,22,0.208,0,0,0
2791.3,4,339.71,1146.33,18.69,0.19,1,235.62,6,0.438,0,1,0
434.13,6,301.81,719.5,64.04,0.46,1,141.6,17,0.219,0,1,0
2978.31,3,50.45,181.87,18.66,0.308,0,126.32,2,0.213,0,0,0
2054.79,1,314.83,789.6,51.09,0.344,1,109.15,20,0.648,0,1,1
3414.3,7,218.55,1295.93,137.82,0.114,0,106.18,20,0.039,0,0,0
1097.46,3,237.22,234.04,23.02,0.233,1,138.6,20,0.683,0,1,0
277.76,10,424.83,32.57,161.14,0.475,3,275.65,1,0.668,1,1,0
1152.43,3,352.58,467.8,24.08,0.407,1,203.03,16,0.318,0,0,0
2715.82,4,396.04,290.42,24.87,0.299,0,176.93,6,0.426,0,0,0
4991.0,3,134.54,269.66,72.24,0.35,1,91.64,23,0.314,0,1,1
560.13,2,426.88,1032.22,22.38,0.278,0,253.61,16,0.371,0,1,0
5049.58,4,155.16,128.17,19.86,0.201,0,202.01,6,0.206,0,0,1
945.89,5,163.64,841.99,10.27,0.231,0,103.87,10,0.257,0,0,0
2597.88,10,238.47,50.58,4.66,0.57,0,221.85,16,0.227,0,0,1
1085.84,3,315.26,2019.46,90.9,0.115,3,168.69,2,0.269,0,1,0
2169.32,5,400.6,705.68,32.31,0.276,0,192.51,9,0.467,0,0,0
4411.09,5,244.1,2138.71,52.64,0.525,2,68.59,6,0.176,0,0,1
530.06,3,459.83,1619.21,32.51,0.212,2,220.04,20,0.411,0,1,0
916.07,6,497.97,1631.15,23.44,0.451,0,218.2,17,0.492,0,1,0
2175.39,5,108.82,102.04,26.26,0.326,0,245.51,0,0.252,0,0,1
19961.96,2,412.14,952.27,4.14,0.307,1,105.78,9,0.512,0,0,1
762.66,3,265.19,409.19,56.03,0.091,0,190.95,12,0.223,0,0,0
13906.81,5,372.35,491.63,35.9,0.221,2,205.02,5,0.442,0,1,1
13418.95,8,121.75,261.8,3.43,0.18,0,241.87,16,0.545,0,0,1
1640.39,11,398.2,120.51,49.52,0.263,2,55.17,2,0.43,1,0,0
1341.91,6,184.97,292.59,11.76,0.746,1,171.15,4,0.476,0,1,0
905.0,7,383.02,637.96,7.45,0.156,2,198.38,19,0.629,0,1,0
1688.84,10,244.68,422.15,188.73,0.246,1,202.86,7,0.306,1,1,1
442.87,9,234.67,973.62,4.12,0.491,0,20.0,16,0.345,1,0,0
1675.32,5,249.89,1461.23,65.45,0.104,1,123.21,19,0.068,0,0,0
8077.84,4,339.77,189.3,59.7,0.186,1,151.72,6,0.195,0,0,1
981.34,5,249.87,46.35,36.88,0.197,1,143.92,15,0.366,0,1,0
1421.23,2,322.32,3754.5,4.47,0.716,1,176.64,23,0.467,0,0,0
329.92,5,250.86,1714.05,17.28,0.41,0,74.6,19,0.581,0,0,0
2628.22,6,104.43,246.44,8.79,0.347,1,116.44,14,0.238,0,0,0
2355.44,5,288.8,141.98,205.12,0.118,1,93.18,8,0.235,0,0,0
1926.97,3,300.06,2413.35,5.22,0.211,0,213.45,6,0.265,0,0,0
1455.6,7,80.04,211.63,0.63,0.276,0,121.92,23,0.415,0,0,0
1349.17,6,211.01,200.71,12.35,0.252,0,312.51,18,0.256,0,0,0
2986.63,3,335.23,93.08,76.79,0.237,1,20.0,23,0.197,0,0,1
1756.68,2,266.03,271.63,92.87,0.085,0,178.14,11,0.375,0,0,0
2477.42,10,299.79,1471.12,60.46,0.708,0,215.83,8,0.278,1,1,0
2241.68,6,200.9,674.86,28.39,0.247,0,94.77,11,0.244,0,0,0
5560.41,1,170.37,77.2,78.29,0.305,0,245.56,0,0.362,0,0,1
3558.14,6,289.37,2739.11,56.52,0.329,1,61.68,4,0.269,0,1,1
2192.64,4,20.0,620.35,253.11,0.392,1,236.06,21,0.434,0,0,0
8253.74,6,309.23,431.24,28.92,0.098,0,111.54,5,0.452,0,0,1
2752.51,9,374.06,1226.89,10.4,0.128,0,218.97,9,0.607,1,1,0
6667.25,8,335.85,657.42,3.44,0.309,0,154.23,18,0.192,0,0,1
3317.42,5,251.02,1808.91,48.92,0.169,0,43.3,22,0.477,0,0,0
286.6,3,383.45,969.47,136.33,0.406,0,248.83,1,0.236,0,0,0
6666.4,4,381.17,882.66,77.07,0.568,0,288.22,0,0.544,0,0,1
2069.74,4,70.86,329.69,65.89,0.102,0,210.29,13,0.183,0,0,0
1716.5,5,203.35,3669.42,36.45,0.446,1,244.63,21,0.519,0,1,0
2395.5,3,261.92,844.26,9.94,0.274,1,263.14,4,0.125,0,0,0
1280.51,4,271.03,466.54,16.03,0.111,1,144.45,1,0.183,0,0,0
2268.85,7,314.72,127.67,16.57,0.26,0,164.32,21,0.198,0,1,1
1000.37,7,312.06,648.9,54.68,0.247,2,118.19,12,0.17,0,0,0
6465.74,4,269.73,877.89,97.02,0.273,1,240.73,12,0.291,0,1,1
1613.9,5,327.09,371.49,7.36,0.26,0,188.6,7,0.147,0,0,0
1233.26,5,228.75,53.42,1.69,0.492,0,204.84,3,0.393,0,1,0
717.0,4,416.17,1281.21,35.82,0.231,0,119.32,19,0.137,0,0,0
2365.57,7,471.46,849.0,114.04,0.421,2,199.65,16,0.517,1,0,1
2180.06,3,402.11,923.04,162.46,0.639,1,130.91,12,0.11,0,0,0
2666.24,2,337.35,224.88,32.54,0.473,1,92.61,3,0.098,0,0,0
647.26,0,293.34,112.05,14.37,0.38,1,104.73,3,0.183,0,0,0
364.61,10,245.03,481.3,72.81,0.184,1,93.43,6,0.364,0,0,0
3379.87,3,330.74,220.91,9.28,0.595,0,260.71,19,0.095,0,0,1
7979.59,6,281.01,1214.86,86.87,0.138,0,97.22,0,0.922,0,1,1
647.84,6,380.88,607.36,101.72,0.265,0,225.18,8,0.527,0,0,0
8861.23,2,197.79,113.29,18.64,0.387,1,124.89,3,0.205,0,0,1
2401.65,2,384.82,174.78,10.13,0.575,0,27.7,5,0.135,0,0,0
1795.32,5,297.23,1743.25,5.9,0.025,1,224.16,20,0.154,0,1,1
1214.94,5,319.93,798.91,47.06,0.223,1,179.78,1,0.151,0,0,0
452.81,3,220.68,409.4,200.5,0.096,0,271.7,6,0.319,0,0,0
4854.83,4,244.27,1020.59,29.64,0.214,1,307.94,13,0.214,0,0,1
832.47,5,346.59,1323.86,15.3,0.297,0,206.94,23,0.219,0,0,0
828.98,7,420.24,97.21,87.9,0.238,0,85.7,14,0.458,0,1,0
4875.25,3,24.32,1476.03,62.47,0.269,0,179.26,14,0.139,0,0,1
275.07,5,247.83,2343.14,3.84,0.159,0,209.71,8,0.387,0,1,0
394.02,9,78.39,75.46,15.09,0.032,1,149.25,14,0.415,0,0,0
1775.55,6,217.56,313.34,23.35,0.193,0,20.0,10,0.302,0,0,0
2424.27,9,345.47,147.08,12.2,0.289,3,285.48,20,0.048,0,0,1
2935.8,8,338.11,449.63,107.24,0.316,0,178.87,3,0.094,0,0,0
1337.02,6,418.93,198.89,10.35,0.459,0,100.47,3,0.142,0,0,1
22705.66,3,277.08,360.03,78.77,0.16,0,176.64,1,0.356,0,0,1
1439.58,5,46.6,221.62,67.63,0.147,0,236.57,18,0.157,0,0,0
1435.42,6,271.45,2.88,0.61,0.169,0,239.84,4,0.164,0,1,0
814.86,6,387.73,15.39,16.36,0.167,0,196.11,8,0.362,0,0,0
2046.54,3,371.94,578.73,35.74,0.29,3,154.54,14,0.364,0,0,1
3344.13,3,337.16,576.55,12.37,0.107,0,65.73,7,0.255,0,0,0
6024.43,8,217.3,29.39,85.18,0.491,1,203.96,12,0.262,0,0,1
407.78,1,408.09,961.75,7.22,0.08,0,175.36,21,0.63,0,0,0
1413.76,4,266.32,21.8,9.11,0.41,1,355.82,16,0.588,0,1,0
2826.24,3,88.44,533.31,44.39,0.199,1,137.88,3,0.773,0,0,0
3252.1,1,184.51,402.3,1.19,0.42,1,105.19,1,0.356,0,0,0
1819.92,4,297.92,1716.47,248.63,0.259,0,193.14,0,0.469,0,0,1
3110.14,2,118.68,687.3,37.78,0.106,3,191.38,6,0.105,0,0,1
805.16,5,183.14,1382.67,52.72,0.407,1,220.42,4,0.403,0,0,0
8586.15,2,139.93,5000.0,14.57,0.132,2,103.15,6,0.271,0,0,1
4878.67,6,294.36,156.23,154.63,0.603,0,82.05,20,0.087,0,0,0
471.1,10,170.81,51.84,20.35,0.359,2,53.04,14,0.235,0,0,0
617.02,4,326.18,1191.46,6.84,0.218,1,140.92,10,0.79,0,1,0
634.65,6,254.14,798.86,30.34,0.557,1,218.67,13,0.612,0,1,0
3561.62,5,20.0,804.41,6.81,0.229,1,80.8,6,0.536,0,0,1
500.33,4,244.16,304.14,163.71,0.443,0,256.0,8,0.873,1,0,0
1298.51,6,136.48,86.46,35.16,0.162,0,192.93,22,0.467,0,0,0
2848.95,6,317.03,1021.83,45.84,0.355,1,402.42,21,0.449,0,1,1
1692.28,8,195.36,627.04,33.12,0.651,0,261.71,9,0.698,1,0,0
2342.3,6,364.72,556.92,13.24,0.623,1,214.17,15,0.439,0,1,0
622.78,5,400.16,1065.37,9.34,0.171,1,158.96,7,0.3,0,0,0
3277.56,9,164.82,3580.46,168.28,0.371,0,178.82,14,0.198,0,0,0
979.25,2,366.14,1078.36,19.09,0.209,2,218.62,17,0.241,0,1,0
1306.86,5,147.73,2181.66,3.0,0.528,1,166.18,8,0.391,0,0,0
2293.26,4,238.53,406.71,35.13,0.03,0,154.13,6,0.635,0,1,0
2004.36,3,226.15,1826.85,13.99,0.155,0,193.72,0,0.36,0,0,1
1851.92,7,189.68,1039.65,61.28,0.031,3,192.25,1,0.5,0,0,1
853.52,5,293.63,371.76,23.74,0.054,1,208.3,16,0.229,0,0,0
1340.03,4,394.18,568.93,135.44,0.219,0,47.78,13,0.482,0,1,0
1811.99,2,305.77,180.91,28.6,0.266,2,264.37,18,0.52,0,0,1
457.11,6,240.99,67.87,56.41,0.309,0,254.65,15,0.281,0,1,0
1138.5,7,87.96,504.04,94.61,0.25,1,65.36,15,0.234,0,0,0
2664.26,4,20.0,3994.43,99.59,0.396,0,120.02,7,0.23,0,0,1
503.99,3,212.37,1634.94,40.35,0.074,1,138.16,5,0.127,0,0,0
5747.85,7,53.06,13.4,81.37,0.148,0,213.63,5,0.129,0,0,1
6435.68,9,114.65,2801.03,14.24,0.188,1,285.62,8,0.164,0,0,1
520.53,6,277.42,506.3,46.11,0.026,1,185.76,8,0.422,0,0,0
7027.73,3,117.06,157.7,1.69,0.249,0,91.1,13,0.339,0,0,1
1566.22,8,168.65,1970.98,20.31,0.258,4,148.99,9,0.302,0,0,0
2747.69,10,279.78,2070.67,21.22,0.383,1,132.38,9,0.457,0,0,0
1100.31,5,281.13,1501.43,103.46,0.339,2,130.25,19,0.057,0,0,0
4550.74,5,204.04,776.77,32.09,0.289,1,178.8,8,0.214,0,0,1
2713.77,7,66.23,215.96,67.48,0.108,1,239.24,11,0.299,0,1,1
800.99,1,200.19,220.56,31.85,0.418,0,190.39,2,0.417,0,0,0
563.86,5,266.72,2695.24,18.84,0.278,2,108.6,18,0.59,0,1,0
419.77,5,253.55,261.48,140.24,0.05,1,308.11,11,0.461,0,1,0
2181.88,5,373.4,439.23,48.99,0.477,1,259.49,20,0.554,0,0,1
3205.01,4,187.89,1118.13,51.23,0.18,0,302.3,2,0.469,0,0,1
3466.73,6,85.49,1387.53,33.78,0.333,1,149.98,4,0.189,0,0,0
1606.83,7,211.86,423.99,10.27,0.469,1,49.03,11,0.104,0,0,0
568.5,8,205.66,402.86,90.07,0.099,1,74.1,22,0.08,0,0,0
914.09,6,263.72,353.27,67.06,0.329,0,142.93,13,0.796,0,0,1
5723.57,4,410.7,393.31,24.04,0.603,4,158.69,9,0.158,0,1,1
1113.62,2,118.42,1136.07,138.17,0.055,2,183.76,5,0.613,0,0,0
2086.86,5,290.31,51.16,21.07,0.364,1,160.79,19,0.517,0,1,1
616.68,5,300.23,1288.19,1.99,0.199,0,109.96,1,0.762,0,1,0
2531.54,6,223.33,193.48,15.12,0.314,0,289.77,19,0.16,0,0,1
1144.03,4,257.4,140.88,22.99,0.38,0,277.08,0,0.414,0,0,0
5149.8,7,244.73,102.97,85.79,0.472,2,174.41,1,0.109,0,0,1
3918.87,5,254.31,214.9,77.47,0.268,0,187.31,14,0.51,0,0,1
1101.35,4,503.89,1435.98,28.32,0.48,1,285.88,8,0.334,0,1,0
1592.94,3,312.06,617.7,60.35,0.305,0,327.88,23,0.386,0,0,1
1041.99,3,133.43,250.64,12.96,0.466,2,180.52,1,0.11,0,1,1
437.28,5,259.34,164.58,110.65,0.173,1,78.16,1,0.468,0,0,0
767.05,4,553.85,1174.13,3.17,0.42,0,214.55,10,0.398,0,1,1
2204.41,3,229.57,563.36,25.44,0.629,0,20.0,22,0.343,0,0,0
2503.04,4,20.0,102.52,82.86,0.219,1,237.72,1,0.589,0,0,0
2097.6,7,165.0,376.26,35.74,0.575,2,228.04,2,0.53,0,0,1
1337.11,7,224.48,470.98,84.03,0.047,1,215.66,17,0.219,0,0,1
4596.57,1,228.67,349.5,9.09,0.332,0,71.12,21,0.197,0,0,1
1926.66,4,432.86,246.51,14.51,0.591,2,359.39,21,0.369,0,1,0
3652.82,9,307.03,319.24,25.45,0.08,2,95.2,0,0.363,0,0,1
306.81,14,186.21,1074.49,98.0,0.291,3,273.33,19,0.425,0,1,0
50.0,3,299.5,2446.88,157.51,0.414,1,100.31,16,0.266,0,0,0
2401.35,7,218.29,20.95,2.92,0.611,0,182.62,23,0.729,0,0,0
434.95,4,220.55,788.55,140.99,0.174,0,114.33,0,0.195,0,0,0
1461.98,4,420.36,60.46,59.9,0.327,0,224.14,21,0.647,0,0,0
1336.62,4,449.06,180.69,33.07,0.381,3,257.46,17,0.221,0,1,0
8843.17,6,315.09,628.92,13.97,0.198,2,210.34,14,0.102,0,0,1
2697.27,11,177.13,1263.62,16.69,0.256,0,137.29,15,0.378,0,0,0
2134.23,7,449.15,457.56,54.56,0.058,1,302.82,0,0.53,0,1,0
4175.51,8,305.34,1692.69,27.27,0.388,2,24.64,0,0.087,0,1,1
2613.64,2,274.18,1006.36,1.59,0.038,0,251.05,17,0.341,0,0,0
1144.04,5,167.44,172.28,169.2,0.164,1,58.23,8,0.365,0,0,0
5278.92,5,232.06,927.23,54.79,0.177,0,268.59,14,0.356,0,1,1
596.01,2,524.65,306.64,77.81,0.28,3,257.78,10,0.681,0,1,0
2498.0,3,20.14,1164.38,51.53,0.032,1,147.57,12,0.237,0,0,0
384.69,6,589.2,209.72,62.57,0.346,0,170.71,7,0.179,0,1,1
2217.07,7,451.33,124.85,2.0,0.178,2,126.55,18,0.407,0,1,1
2192.92,4,426.87,812.33,24.65,0.205,1,134.11,1,0.457,0,0,1
9666.82,5,300.31,766.99,136.98,0.087,0,208.97,7,0.109,0,0,1
378.05,5,193.47,681.73,157.28,0.185,0,274.16,12,0.53,0,1,0
991.39,2,189.36,222.92,126.0,0.314,0,238.25,10,0.24,0,0,0
4116.19,3,96.26,184.52,334.68,0.122,0,255.26,21,0.323,0,0,0
2528.34,6,215.49,1948.35,3.65,0.187,0,302.48,4,0.58,0,1,0
2165.28,8,225.14,608.56,3.29,0.249,0,226.72,5,0.507,0,0,0
694.97,8,310.12,417.42,134.99,0.23,2,265.03,1,0.086,0,0,0
1001.43,4,95.26,1369.45,1.54,0.267,1,134.4,10,0.463,0,0,0
6279.47,3,133.26,41.69,108.23,0.061,0,209.62,14,0.764,0,1,1
1717.27,6,97.73,901.6,104.29,0.306,5,185.02,7,0.282,0,1,0
2631.63,6,290.82,127.59,38.96,0.164,0,149.78,15,0.195,0,0,1
1611.32,4,330.42,205.08,106.16,0.287,2,143.11,4,0.188,0,0,0
553.86,3,408.04,816.13,58.2,0.147,1,275.42,17,0.141,0,1,0
4599.99,4,151.67,262.46,9.41,0.492,1,266.18,8,0.153,0,0,1
2990.61,2,222.56,1204.17,92.93,0.235,2,315.17,13,0.221,0,0,0
18135.69,7,137.93,584.81,25.63,0.524,2,130.98,4,0.152,0,0,1
654.86,5,147.07,312.04,12.25,0.513,1,129.0,15,0.276,0,0,0
4115.74,7,306.02,1599.81,188.94,0.193,0,126.32,5,0.501,0,1,1
487.09,5,570.35,792.89,57.72,0.352,0,258.92,15,0.464,0,1,1
2116.13,6,186.43,437.52,10.24,0.207,1,220.3,9,0.364,0,0,0
4800.65,5,48.91,483.26,102.2,0.374,0,198.96,11,0.303,0,0,1
227.66,5,482.25,250.21,87.07,0.354,2,20.0,18,0.289,0,0,0
1473.02,8,49.09,91.86,5.44,0.144,0,20.0,21,0.073,0,0,0
1029.46,7,208.5,288.3,6.77,0.235,2,190.23,10,0.593,0,1,0
896.09,3,254.97,245.56,12.66,0.469,2,283.95,21,0.259,0,0,1
2657.69,5,367.86,327.22,115.0,0.075,1,256.96,0,0.505,0,1,0
5545.19,6,416.41,506.65,64.59,0.503,0,147.84,0,0.471,0,0,1
1582.44,5,220.22,52.09,115.89,0.229,1,249.03,16,0.245,0,0,0
2220.5,6,480.58,89.64,93.14,0.259,4,273.9,15,0.587,0,1,1
2026.99,4,223.54,1045.79,38.06,0.129,0,193.23,3,0.301,0,1,0
1811.31,4,90.4,162.08,2.61,0.446,0,238.53,18,0.134,0,0,0
608.29,7,242.16,331.17,63.81,0.25,0,226.19,23,0.131,0,0,0
5477.72,7,218.5,810.57,47.98,0.12,1,374.93,12,0.674,0,0,1
2428.9,5,194.63,3015.88,13.21,0.092,0,168.04,18,0.095,0,0,0
2683.51,8,366.15,114.16,129.13,0.454,2,114.86,6,0.521,0,0,1
807.13,7,66.64,1132.97,58.07,0.192,1,20.0,6,0.364,0,0,0
1142.28,6,320.43,540.69,81.09,0.194,0,35.72,20,0.28,0,0,0
1516.05,6,257.64,78.77,74.83,0.456,1,165.32,10,0.29,0,0,0
389.89,6,116.39,148.08,6.79,0.111,2,137.76,19,0.443,0,0,0
334.28,6,268.57,947.99,16.4,0.126,3,317.75,5,0.471,0,1,0
991.53,5,432.87,1692.62,71.65,0.282,1,124.89,18,0.583,0,0,0
3048.85,4,325.26,9.76,43.8,0.605,0,175.89,0,0.273,0,0,1
940.92,5,181.31,201.68,6.67,0.25,1,20.0,12,0.589,0,0,0
652.75,6,351.32,354.49,27.53,0.444,0,20.0,13,0.417,0,0,0
800.56,10,94.42,3593.37,13.67,0.027,0,224.49,17,0.698,0,0,0
1146.72,3,305.21,844.9,68.78,0.264,1,384.01,0,0.498,0,1,0
1269.2,4,448.27,358.06,7.4,0.566,3,233.44,15,0.06,0,1,1
15764.59,3,98.91,180.2,47.49,0.285,3,229.14,0,0.439,0,1,1
5190.68,7,368.72,205.75,1.42,0.311,1,138.01,22,0.264,0,0,1
5038.05,3,124.0,40.6,58.72,0.19,0,166.56,2,0.462,0,0,0
5817.24,4,244.68,4186.23,4.68,0.497,1,96.44,5,0.254,0,0,1
665.93,5,65.99,3224.48,6.88,0.307,0,70.79,18,0.449,0,0,0
532.53,4,388.91,9.0,32.64,0.512,2,142.44,22,0.232,0,1,1
597.72,3,114.68,252.65,0.54,0.213,1,237.03,6,0.546,0,0,0
6867.16,3,218.58,16.53,190.95,0.404,1,192.36,2,0.561,0,1,1
1046.08,6,400.16,287.33,15.76,0.287,0,143.06,14,0.223,0,0,0
517.31,6,315.76,1852.18,0.24,0.121,0,142.0,21,0.036,0,0,0
1174.98,5,359.82,1662.11,99.86,0.12,3,97.82,1,0.449,0,1,0
1424.24,3,373.12,924.01,3.45,0.233,0,141.86,1,0.402,0,1,0
2364.72,4,298.55,3483.04,103.74,0.111,1,117.27,22,0.269,0,0,0
2323.78,4,482.53,1096.37,80.16,0.161,0,171.44,8,0.204,0,0,0
789.83,6,317.14,221.04,6.45,0.262,0,233.59,13,0.087,0,0,0
3589.1,4,231.62,1441.17,6.0,0.522,2,287.45,13,0.097,0,0,1
954.14,4,213.9,567.31,67.83,0.11,1,271.6,12,0.79,0,1,0
1546.46,5,211.13,560.89,76.9,0.082,2,196.33,4,0.248,0,1,0
3593.11,4,242.55,1431.46,23.56,0.46,1,157.63,23,0.146,0,0,0
951.63,4,362.3,611.44,104.54,0.068,0,42.79,10,0.042,0,0,0
1023.16,6,89.64,317.13,11.06,0.085,1,304.39,9,0.192,0,0,0
3267.13,7,20.56,2113.2,47.18,0.033,0,243.7,3,0.454,0,0,0
766.83,5,33.03,61.13,26.84,0.06,1,201.17,15,0.19,0,0,0
1230.54,4,138.5,857.83,20.3,0.127,1,189.18,16,0.328,0,0,0
3151.84,11,254.25,1231.31,38.56,0.238,0,189.1,3,0.313,0,0,0
14102.29,6,415.38,42.08,18.03,0.041,2,68.02,10,0.042,0,0,1
3312.32,2,251.15,213.64,12.6,0.555,0,125.88,6,0.736,0,0,1
2900.5,8,281.77,202.1,38.88,0.447,0,194.1,8,0.252,0,0,1
3074.2,4,318.42,1760.54,37.48,0.372,1,187.43,5,0.493,0,1,0
618.2,5,338.9,840.57,83.16,0.327,0,177.88,11,0.586,0,1,0
2029.61,5,409.57,195.64,52.58,0.207,0,94.34,19,0.304,0,0,1
1755.02,7,195.33,1924.42,20.37,0.443,0,249.76,11,0.327,0,0,0
2493.85,4,201.97,223.45,58.17,0.23,2,130.32,21,0.347,0,0,0
2031.46,2,194.13,867.81,6.2,0.289,0,137.47,13,0.807,0,0,1
2643.08,5,427.89,481.8,10.02,0.167,2,22.73,23,0.259,0,1,0
1324.16,6,349.96,82.17,44.13,0.144,0,186.76,16,0.38,0,0,0
1917.18,3,267.54,1119.5,40.7,0.125,2,248.91,13,0.266,0,0,0
529.63,5,517.09,317.63,37.77,0.251,1,231.13,10,0.325,0,1,0
1313.03,5,209.17,357.04,50.28,0.435,2,322.35,6,0.495,0,0,0
7265.07,5,133.7,193.22,8.38,0.463,1,146.43,0,0.426,0,0,1
2486.94,6,86.32,1304.81,80.78,0.199,2,162.54,0,0.556,0,1,0
1770.61,4,312.68,139.51,104.14,0.135,2,158.15,19,0.415,0,1,0
12041.61,4,97.41,196.95,36.81,0.202,0,20.0,11,0.337,0,0,1
463.67,7,329.15,417.62,57.73,0.048,1,187.53,0,0.269,0,1,0
596.18,7,215.3,128.91,85.65,0.138,1,176.91,18,0.212,0,0,0
10023.74,6,170.55,95.75,52.53,0.337,1,314.53,0,0.514,0,1,1
1893.08,5,349.14,590.0,28.5,0.43,0,147.7,13,0.421,0,0,1
1418.59,3,177.43,2455.68,57.48,0.109,1,214.21,0,0.248,0,0,0
545.01,6,161.44,1294.69,133.5,0.468,1,299.16,16,0.347,0,1,0
2829.05,5,246.67,155.95,16.88,0.595,1,78.37,13,0.466,0,0,0
3116.48,6,179.74,708.6,80.78,0.489,0,355.4,7,0.389,0,0,1
605.17,4,345.86,1262.2,297.19,0.381,2,180.68,15,0.754,0,0,0
1571.4,12,419.8,125.26,71.96,0.456,0,244.91,12,0.3,1,0,0
1292.69,5,527.55,68.37,18.61,0.343,0,321.71,15,0.459,0,1,1
2335.49,4,197.24,1773.9,6.51,0.432,1,255.47,2,0.175,0,1,0
590.37,8,172.51,224.88,39.32,0.378,4,291.44,15,0.675,0,1,1
6322.99,3,80.44,551.13,6.18,0.401,0,282.15,13,0.242,0,0,1
4518.0,5,295.9,187.31,30.96,0.111,1,240.65,11,0.526,0,0,0
1257.43,7,401.12,39.06,20.53,0.515,0,180.62,2,0.279,0,0,1
1456.19,3,97.47,575.94,32.29,0.157,0,115.21,18,0.232,0,0,0
1577.47,5,74.21,456.86,18.91,0.058,0,207.59,2,0.447,0,0,0
830.22,5,596.72,1037.12,93.18,0.184,1,207.94,1,0.297,0,0,0
1160.46,4,93.48,1558.26,28.73,0.462,2,127.75,2,0.361,0,0,0
1379.85,3,165.72,122.17,5.54,0.084,2,78.14,4,0.202,0,0,0
9071.28,4,20.0,150.65,51.89,0.266,0,111.58,22,0.04,0,0,1
4659.29,2,20.0,2400.65,75.34,0.132,2,373.41,10,0.119,0,1,1
4603.88,4,224.7,432.96,27.65,0.147,0,138.24,14,0.299,0,0,1
2617.37,5,405.49,2441.09,46.52,0.512,2,94.5,23,0.204,0,0,1
591.51,7,248.34,330.51,29.54,0.708,2,165.53,12,0.504,0,1,0
1734.56,4,20.0,341.8,11.22,0.06,2,117.59,3,0.149,0,0,0
4771.85,5,241.99,982.02,45.44,0.202,1,94.69,1,0.377,0,0,1
513.75,4,47.95,81.6,60.41,0.145,1,291.56,4,0.629,0,0,0
3417.12,1,124.09,426.14,14.33,0.168,0,187.47,5,0.21,0,0,0
18446.12,10,259.77,383.05,61.84,0.455,0,58.25,7,0.246,1,0,1
5228.17,5,231.2,28.78,98.29,0.317,4,71.34,14,0.458,0,0,1
7435.56,7,278.63,299.89,124.51,0.58,0,106.85,20,0.299,0,1,1
2249.22,5,376.15,406.68,9.47,0.584,1,221.15,14,0.363,0,0,1
4759.66,6,244.58,47.79,9.16,0.24,3,169.96,12,0.348,0,1,1
881.96,3,157.12,16.28,101.72,0.057,2,290.11,12,0.32,0,1,0
4007.26,5,317.81,732.76,57.7,0.517,2,110.45,2,0.486,0,1,1
3478.61,2,47.97,184.38,6.95,0.474,0,133.43,12,0.212,0,0,0
2416.1,4,256.21,360.25,34.17,0.308,0,251.6,11,0.406,0,0,0
6741.3,3,405.01,66.76,71.31,0.086,0,124.8,17,0.182,0,0,1
1054.91,4,166.53,85.09,11.1,0.476,0,149.76,21,0.18,0,0,0
1499.58,5,177.26,134.2,120.62,0.081,0,92.92,11,0.544,0,0,0
1989.15,5,472.63,24.21,100.48,0.197,1,102.03,23,0.731,0,1,0
645.73,5,277.3,1149.68,45.02,0.053,0,299.52,8,0.072,0,0,0
2268.63,3,262.3,1892.9,75.19,0.686,0,175.93,4,0.356,0,0,0
324.11,5,282.72,590.75,8.05,0.136,0,132.52,15,0.199,0,0,0
5151.04,8,137.88,1356.13,14.26,0.178,0,20.0,11,0.252,0,0,1
1894.36,7,388.05,116.53,74.43,0.213,0,217.54,18,0.213,0,0,0
1073.96,3,436.78,477.22,29.38,0.17,0,227.14,8,0.511,0,0,0
784.95,3,215.82,123.45,9.98,0.207,0,149.53,10,0.305,0,0,0
1429.99,9,298.97,4286.01,17.13,0.106,1,260.28,0,0.272,0,1,0
3598.45,4,365.69,47.91,48.67,0.575,0,64.9,10,0.184,0,0,0
3126.72,3,371.38,469.58,2.1,0.189,1,262.45,18,0.162,0,0,1
892.89,2,387.71,95.25,8.02,0.195,1,114.37,16,0.322,0,0,0
775.85,2,72.71,56.91,11.32,0.255,0,204.17,8,0.268,1,0,0
3487.35,7,331.32,1062.36,109.23,0.503,1,166.47,5,0.303,1,0,1
878.01,2,433.85,66.82,109.33,0.223,0,207.29,22,0.439,0,0,0
1919.67,7,320.6,19.4,11.94,0.291,0,187.95,7,0.502,0,1,0
2046.23,4,435.2,2390.96,45.59,0.561,4,170.27,4,0.301,0,0,1
2470.22,8,249.24,163.42,22.33,0.185,1,225.99,17,0.328,0,0,1
4265.31,14,295.82,1488.57,2.58,0.047,0,288.77,21,0.776,1,0,0
511.34,4,245.77,2445.76,8.33,0.142,2,249.24,7,0.362,0,1,0
267.43,6,314.36,1115.37,0.27,0.139,3,218.72,3,0.306,0,0,1
1025.11,7,345.35,87.68,207.48,0.231,2,185.21,20,0.195,0,0,0
10954.75,7,107.94,149.52,52.45,0.05,0,20.0,8,0.148,0,0,1
13659.28,6,258.93,157.92,7.11,0.115,1,133.42,21,0.223,0,1,1
11284.41,8,253.32,848.92,66.13,0.192,1,188.86,10,0.093,0,0,1
1490.73,4,184.72,158.34,47.38,0.318,3,184.63,2,0.453,0,0,0
304.26,4,288.43,24.35,11.61,0.648,1,152.91,17,0.26,0,1,0
173.64,3,144.69,490.82,33.97,0.317,0,20.0,4,0.305,0,0,0
978.44,3,143.82,711.48,47.16,0.452,1,330.36,20,0.603,0,0,0
1483.15,6,172.86,493.55,22.47,0.057,2,229.85,4,0.139,0,0,0
6638.39,5,101.04,537.34,159.26,0.166,1,39.97,5,0.801,0,0,1
4306.18,8,164.56,488.26,4.98,0.326,1,47.35,5,0.362,0,0,1
2269.7,7,468.19,246.78,6.74,0.44,0,160.18,3,0.177,1,1,0
742.6,5,116.58,2496.95,97.11,0.345,0,215.91,21,0.099,0,0,0
691.75,5,141.63,1456.55,14.4,0.102,2,268.89,5,0.314,0,1,0
2331.17,5,265.56,311.89,6.98,0.137,0,188.62,18,0.261,0,0,0
3630.23,4,123.87,32.38,24.47,0.033,0,308.75,16,0.836,0,1,1
2675.47,2,141.74,1561.53,9.22,0.376,1,141.76,11,0.343,0,0,1
642.52,1,104.43,1084.54,35.1,0.177,0,216.48,7,0.501,0,0,0
3465.69,4,251.78,67.79,66.15,0.161,0,36.05,2,0.225,0,0,0
2768.08,5,221.96,957.9,70.45,0.198,3,249.2,6,0.055,0,0,0
619.76,2,303.78,482.08,18.06,0.363,0,264.3,6,0.356,0,1,0
825.24,4,274.71,111.73,58.57,0.054,1,172.2,11,0.52,0,0,0
3599.3,5,389.18,1031.96,168.27,0.516,1,192.49,8,0.588,1,0,1
1430.09,6,186.09,351.67,0.37,0.078,0,103.79,21,0.287,0,0,0
8858.63,7,109.74,1930.27,51.98,0.253,1,219.28,0,0.312,0,0,1
2984.33,9,147.79,35.07,34.62,0.137,1,302.23,13,0.078,0,0,0
1111.39,5,466.82,2215.85,25.06,0.178,1,78.8,1,0.535,0,0,0
1789.68,3,20.0,73.67,11.74,0.041,0,92.12,18,0.12,0,0,0
1926.35,5,383.45,29.46,6.62,0.485,0,217.07,21,0.025,0,0,0
872.72,5,382.59,697.43,126.86,0.162,1,74.16,10,0.129,0,0,0
725.9,3,281.87,754.43,1.55,0.491,0,226.33,9,0.579,0,0,0
3646.01,6,140.75,176.17,31.73,0.186,1,118.13,6,0.202,0,0,0
4210.23,5,313.0,1669.9,11.46,0.218,0,112.92,6,0.314,0,0,1
3306.95,12,151.0,1295.7,7.97,0.052,0,303.65,14,0.175,0,1,0
8228.16,4,191.49,265.67,21.74,0.292,1,226.37,4,0.457,0,0,1
1051.77,3,276.97,468.26,19.0,0.082,0,243.19,14,0.182,0,0,0
9645.73,6,189.49,1223.45,30.97,0.017,2,306.95,7,0.111,0,0,1
734.42,4,118.17,1433.54,33.98,0.13,0,138.64,7,0.339,0,0,0
656.76,5,226.61,1272.77,35.09,0.335,0,106.16,15,0.118,0,0,0
311.08,2,309.97,249.49,7.07,0.103,2,262.02,14,0.124,0,1,0
1157.72,10,387.35,1159.62,9.36,0.148,0,245.51,21,0.417,0,1,0
1092.56,3,329.72,801.05,19.59,0.333,1,106.99,23,0.28,0,0,0
3059.29,3,435.85,597.64,4.21,0.067,2,128.37,23,0.058,0,0,1
2307.43,7,279.89,2650.19,89.58,0.467,1,134.29,2,0.125,0,0,1
548.41,2,228.03,729.11,5.14,0.285,0,369.09,22,0.191,0,0,0
1220.81,5,463.43,1624.45,12.96,0.486,1,216.09,4,0.118,0,1,1
1247.05,3,204.51,1116.55,50.7,0.422,1,101.2,4,0.621,0,0,0
306.13,1,354.98,36.91,133.19,0.06,3,25.79,19,0.261,0,0,0
677.94,5,400.79,248.41,7.23,0.342,1,221.23,6,0.503,0,1,0
836.47,5,20.0,751.57,28.91,0.338,0,171.36,12,0.395,0,0,0
7582.7,3,255.47,461.42,17.63,0.379,0,289.37,18,0.185,0,0,1
2189.55,9,118.19,2489.7,32.7,0.215,1,241.49,17,0.48,0,0,0
3505.78,6,111.09,700.92,28.83,0.117,1,20.0,13,0.563,0,1,0
403.98,3,149.6,2117.01,43.09,0.466,1,330.34,20,0.448,0,0,0
5968.28,4,32.98,184.43,2.18,0.063,0,156.14,12,0.458,0,0,1
6641.56,6,347.86,1824.36,88.32,0.36,0,83.74,14,0.29,0,0,1
245.1,2,217.2,616.27,1.68,0.252,0,235.18,22,0.329,0,0,0
893.09,5,379.54,192.72,42.48,0.262,2,102.2,12,0.456,0,1,0
2968.36,5,284.03,395.74,84.13,0.093,1,68.27,7,0.602,0,1,0
3444.0,4,243.86,2774.61,6.12,0.338,0,124.58,3,0.244,0,0,1
